嵌入式软件（摄像头IQ调试）,深圳市昊微科技有限公司,大专,5K-7K,[],1-3年
嵌入式软件工程师（行车记录仪）,深圳市昊微科技有限公司,大专,6.5K-13K,"['每年多次调薪', '全勤奖', '加班补助', '绩效奖金', '带薪年假']",1-3年
Python（爬虫）工程师,深圳洪堡科技有限公司,大专,10K-15K,"['五险一金', '节日福利', '带薪年假', '员工旅游', '定期体检']",1-3年
急聘:Python开发/爬虫/实习生,深圳市宇达计算机有限公司,学历不限,3.5K-7K,"['14薪', '包住', '大牛带队', '公司重点项目', '绩效奖金']",不限
python,深圳市乐瀛科技有限公司,大专,15K-20K,"['五险一金', '带薪年假', '定期体检', '周末双休', '定期团建']",3-5年
Python开发助理/包住/高福利,深圳市创联测试技术有限公司,大专,3.5K-7K,"['五险一金', '绩效奖金', '年终分红', '包吃', '包住']",不限
python后台开发工程师,深圳方德人力资源服务有限公司,本科,15K-30K,[],3-5年
python开发,上海速强信息技术股份有限公司,本科,10K-15K,"['五险一金', '弹性工作', '员工旅游', '定期体检', '节日福利']",1-3年
中级Python开发工程师,深圳锐链科技有限公司,本科,10K-15K,"['五险一金', '加班补助', '绩效奖金', '弹性工作', '带薪年假']",3-5年
Python开发工程师,易宝软件科技(南京)有限公司,本科,15K-20K,"['五险一金', '绩效奖金', '带薪年假', '定期体检', '弹性工作']",3-5年
python后端开发,中软国际科技服务有限公司,本科,薪资面议,"['五险一金', '绩效奖金', '带薪年假', '弹性工作', '加班补助']",不限
python测试开发工程师,广州安正软件股份有限公司,大专,10K-15K,"['周末双休', '五险一金', '节日福利', '带薪年假', '餐补']",3-5年
编程老师/Python/JAVA/明星代言,深圳市童程童美教育有限公司,本科,8K-15K,"['五险一金', '绩效奖金', '餐补', '节日福利', '全额公积金']",不限
编程老师/Python/JAVA/上市,深圳市童程童美教育有限公司,大专,8K-15K,"['五险一金', '绩效奖金', '餐补', '节日福利', '全额公积金']",不限
Python开发工程师,FORISLIMITED,本科,50K-100K,"['五险一金', '带薪年假', '弹性工作', '生日福利', '创业公司']",5-10年
SFJ-Python开发工程师（供应链算法方向）,顺丰科技有限公司,本科,薪资面议,"['五险一金', '周末双休', '餐补', '弹性工作', '带薪年假']",3-5年
高级开发工程师（C++或Python）,深圳证券通信有限公司,本科,18K-29K,"['五险一金', '年底双薪', '绩效奖金', '带薪年假', '定期体检']",1-3年
python开发工程师,深圳市睿服科技有限公司,本科,10K-15K,"['五险一金', '年底双薪', '包吃', '包住', '餐补']",3-5年
腾讯-APP后端开发，python+PHP,中软国际科技服务有限公司,本科,薪资面议,"['五险一金', '节日福利', '员工旅游', '免费班车', '餐补']",1-3年
【腾讯】数据分析运营（SQL、PYTHON）,中软国际科技服务有限公司,本科,薪资面议,"['五险一金', '定期体检', '弹性工作', '带薪年假', '周末双休']",1-3年
python开发工程师,中软国际科技服务有限公司,本科,薪资面议,"['五险一金', '周末双休', '绩效奖金', '加班补助', '带薪年假']",3-5年
Python 爬虫工程师,中软国际科技服务有限公司,本科,薪资面议,"['五险一金', '绩效奖金', '带薪年假', '弹性工作', '节日福利']",3-5年
python开发,中软国际科技服务有限公司,本科,薪资面议,['五险一金'],1-3年
高级Python开发工程师,上海岱美企业管理咨询有限公司,本科,20K-30K,"['节日福利', '员工旅游', '五险一金', '带薪年假', '每年多次调薪']",3-5年
python,中软国际科技服务有限公司,本科,薪资面议,[],3-5年
python开发,纬创软件(珠海),本科,10K-20K,"['五险一金', '带薪年假', '员工旅游', '节日福利', '周末双休']",不限
python开发工程师（粤语）,纬创软件(珠海),本科,10K-20K,"['五险一金', '年底双薪', '绩效奖金', '带薪年假', '节日福利']",1-3年
Python开发,深圳市德科信息技术有限公司,本科,10K-15K,"['周末双休', '五险一金', '补充医疗保险', '年底双薪', '弹性工作']",3-5年
Python开发助理/包住/高绩效,深圳市创联测试技术有限公司,大专,3.5K-7K,"['五险一金', '绩效奖金', '年终分红', '包吃', '包住']",不限
python工程师（粤语）,纬创软件(珠海),本科,10K-18K,"['五险一金', '年底双薪', '绩效奖金', '带薪年假', '节日福利']",1-3年
python开发,中软国际科技服务有限公司,本科,薪资面议,"['五险一金', '周末双休', '节日福利', '定期团建', '带薪年假']",1-3年
Python开发（后海),深圳市德科信息技术有限公司,大专,10K-15K,"['周末双休', '五险一金', '补充医疗保险', '年底双薪', '弹性工作']",3-5年
IT培训讲师（Python）,中公教育广东分公司,本科,10K-15K,"['五险一金', '绩效奖金', '弹性工作', '带薪年假', '定期体检']",不限
python + 助理岗/开发方向-爬虫,深圳市创联测试技术有限公司,学历不限,3.5K-7K,"['14薪', '包住', '大牛带队', '公司重点项目', '项目奖金']",不限
python,武汉佰钧成技术有限责任公司,本科,15K-25K,"['五险一金', '定期体检', '节日福利', '免费停车', '免费班车']",3-5年
阿斯麦-Python半导体测试工程师,北京外企德科人力资源服务上海有限公司,本科,10K-15K,"['五险一金', '带薪年假', '绩效奖金', '节日福利', '试用期全额']",1-3年
Python开发（后台）,深圳市博悦科创科技有限公司,本科,9K-15K,"['周末双休', '节日福利', '五险一金', '员工旅游', '定期体检']",1-3年
python实习助理/双休,深圳智联慧通技术有限公司,大专,6K-8K,"['14薪', '五险一金', '全勤奖', '餐补', '房补']",无经验
python开发,深圳市拓保软件有限公司,本科,12K-16K,"['五险一金', '年底双薪', '定期体检', '节日福利', '周末双休']",3-5年
python开发工程师（a）,深圳泽派信息技术有限公司,大专,6K-8K,"['14薪', '五险一金', '全勤奖', '餐补', '房补']",无经验
急招python开发助理/实习生,深圳智联慧通技术有限公司,大专,6K-8K,"['14薪', '五险一金', '全勤奖', '餐补', '房补']",无经验
初级python助理（智能开发),深圳泽派信息技术有限公司,大专,6K-8K,"['14薪', '五险一金', '全勤奖', '餐补', '房补']",无经验
python软件开发实习4k起+双休,深圳智联慧通技术有限公司,大专,6K-8K,"['14薪', '五险一金', '全勤奖', '餐补', '房补']",无经验
急聘：（python开发工程师）,深圳泽派信息技术有限公司,大专,6K-8K,"['14薪', '五险一金', '全勤奖', '餐补', '房补']",无经验
诚招：初级Java/Python开发助理/MySQL辅助优化,深圳市创联测试技术有限公司,大专,3.5K-7K,"['14薪', '包住', '大牛带队', '公司重点项目', '年终分红']",不限
python开发工程师/助理岗/开发方向-爬虫,深圳市创联测试技术有限公司,学历不限,4.5K-9K,"['14薪', '包住', '大牛带队', '公司重点项目', '项目奖金']",不限
python工程师,深圳市深为软件技术有限公司,大专,6K-8K,"['14薪', '五险一金', '全勤奖', '餐补', '房补']",无经验
python开发工程师（项目奖金）,深圳市深为软件技术有限公司,大专,6K-8K,"['14薪', '五险一金', '全勤奖', '餐补', '房补']",无经验
python爬虫工程师(欢迎优秀人士加入),深圳泽派信息技术有限公司,大专,6K-8K,"['14薪', '五险一金', '全勤奖', '餐补', '房补']",无经验
python助理,深圳智联慧通技术有限公司,大专,6K-8K,"['14薪', '五险一金', '全勤奖', '餐补', '房补']",无经验
招兵买马：（python爬虫开发工程师）,深圳泽派信息技术有限公司,大专,6K-8K,"['14薪', '五险一金', '全勤奖', '餐补', '房补']",无经验
python工程师,深圳市融会通网络科技有限公司,大专,6K-8K,"['每年多次调薪', '五险一金', '绩效奖金', '加班补助', '带薪年假']",不限
急聘 python爬虫开发工程师,深圳前海百川投资管理咨询有限公司,大专,6K-8K,"['14薪', '五险一金', '全勤奖', '餐补', '房补']",无经验
python初级开发工程师,深圳泽派信息技术有限公司,大专,6K-8K,"['14薪', '五险一金', '全勤奖', '餐补', '房补']",无经验
python开发工程师,深圳市深为软件技术有限公司,大专,6K-8K,"['14薪', '五险一金', '全勤奖', '餐补', '房补']",无经验
招兵买马：（python开发工程师）,深圳市克乐科技有限公司,大专,6K-8K,"['14薪', '五险一金', '全勤奖', '餐补', '房补']",无经验
python实习生,深圳市腾尚时代互联网科技有限公司,大专,6K-8K,"['五险一金', '年底双薪', '绩效奖金', '全勤奖', '通讯补助']",不限
急招:Python爬虫开发助理/包住,深圳市创联测试技术有限公司,学历不限,3.5K-7K,"['14薪', '包住', '大牛带队', '公司重点项目', '项目奖金']",不限
python开发/数据采集,深圳市创联测试技术有限公司,学历不限,3.5K-7K,"['14薪', '包住', '大牛带队', '公司重点项目', '项目奖金']",不限
大数据   python   毕业生,粤嵌众创科技(深圳)有限公司龙岗分公司,中专,4K-6K,"['五险一金', '全勤奖', '年底双薪', '绩效奖金', '带薪年假']",不限
Python爬虫开发助理/包住,深圳市创联测试技术有限公司,大专,3.5K-7K,"['五险一金', '包住', '节日福利', '弹性工作', '定期体检']",不限
诚招:Python开发助理/数据分析方向/包住,深圳市创联测试技术有限公司,学历不限,3.5K-7K,"['14薪', '包住', '大牛带队', '公司重点项目', '项目奖金']",不限
Python 开发/运维/自动化测试/包住,深圳市创联测试技术有限公司,学历不限,3.5K-7K,"['14薪', '包住', '大牛带队', '公司重点项目', '项目奖金']",不限
数据分析（python）,深圳市博悦科创科技有限公司,本科,10K-15K,"['周末双休', '节日福利', '五险一金', '员工旅游', '定期体检']",1-3年
python,深圳市睿服科技有限公司,本科,10K-17K,"['五险一金', '年终分红', '加班补助', '带薪年假', '弹性工作']",3-5年
python开发（招商金科）,深圳市博悦科创科技有限公司,本科,12K-18K,"['五险一金', '周末双休', '定期体检', '节日福利', '员工旅游']",3-5年
python开发工程师,三门峡崤云安全服务有限公司,大专,6K-12K,"['周末双休', '五险一金', '年底双薪']",3-5年
python开发工程师助理,深圳市凡辰芯科技有限公司,大专,4K-6K,"['周末双休', '五险一金', '年底双薪', '餐补', '包住']",不限
python开发工程师,深圳市睿服科技有限公司,学历不限,15K-20K,"['五险一金', '年底双薪', '绩效奖金', '股票期权', '加班补助']",不限
Python开发工程师助理,深圳市诺维尔科技互联网有限公司,本科,8K-10K,"['五险一金', '年底双薪', '绩效奖金', '餐补', '房补']",无经验
python工程师,深圳市中企工联保家电服务有限公司,本科,15K-20K,"['五险一金', '绩效奖金', '全勤奖', '包住', '餐补']",3-5年
python架构师,上海智聘人力资源有限公司,本科,30K-50K,"['五险一金', '通讯补助', '房补', '年终分红', '股票期权']",5-10年
python运维开发工程师,深圳市拓保软件有限公司,本科,10K-15K,"['五险一金', '绩效奖金', '交通补助', '餐补', '房补']",1-3年
Python爬虫开发助理/包住转正6K起,深圳市鹏力易视科技有限公司,大专,6K-8K,"['五险一金', '年底双薪', '包吃', '包住', '弹性工作']",不限
python运维开发工程师,深圳市睿服科技有限公司,本科,15K-20K,[],无经验
python,深圳市睿服科技有限公司,大专,10K-15K,[],不限
python开发工程师,深圳市睿服科技有限公司,学历不限,15K-20K,[],不限
Python开发（腾讯项目）,软通动力信息技术(集团)有限公司,本科,15K-20K,[],3-5年
数据开发-Python,软通动力信息技术(集团)有限公司,本科,7K-9K,[],1-3年
python开发,深圳市睿服科技有限公司,大专,10K-15K,[],3-5年
Python开发工程师,深圳市睿服科技有限公司,本科,10K-15K,[],3-5年
python工程师,深圳市睿服科技有限公司,大专,10K-15K,[],3-5年
Python开发工程师,深圳市睿服科技有限公司,本科,10K-15K,[],3-5年
python开发工程师(职位编号：杨思敏),深圳市睿服科技有限公司,大专,10K-15K,[],3-5年
Python算法工程师,深圳市腾尚时代互联网科技有限公司,本科,10K-15K,"['五险一金', '年底双薪', '全勤奖', '绩效奖金', '带薪年假']",不限
python开发/数据采集,深圳市鹏力易视科技有限公司,大专,4K-6K,"['五险一金', '年底双薪', '包吃', '包住', '弹性工作']",不限
Python开发工程师助理,深圳市诺维尔科技互联网有限公司,本科,8K-10K,"['五险一金', '年底双薪', '绩效奖金', '全勤奖', '交通补助']",不限
Python助理/包住,深圳思宝软件技术有限公司,大专,5K-7K,"['周末双休', '五险一金', '绩效奖金', '全勤奖', '加班补助']",不限
python数据分析,澜威视讯(北京)科技发展有限公司,本科,10K-15K,"['五险一金', '绩效奖金', '带薪年假', '带团队', '周末双休']",1-3年
python开发工程师,衍生(深圳)投资基金管理有限公司,本科,10K-20K,"['五险一金', '年底双薪', '周末双休', '定期体检']",3-5年
Python开发（测试开发方向）,信必优(深圳)信息技术有限公司,大专,13K-18K,"['五险一金', '带薪年假', '定期体检', '员工旅游', '补充医疗保险']",3-5年
Python算法工程师助理,深圳道町互联网科技有限公司,本科,8K-10K,"['五险一金', '年底双薪', '绩效奖金', '加班补助', '带薪年假']",1-3年
日语Java/Python开发工程师,Uniqsys优尼卡日本株式会社,本科,15K-30K,"['加班补助', '包住', '交通补助', '房补', '住房补贴']",不限
Python算法工程师,深圳道町互联网科技有限公司,本科,8K-10K,"['五险一金', '年底双薪', '绩效奖金', '加班补助', '带薪年假']",不限
python高级开发工程师,华南城集团有限公司,本科,15K-25K,"['绩效奖金', '带薪年假', '补充医疗保险', '五险一金']",5-10年
python开发工程师,深圳市问鼎资讯有限公司,本科,10K-20K,"['五险一金', '带薪年假', '定期体检', '周末双休', '年底双薪']",1-3年
java/Python开发助理,深圳市宇达计算机有限公司,学历不限,3.5K-7K,"['14薪', '包住', '公司重点项目', '大牛带队', '五险一金']",不限
python开发,深圳德科共赢创投合伙企业(有限合伙),大专,10K-15K,"['五险一金', '带薪年假', '节日福利', '公司重点项目', '大牛带队']",3-5年
python开发,马衡达信息技术(上海)有限公司,大专,10K-15K,"['五险一金', '绩效奖金', '带薪年假', '补充医疗保险', '定期体检']",3-5年
日语Java/Python开发工程师-初级,Uniqsys优尼卡日本株式会社,本科,5K-10K,"['加班补助', '包住', '交通补助', '房补', '住房补贴']",不限
急聘:Python开发助理/包住/项目奖金,深圳市宇达计算机有限公司,学历不限,3.5K-7K,"['14薪', '包住', '大牛带队', '公司重点项目', '绩效奖金']",不限
python工程师,深圳市腾信数据信息有限公司,大专,6K-8K,"['五险一金', '节日福利', '周末双休', '包住', '带薪年假']",不限
Python,深圳市宇达计算机有限公司,大专,3.5K-7K,"['14薪', '包住', '公司重点项目', '大牛带队', '项目奖金']",不限
python /助理实习岗/双休包吃住,深圳市宇达计算机有限公司,学历不限,3.5K-7K,"['14薪', '包住', '大牛带队', '公司重点项目', '绩效奖金']",不限
python工程师,深圳市纽尔科技有限公司,本科,15K-30K,"['五险一金', '年底双薪', '绩效奖金', '带薪年假']",3-5年
急招Python开发助理/实习生,深圳市十七大道科技有限公司,大专,3K-5K,"['14薪', '每年多次调薪', '绩效奖金', '年底双薪', '员工旅游']",无经验
"日语Java,C,Python,Sap,DB软件开发工程师",Uniqsys优尼卡日本株式会社,本科,20K-30K,"['加班补助', '包住', '交通补助', '房补', '住房补贴']",不限
 Python 开发工程师,北京四维智联科技有限公司,本科,15K-25K,"['周末双休', '五险一金', '补充医疗保险', '员工旅游', '节日福利']",3-5年
python,深圳市雁联技术服务有限公司,大专,10K-16K,"['五险一金', '加班补助', '定期体检', '全勤奖']",3-5年
技术架构师（Python方向）,广州森季软件科技有限公司,大专,20K-30K,"['五险一金', '年底双薪', '绩效奖金', '弹性工作', '节日福利']",5-10年
Python工程师(爬虫方向),深圳市菲凡数据科技有限公司,本科,10K-20K,"['五险一金', '年底双薪', '绩效奖金', '节日福利', '全勤奖']",3-5年
python初级开发工程师,深圳市神州动力数码有限公司,大专,4K-8K,"['五险一金', '加班补助', '定期体检', '节日福利', '住房补贴']",不限
python软件工程师,深圳市华富洋供应链有限公司,本科,10K-15K,"['五险一金', '包吃', '节日福利', '员工旅游', '年终分红']",3-5年
Python开发工程师,深圳佑驾创新科技有限公司,本科,15K-30K,"['周末双休', '五险一金', '带薪年假', '弹性工作', '定期体检']",1-3年
python工程师,深圳问安信息技术服务有限公司,大专,7K-9K,"['年底双薪', '五险一金', '餐补', '房补', '加班补助']",1年以下
python转软件测试,深圳问安信息技术服务有限公司,大专,8K-10K,"['年底双薪', '五险一金', '餐补', '房补', '加班补助']",1-3年
运维工程师（要会python）,深圳市智慧盾科技有限公司,大专,10K-15K,"['五险一金', '年底双薪', '带薪年假', '节日福利', '员工旅游']",3-5年
Python开发工程师,深圳市芒柠科技有限公司,大专,10K-15K,"['周末双休', '五险一金', '绩效奖金', '带薪年假', '弹性工作']",1-3年
python开发工程师,深圳市乐易网络股份有限公司,本科,10K-20K,"['每年多次调薪', '周末双休', '绩效奖金', '餐补', '带薪年假']",1-3年
python开发工程师,深圳市东方博雅科技有限公司,本科,15K-25K,"['五险一金', '节日福利', '免费班车', '周末双休']",3-5年
python开发,上海易宝软件有限公司,本科,10K-15K,"['五险一金', '周末双休', '节日福利', '带薪年假']",1-3年
python,深圳市乐易网络股份有限公司,本科,15K-25K,"['每年多次调薪', '周末双休', '绩效奖金', '餐补', '带薪年假']",3-5年
python,深圳德科共赢创投合伙企业(有限合伙),本科,10K-15K,"['五险一金', '带薪年假', '节日福利', '公司重点项目', '大牛带队']",3-5年
python开发工程师,深圳市星商电子商务有限公司,本科,8K-15K,"['五险一金', '绩效奖金', '餐补', '带薪年假', '员工旅游']",3-5年
python,深圳前海招文天下金融服务有限公司,大专,15K-20K,"['五险一金', '弹性工作', '年终分红', '周末双休', '公司重点项目']",3-5年
python,深圳德科共赢创投合伙企业(有限合伙),大专,10K-15K,"['五险一金', '年底双薪', '带薪年假', '节日福利', '公司重点项目']",3-5年
python开发工程师,深圳市合元科技有限公司,本科,10K-18K,"['绩效奖金', '股票期权', '定期体检', '免费班车', '五险一金']",3-5年
信息安全Python研发工程师,深圳市能信安科技股份有限公司,本科,15K-25K,"['五险一金', '绩效奖金', '带薪年假', '弹性工作', '节日福利']",不限
python服务端开发工程师,深圳佑驾创新科技有限公司,本科,15K-30K,"['绩效奖金', '带薪年假', '周末双休']",3-5年
python,深圳德科共赢创投合伙企业(有限合伙),大专,10K-15K,"['五险一金', '带薪年假', '节日福利', '公司重点项目', '大牛带队']",3-5年
Python工程师,深圳市凹凸微科科技有限公司,本科,15K-20K,"['五险一金', '年底双薪', '餐补', '包住', '带薪年假']",1-3年
python,深圳德科共赢创投合伙企业(有限合伙),本科,10K-15K,"['五险一金', '带薪年假', '节日福利', '公司重点项目', '大牛带队']",3-5年
python开发工程师,赞同科技股份有限公司,本科,6K-12K,"['餐补', '五险一金', '通讯补助']",不限
Python开发工程师（深圳）,深圳市前海谷雨网络科技有限公司,大专,8K-15K,"['五险一金', '绩效奖金', '带薪年假', '弹性工作', '补充医疗保险']",1-3年
python运维开发工程师,深圳市智慧盾科技有限公司,大专,10K-15K,"['五险一金', '年底双薪', '带薪年假', '节日福利', '员工旅游']",3-5年
python开发(J12902),银雁科技服务集团股份有限公司,本科,10K-15K,"['五险一金', '绩效奖金', '不加班', '节日福利', '高温补贴']",不限
ETL工程师(熟悉Python）,深圳盈富斯科技有限公司,本科,10K-20K,"['每年多次调薪', '年底双薪', '五险一金', '绩效奖金', '弹性工作']",1-3年
python开发工程师,深圳合生网络科技有限公司,本科,15K-20K,[],3-5年
Python运维开发工程师（初级）,深圳市神州动力数码有限公司,大专,4K-6K,"['五险一金', '交通补助', '餐补', '房补', '节日福利']",不限
python开发工程师,深圳市芒柠科技有限公司,大专,10K-15K,"['五险一金', '绩效奖金', '带薪年假', '弹性工作', '员工旅游']",1-3年
Python开发(J12913),银雁科技服务集团股份有限公司,学历不限,10K-15K,"['五险一金', '绩效奖金', '不加班', '节日福利', '高温补贴']",不限
Python人工智能工程师助理,粤嵌众创科技(深圳)有限公司,本科,8K-10K,"['五险一金', '包住', '高温补贴', '节日福利', '年终分红']",不限
高级后端研发工程师(node/python),深圳市中联创新自控系统有限公司,本科,18K-30K,"['五险一金', '绩效奖金', '股票期权', '带薪年假', '节日福利']",3-5年
python开发工程师,北京尚诚同力品牌管理股份有限公司,大专,10K-20K,"['周末双休', '五险一金', '年底双薪', '绩效奖金', '年终分红']",3-5年
Python工程师,深圳市中联创新自控系统有限公司,本科,15K-25K,"['五险一金', '弹性工作', '带薪年假']",1-3年
python web开发工程师,北京好乐互娱文化传媒有限公司,大专,10K-15K,"['五险一金', '全勤奖', '带薪年假', '周末双休', '节日福利']",3-5年
Python组长,深圳市比一比网络科技有限公司,大专,15K-25K,[],5-10年
Python工程师/讲师,深圳信盈达电子有限公司,大专,10K-15K,"['五险一金', '带薪年假', '员工旅游', '节日福利', '不加班']",1-3年
python爬虫工程师,深圳雷特网络科技有限公司,本科,15K-25K,"['五险一金', '定期团建', '公司重点项目', '员工旅游', '节日福利']",3-5年
Python开发,深圳德聚企业管理咨询有限公司,大专,15K-30K,"['住房补贴', '五险一金', '年底双薪', '年终分红', '餐补']",3-5年
高级Python开发工程师(J10579),深圳贝尔创意科教有限公司,本科,15K-25K,"['员工旅游', '五险一金', '定期体检']",3-5年
高级Python后端工程师,深圳德聚企业管理咨询有限公司,本科,20K-40K,"['五险一金', '年底双薪', '绩效奖金', '年终分红', '股票期权']",3-5年
Python课程运营,风变科技(深圳)有限公司,大专,5K-10K,"['五险一金', '补充医疗保险', '带薪年假', '节日福利', '定期体检']",不限
Python 后端开发工程师,深圳市天天向善控股有限公司,本科,18K-28K,"['五险一金', '年终分红', '加班补助', '全勤奖', '带薪年假']",1-3年
高级python,深圳德聚企业管理咨询有限公司,本科,20K-40K,"['五险一金', '年底双薪', '绩效奖金', '年终分红', '股票期权']",不限
RPA软件售前工程师（Python）,上海艺赛旗软件股份有限公司,大专,7K-10K,"['五险一金', '通讯补助', '餐补', '带薪年假', '定期体检']",1-3年
赴日Python开发工程师,武汉青凌未来科技有限公司,大专,13K-26K,"['周末双休', '弹性工作', '不加班', '五险一金', '交通补助']",不限
数据挖掘工程师（python）,北京极智汇科技有限公司,大专,5K-10K,"['五险一金', '弹性工作', '节日福利', '通讯补助', '带薪年假']",3-5年
python开发,深圳猎影商务信息咨询有限公司,大专,15K-23K,"['年底双薪', '绩效奖金', '年终分红', '包吃', '包住']",1-3年
STEAM教育/Python编程老师,深圳格趣创新科技有限公司,大专,7K-10K,"['餐补', '弹性工作', '定期团建', '每年多次调薪', '节日福利']",无经验
python软件工程师,August Robotics Limited,本科,12K-18K,"['五险一金', '节日福利', '带薪年假', '股票期权', '弹性工作']",1-3年
python高级工程师,深圳市京仁电子商务有限公司,本科,20K-30K,"['五险一金', '绩效奖金', '年终分红']",3-5年
高薪Python开发工程师,深圳市熙锐网络科技有限公司,本科,10K-18K,"['五险一金', '绩效奖金', '股票期权', '带薪年假', '定期体检']",1-3年
Python开发工程师,深圳市佰汇信息技术有限公司,本科,15K-20K,"['五险一金', '绩效奖金', '出国游', '带薪年假', '交通补助']",3-5年
Python开发工程师,深圳职人网络技术有限公司,大专,8K-15K,"['五险一金', '带薪年假', '项目奖金', '交通补助', '高温补贴']",1-3年
运维工程师（Python方向）,深圳市丽海弘金科技有限公司,大专,6K-10K,"['创业公司', '五险一金', '加班补助', '带薪年假', '定期体检']",1-3年
Python开发工程师,深圳房讯通信息技术有限公司,本科,15K-20K,[],3-5年
python开发,深圳市鼎驰科技发展有限公司,本科,15K-17K,"['节日福利', '员工旅游', '不加班', '周末双休', '定期团建']",3-5年
python开发工程师,上饶市盛夏文化传播有限公司,本科,15K-20K,"['五险一金', '年底双薪', '房补', '年终分红', '餐补']",3-5年
Python 高级开发工程师,天下同音(深圳)信息科技有限公司,本科,18K-20K,"['五险一金', '年底双薪', '年终分红', '绩效奖金', '带薪年假']",3-5年
python工程师、,深圳市鼎驰科技发展有限公司,本科,10K-17K,"['节日福利', '员工旅游', '不加班', '带薪年假', '周末双休']",3-5年
python开发助理,深圳市川石信息技术有限公司,大专,5K-8K,"['五险一金', '年底双薪', '绩效奖金', '年终分红', '加班补助']",1年以下
Python 开发工程师,天下同音(深圳)信息科技有限公司,本科,15K-16K,"['五险一金', '年底双薪', '年终分红', '绩效奖金', '带薪年假']",3-5年
python高级工程师,深圳市美铁科技有限公司,本科,15K-20K,"['年终分红', '绩效奖金', '股票期权']",1-3年
Python软件助理工程师,深圳市川石信息技术有限公司,大专,6K-8K,"['五险一金', '年底双薪', '绩效奖金', '年终分红', '加班补助']",1年以下
python讲师,北京一天天教育科技有限公司,大专,20K-40K,"['五险一金', '绩效奖金', '年终分红', '带薪年假', '弹性工作']",3-5年
少儿编程/python讲师,深圳盛思教育咨询有限公司,本科,10K-15K,"['五险一金', '绩效奖金', '员工旅游', '节日福利', '创业公司']",1-3年
python开发,深圳市鼎驰科技发展有限公司,本科,15K-17K,"['节日福利', '员工旅游', '不加班', '周末双休', '定期团建']",3-5年
python,北京鼎驰信诚科技发展有限公司,本科,13K-17K,"['五险一金', '带薪年假', '员工旅游', '不加班']",3-5年
Python 爬虫工程师,慧科讯业(北京)网络科技有限公司深圳分公司,本科,7K-14K,"['五险一金', '年底双薪', '节日福利', '周末双休']",1-3年
Python高级开发工程师-网络爬虫方向,深圳市美铁科技有限公司,本科,10K-15K,[],1-3年
python开发,深圳樱吉尔企业咨询管理有限公司,本科,11K-18K,"['五险一金', '绩效奖金', '交通补助', '全勤奖', '通讯补助']",3-5年
python开发,北京鼎驰信诚科技发展有限公司,大专,13K-16K,"['五险一金', '带薪年假', '绩效奖金', '员工旅游', '不加班']",3-5年
Python开发工程师（小雨鹿）,重庆小雨点小额贷款有限公司,本科,12K-20K,"['节日福利', '弹性工作', '周末双休', '定期团建', '五险一金']",5-10年
python组长,深圳市比一比网络科技有限公司,大专,15K-25K,"['五险一金', '绩效奖金', '加班补助', '带薪年假', '员工旅游']",5-10年
python工程师,江苏蓝聘人才管理科技有限公司,大专,15K-30K,"['五险一金', '绩效奖金', '带薪年假', '周末双休', '节日福利']",3-5年
Python人工智能,深圳市川石信息技术有限公司,大专,6K-8K,"['五险一金', '年底双薪', '绩效奖金', '年终分红', '加班补助']",1年以下
Python高级开发工程师,深圳市斯瑞达电子有限公司,大专,15K-30K,"['五险一金', '年底双薪', '全勤奖', '节日福利', '每年多次调薪']",5-10年
python开发工程师,深圳市斯瑞达电子有限公司,大专,10K-12K,"['五险一金', '年底双薪', '全勤奖', '节日福利', '每年多次调薪']",1-3年
python开发工程师,深圳市川石信息技术有限公司,大专,5K-7K,"['五险一金', '年底双薪', '绩效奖金', '年终分红', '加班补助']",1年以下
Python算法工程师助理包住,深圳衡威尔科技有限公司,本科,10K-15K,"['创业公司', '周末双休', '五险一金', '绩效奖金', '包吃']",不限
Python后端工程师,深圳市升幂科技有限公司,本科,12K-15K,"['定期团建', '创业公司', '公司重点项目', '弹性工作', '五险一金']",1-3年
python开发工程师,深圳市三通商务汽车租赁有限公司,大专,10K-15K,"['五险一金', '周末双休', '公司重点项目', '带薪年假', '弹性工作']",3-5年
系统开发工程师 (Python方向),深圳玮锡科技有限公司,本科,18K-25K,"['五险一金', '股票期权', '弹性工作', '周末双休', '绩效奖金']",3-5年
Python开发工程师,深圳市艾思诺科技有限公司,大专,10K-15K,"['五险一金', '绩效奖金', '节日福利']",不限
python运维开发工程师,深圳市联畅信息技术有限公司,本科,10K-15K,"['周末双休', '五险一金', '带薪年假', '节日福利', '员工旅游']",1-3年
英语Java，C语言，Python课程辅导,深圳市骏昇科技有限公司,本科,4K-6K,[],1年以下
SW JAVA开发工程师,顺丰科技有限公司,本科,薪资面议,"['五险一金', '年底双薪', '绩效奖金', '餐补', '交通补助']",3-5年
seo优化,深圳市优为网络科技有限公司,学历不限,20K-40K,"['绩效奖金', '年底双薪', '包吃', '包住', '餐补']",3-5年
数据库管理（DBA）,智联RPO,本科,15K-25K,"['五险一金', '年底双薪', '绩效奖金', '带薪年假', '节日福利']",5-10年
系统运维工程师,智联RPO,本科,10K-20K,"['五险一金', '年底双薪', '绩效奖金', '带薪年假', '节日福利']",不限
初级软件测试开发工程师（晋升大）,深圳前海百川投资管理咨询有限公司,本科,6K-8K,"['14薪', '五险一金', '全勤奖', '餐补', '房补']",无经验
java游戏开发+双休奖金,深圳前海百川投资管理咨询有限公司,本科,6K-8K,"['14薪', '五险一金', '全勤奖', '餐补', '房补']",1年以下
Odoo实施开发维护工程师,深圳市晶凯电子技术有限公司,本科,15K-30K,"['五险一金', '年底双薪', '全勤奖', '带薪年假', '员工旅游']",3-5年
系统维护工程师,彩讯科技股份有限公司,本科,10K-15K,"['周末双休', '五险一金', '通讯补助', '带薪年假', '节日福利']",3-5年
安卓开发工程师,智联RPO,本科,15K-30K,"['16薪', '带薪年假', '员工旅游', '五险一金', '定期团建']",3-5年
c++服务器工程师,深圳市丙火互娱科技有限公司,大专,13K-20K,"['五险一金', '弹性工作', '节日福利', '创业公司', '定期团建']",1-3年
IT审计与渗透测试岗(006009),中信银行股份有限公司信用卡中心,本科,薪资面议,"['五险一金', '绩效奖金', '年终分红', '加班补助', '通讯补助']",1-3年
软件测试工程师（可实习）,深圳市宇达计算机有限公司,学历不限,4K-6K,"['包住', '14薪', '公司重点项目', '大牛带队', '项目奖金']",不限
系统工程师,中国电子口岸数据中心深圳分中心,本科,6K-9K,"['周末双休', '五险一金', '年底双薪', '绩效奖金', '带薪年假']",不限
ios开发工程师,智联RPO,本科,15K-30K,"['16薪', '带薪年假', '员工旅游', '五险一金', '定期团建']",3-5年
游戏运维工程师,厦门乘三乘五网络科技有限公司,本科,15K-30K,"['五险一金', '弹性工作', '绩效奖金', '员工旅游', '节日福利']",3-5年
软件工程师（苹果项目）,深圳市精泰达科技有限公司,大专,16K-30K,"['五险一金', '绩效奖金', '包住', '通讯补助', '带薪年假']",5-10年
AI工程师,深圳市时维智能装备有限公司,本科,10K-18K,"['周末双休', '五险一金', '带薪年假', '不加班', '补充医疗保险']",不限
c++高级工程师,智联招聘（RPO&猎头）,本科,15K-30K,"['五险一金', '绩效奖金', '弹性工作', '不加班']",5-10年
Android开发工程师,上海易宝软件有限公司,本科,15K-20K,"['五险一金', '周末双休', '节日福利', '带薪年假']",1-3年
java助理工程师,智联RPO,本科,10K-15K,"['周末双休', '五险一金', '绩效奖金', '带薪年假', '节日福利']",1-3年
软件测试工程师,深圳尚米网络技术有限公司,本科,8K-10K,"['节日福利', '五险一金', '绩效奖金', '全勤奖', '员工旅游']",1-3年
应用软件工程师,深圳市致趣科技有限公司,本科,15K-25K,"['五险一金', '带薪年假', '弹性工作', '定期体检', '节日福利']",3-5年
java高级主任工程师,智联RPO,本科,20K-30K,"['周末双休', '五险一金', '绩效奖金', '带薪年假', '节日福利']",5-10年
高级系统运维工程师,深圳市建信筑和科技有限公司,本科,15K-20K,"['五险一金', '周末双休', '节日福利']",5-10年
夜间量化交易员/策略研发助理,深圳孤峰资产管理有限公司,本科,10K-15K,"['五险一金', '交通补助', '通讯补助', '餐补', '带薪年假']",1-3年
研发部门经理,深圳市安云信息科技有限公司,本科,15K-30K,"['周末双休', '五险一金', '加班补助', '餐补', '通讯补助']",5-10年
游戏运维工程师,广州非意网络科技有限公司,学历不限,15K-20K,"['五险一金', '年终分红', '周末双休', '项目奖金', '出国游']",不限
储备软件开发工程师,广州嘉为科技有限公司,本科,6K-8K,"['五险一金', '餐补', '通讯补助', '定期体检', '带薪年假']",不限
大数据开发工程师,智联RPO,本科,15K-25K,"['带薪年假', '五险一金', '500强', '周末双休', '节日福利']",3-5年
高薪聘请运维工程师,广州峰玉网络科技有限公司,学历不限,15K-30K,"['年底双薪', '绩效奖金', '年终分红', '包吃', '包住']",不限
Windows/C++软件工程师,深圳市海谱纳米光学科技有限公司,本科,15K-25K,"['五险一金', '试用期全额', '大牛带队', '带薪年假', '股票期权']",3-5年
数据分析师,深圳市华云中盛科技有限公司,本科,10K-15K,"['五险一金', '交通补助', '定期体检', '带薪年假', '通讯补助']",1-3年
软件开发工程师,深圳新飞通光电子技术有限公司,本科,10K-15K,"['五险一金', '年底双薪', '补充医疗保险', '定期体检', '带薪年假']",不限
视觉算法工程师,深圳市海谱纳米光学科技有限公司,硕士,15K-25K,"['五险一金', '带薪年假', '试用期全额', '定期团建', '大牛带队']",3-5年
交付测试工程师,北京易诚高科科技发展有限公司郑州分公司,本科,6K-12K,"['员工旅游', '定期体检', '周末双休', '弹性工作', '每年多次调薪']",1-3年
架构师,深圳市安居星信息科技有限公司,本科,15K-25K,"['周末双休', '五险一金', '绩效奖金', '年终分红', '带薪年假']",5-10年
金融量化研究员,深圳市稳益投资管理有限公司,硕士,10K-18K,"['周末双休', '五险一金', '全勤奖', '餐补', '节日福利']",1-3年
量化研究员,深圳市前海盛景资产管理有限公司,本科,10K-20K,[],不限
DevOps工程师,集思软件开发(深圳)有限公司,本科,8K-10K,"['五险一金', '年底双薪', '加班补助', '带薪年假', '弹性工作']",1-3年
阿斯麦ASML-软件系统测试工程师,北京外企德科人力资源服务上海有限公司,本科,12K-15K,['五险一金'],1-3年
算法工程师(NLP）,深圳市华云中盛科技有限公司,硕士,10K-20K,"['五险一金', '交通补助', '定期体检', '带薪年假', '通讯补助']",1-3年
php开发工程师,深圳市安鑫宝科技发展有限公司,大专,10K-15K,"['周末双休', '年底双薪', '全勤奖']",不限
大数据开发工程师,找料(深圳)供应链科技股份有限公司,本科,12K-20K,"['节日福利', '全勤奖', '五险一金']",3-5年
图像算法工程师,深圳市旭东数字医学影像技术有限公司,硕士,10K-20K,"['五险一金', '定期体检', '节日福利', '带薪年假', '加班补助']",无经验
量化系统开发工程师/技术总监招聘（高薪+双休+包吃+地铁周边）,深圳引力波量化科技有限公司,本科,15K-30K,"['五险一金', '绩效奖金', '定期体检', '节日福利', '周末双休']",1-3年
测试工程师,中科软科技股份有限公司,本科,6K-10K,"['五险一金', '餐补', '带薪年假', '定期体检', '员工旅游']",3-5年
数据分析专员,深圳市日创辉贸易有限公司,大专,6K-8K,"['周末双休', '五险一金', '年底双薪', '绩效奖金', '带薪年假']",1-3年
研究员(大宗商品),深圳市远一投资管理有限公司,本科,10K-15K,"['五险一金', '年终分红', '带薪年假', '周末双休', '节日福利']",3-5年
量化交易策略师（高薪+包吃+双休+地铁周边）,深圳引力波量化科技有限公司,本科,12K-15K,"['五险一金', '绩效奖金', '定期体检', '节日福利', '周末双休']",1-3年
数据研发工程师,深圳市世联土地房地产评估有限公司,本科,13K-18K,"['节日福利', '五险一金', '绩效奖金', '加班补助', '包住']",3-5年
上位机软件工程师,深圳市科尔诺电子科技有限公司,本科,10K-18K,"['五险一金', '年底双薪', '绩效奖金', '带薪年假', '定期体检']",3-5年
区块链解决方案规划专家,华为技术有限公司,本科,薪资面议,"['绩效奖金', '定期体检', '五险一金', '带薪年假']",5-10年
高级前端开发,深圳琼景科技有限公司,本科,15K-25K,[],5-10年
自动化测试及环境维护工程师,中科创达软件股份有限公司,本科,12K-17K,"['五险一金', '餐补', '交通补助', '公司重点项目', '带薪年假']",3-5年
自然语言处理工程师,深圳市奇信智能科技有限公司,本科,15K-25K,"['周末双休', '年底双薪', '年终分红', '包吃', '通讯补助']",3-5年
高级测试工程师,深圳市凌雄租赁服务有限公司,大专,10K-15K,"['五险一金', '高温补贴', '节日福利', '加班补助', '年底双薪']",3-5年
计算机应用,深圳市乾德企业管理咨询有限公司,大专,7K-9K,"['五险一金', '年底双薪', '绩效奖金', '加班补助', '包吃']",1-3年
大数据工程师,深圳市安云信息科技有限公司,本科,20K-30K,"['五险一金', '绩效奖金', '带薪年假', '定期体检', '通讯补助']",5-10年
图像标注师,深圳哲彦信息技术有限公司,大专,4.5K-5.5K,"['五险一金', '节日福利', '带薪年假', '员工旅游', '定期体检']",1-3年
人脸识别算法工程师(J31442),碧桂园控股,学历不限,薪资面议,"['带薪年假', '公司重点项目', '五险一金', '通讯补助', '绩效奖金']",不限
web全栈工程师,北京信达电通科技发展有限公司,大专,10K-15K,"['五险一金', '节日福利', '员工旅游', '带薪年假', '绩效奖金']",1-3年
前端开发,成都迈思信息技术有限公司,大专,10K-15K,"['无试用期', '五险一金', '周末双休']",3-5年
量化研究员,深圳市猛犸资产管理有限公司,硕士,10K-20K,"['五险一金', '全勤奖', '餐补', '房补', '带薪年假']",1-3年
数据分析专员,深圳优品科技有限公司,大专,6K-9K,"['五险一金', '加班补助', '全勤奖', '餐补', '通讯补助']",不限
数据分析工程师,深圳市众诚品业科技有限公司,本科,9K-14K,"['五险一金', '年底双薪', '绩效奖金', '带薪年假', '定期体检']",1-3年
嵌入式软件工程师（终端方向）,成都大农科技有限公司,本科,15K-20K,"['年底双薪', '五险一金', '弹性工作', '带薪年假', '节日福利']",5-10年
解决方案架构师（能源行业）,华为技术有限公司,本科,薪资面议,"['绩效奖金', '定期体检', '五险一金', '带薪年假']",5-10年
生物/化学信息学和数据分析研究人员,北京科辉智药生物科技有限责任公司深圳分公司,硕士,12K-20K,[],3-5年
系统集成工程师（Linux运维方向）,深圳市康拓普信息技术有限公司,本科,15K-30K,"['五险一金', '绩效奖金', '餐补', '通讯补助', '带薪年假']",3-5年
系统测试工程师（产品一部）,深圳市恒扬数据股份有限公司,本科,9K-15K,"['每年多次调薪', '五险一金', '绩效奖金', '加班补助', '全勤奖']",1-3年
量化投资经理,深圳数字动能信息技术有限公司,硕士,15K-20K,"['五险一金', '绩效奖金', '带薪年假']",3-5年
计算机视觉算法,深圳方德人力资源服务有限公司,本科,30K-50K,"['五险一金', '绩效奖金', '带薪年假', '节日福利', '员工旅游']",1-3年
深度学习算法工程师（空间轨迹挖掘方向）,成都路行通信息技术有限公司,本科,20K-40K,"['五险一金', '企业大学', '节日福利', '带薪年假', '餐补']",3-5年
高级摄像机软件测试工程师,深圳快捷达贸易有限公司,大专,10K-15K,"['五险一金', '年底双薪', '加班补助', '交通补助', '带薪年假']",1-3年
软件测试工程师,亿嘉和科技股份有限公司,本科,15K-20K,"['五险一金', '交通补助', '带薪年假', '包吃', '包住']",3-5年
（大数据）项目技术专员,上海慕悉玛商务咨询有限公司,本科,7K-10K,"['五险一金', '绩效奖金', '带薪年假', '定期体检', '员工旅游']",不限
储备软件工程师,上海宝钢工业技术服务有限公司湛江分公司,本科,1.5K-3K,[],无经验
大数据运维工程师,中软国际科技服务有限公司,本科,薪资面议,"['五险一金', '绩效奖金', '周末双休', '定期体检', '弹性工作']",1-3年
测试工程师,北京铭泰金科信息技术有限公司,本科,8K-15K,"['五险一金', '绩效奖金', '餐补', '带薪年假']",3-5年
运维值班人员,北京云族佳科技有限公司,大专,8K-15K,"['五险一金', '餐补', '节日福利', '员工旅游', '带薪年假']",1-3年
测试开发工程师,中核(深圳)能源科技有限公司,大专,10K-15K,"['五险一金', '年终分红', '员工旅游', '周末双休', '餐补']",1-3年
大数据开发工程师,地上铁租车(深圳)有限公司,本科,20K-30K,"['节日福利', '五险一金', '全勤奖', '餐补', '通讯补助']",3-5年
2020校招岗位,深圳安科高技术股份有限公司,本科,1K以下,"['五险一金', '带薪年假', '定期体检', '周末双休', '14薪']",无经验
量化投资总监,深圳数字动能信息技术有限公司,硕士,15K-20K,"['五险一金', '绩效奖金', '带薪年假']",3-5年
Web前端开发工程师-2020校园招聘(J12533),深圳依时货拉拉科技有限公司,本科,10K-15K,"['五险一金', '股票期权', '加班补助', '弹性工作', '大牛带队']",无经验
"全景影像系统（AVM,360）图像算法工程师",深圳市合正汽车电子有限公司,硕士,20K-30K,"['餐补', '带薪年假', '节日福利', '五险一金', '绩效奖金']",3-5年
"全景影像系统（AVM,360）图像处理工程师",深圳市合正汽车电子有限公司,硕士,20K-30K,"['餐补', '带薪年假', '节日福利', '五险一金', '绩效奖金']",3-5年
博士后,深圳市金奥博科技股份有限公司,博士,30K-50K,"['定期体检', '高温补贴', '节日福利', '五险一金', '加班补助']",不限
运维工程师,中核(深圳)能源科技有限公司,大专,10K-15K,"['五险一金', '年终分红', '员工旅游', '周末双休', '餐补']",1-3年
C++服务器端开发工程师,深圳市速美特电子科技有限公司,本科,10K-15K,"['五险一金', '包住', '带薪年假', '员工旅游', '节日福利']",1-3年
运维工程师,深圳证券时报社有限公司,本科,10K-15K,"['五险一金', '年底双薪', '绩效奖金', '交通补助', '通讯补助']",3-5年
高级前端工程师-EMP平台,深圳市梦网科技发展有限公司,本科,15K-20K,[],3-5年
Golang开发工程师,深圳市智慧盾科技有限公司,大专,12K-22K,"['五险一金', '年底双薪', '带薪年假', '节日福利', '员工旅游']",3-5年
图像处理/视频算法工程师 ,深圳方德人力资源服务有限公司,本科,20K-40K,"['五险一金', '绩效奖金', '带薪年假', '节日福利', '员工旅游']",3-5年
金融研究员,大连华讯投资股份有限公司深圳分公司,本科,8K-15K,"['五险一金', '绩效奖金', '带薪年假', '节日福利', '全勤奖']",1-3年
运维工程师-2020校园招聘(J12620),深圳依时货拉拉科技有限公司,学历不限,10K-15K,[],不限
市场调研专员,深圳市时商创展科技有限公司,本科,8K-12K,"['五险一金', '带薪年假', '节日福利', '定期体检', '员工旅游']",1-3年
前端开发工程师,中软国际科技服务有限公司,本科,薪资面议,"['五险一金', '绩效奖金', '周末双休', '定期体检', '弹性工作']",1-3年
测试工程师,北京文思海辉金信软件有限公司,本科,10K-15K,"['五险一金', '带薪年假', '弹性工作', '补充医疗保险', '定期体检']",3-5年
运维开发工程师,中软国际科技服务有限公司,本科,薪资面议,"['五险一金', '节日福利', '带薪年假', '免费班车', '周末双休']",3-5年
大数据课程运营经理,伍壹叁在线教育(深圳)有限公司,本科,15K-25K,"['五险一金', '年终分红', '加班补助', '全勤奖', '带薪年假']",3-5年
java开发工程师,中软国际科技服务有限公司,本科,薪资面议,"['五险一金', '餐补', '弹性工作', '定期体检', '周末双休']",3-5年
java中级开发工程师,海南自贸区椰云网络科技有限公司深圳分公司,本科,15K-20K,"['五险一金', '弹性工作', '节日福利', '创业公司', '大牛带队']",5-10年
算法工程师,深圳市安云信息科技有限公司,本科,25K-40K,"['五险一金', '绩效奖金', '带薪年假', '定期体检', '通讯补助']",5-10年
硬件测试工程师,亿嘉和科技股份有限公司,本科,15K-20K,"['五险一金', '交通补助', '带薪年假', '包吃', '包住']",3-5年
ios开发工程师,智联RPO,本科,15K-25K,"['五险一金', '周末双休', '全额公积金', '包吃', '包住']",不限
linux运维工程师,深圳点筹农业供应链有限公司,大专,8K-15K,"['餐补', '五险一金', '员工旅游', '全勤奖', '绩效奖金']",3-5年
测试/可靠性工程师,深圳过期更新信息技术有限公司,大专,6K-8K,"['五险一金', '年底双薪', '绩效奖金', '带薪年假', '员工旅游']",1-3年
解决方案架构师（智能制造）,华为技术有限公司,本科,薪资面议,"['绩效奖金', '定期体检', '五险一金', '带薪年假']",5-10年
少儿编程讲师,深圳市小黑客教育科技有限公司,大专,6K-10K,"['五险一金', '通讯补助', '弹性工作', '员工旅游', '节日福利']",不限
31504-中间件产品高级咨询顾问（深圳/北京）,深圳市腾讯计算机系统有限公司,学历不限,薪资面议,[],无经验
腾讯自动化测试（外包岗）,中软国际科技服务有限公司,大专,薪资面议,"['五险一金', '节日福利', '周末双休', '带薪年假', '免费班车']",3-5年
Oracle DBA,恩斯迈电子（深圳）有限公司,大专,8K-15K,"['五险一金', '绩效奖金', '包住', '带薪年假', '节日福利']",1-3年
系统运维工程师,上海菲信通信服务股份有限公司,本科,10K-15K,['五险一金'],1-3年
数据测试工程师,北京文思海辉金信软件有限公司,本科,8K-12K,"['五险一金', '带薪年假', '定期体检']",1-3年
图像识别算法工程师,深圳方德人力资源服务有限公司,本科,20K-30K,"['五险一金', '绩效奖金', '带薪年假', '节日福利', '员工旅游']",3-5年
测试工程师,中软国际科技服务有限公司,本科,薪资面议,"['五险一金', '包吃', '餐补', '带薪年假', '补充医疗保险']",5-10年
【腾讯】数据库运维工程师/系统运维工程师,中软国际科技服务有限公司,大专,薪资面议,"['五险一金', '节日福利', '员工旅游', '免费班车', '餐补']",3-5年
linux系统工程师,金元证券股份有限公司,学历不限,15K-20K,"['五险一金', '补充医疗保险', '定期体检', '周末双休', '节日福利']",1-3年
APK检测,中软国际科技服务有限公司,本科,薪资面议,"['五险一金', '绩效奖金', '周末双休', '定期体检', '弹性工作']",1-3年
31504-自研上云业务运维工程师,深圳市腾讯计算机系统有限公司,学历不限,薪资面议,[],无经验
28604-114 微信支付中小商家应用开发工程师（深圳）,深圳市腾讯计算机系统有限公司,学历不限,薪资面议,[],无经验
22989-腾讯云容器高级工程师（深圳、北京）,深圳市腾讯计算机系统有限公司,学历不限,薪资面议,[],无经验
java 开发,深圳市德科信息技术有限公司,本科,10K-15K,"['周末双休', '五险一金', '节日福利', '带薪年假', '员工旅游']",3-5年
系统驱动测试工程师,OPPO广东移动通信有限公司,本科,15K-20K,"['节日福利', '住房补贴', '五险一金', '带薪年假', '免费班车']",不限
数据分析(技术方向)-2020校园招聘,深圳依时货拉拉科技有限公司,本科,10K-15K,[],无经验
运维工程师,深圳市安居星信息科技有限公司,大专,8K-15K,"['五险一金', '全勤奖', '节日福利', '绩效奖金', '周末双休']",3-5年
开发岗,金元证券股份有限公司,本科,6K-10K,"['五险一金', '补充医疗保险', '定期体检', '周末双休', '节日福利']",无经验
Golang开发工程师,FORISLIMITED,本科,30K-40K,"['五险一金', '带薪年假', '弹性工作', '生日福利', '创业公司']",5-10年
DSJ-高级大数据挖掘与分析工程师（分析方向）,顺丰科技有限公司,本科,薪资面议,"['五险一金', '餐补', '定期体检', '节日福利', '通讯补助']",5-10年
测试初级（本科）,深圳市德科信息技术有限公司,本科,7K-12K,"['五险一金', '带薪年假', '员工旅游', '节日福利', '周末双休']",1-3年
DSJ-大数据挖掘与分析工程师（分析方向）,顺丰科技有限公司,本科,薪资面议,"['五险一金', '餐补', '定期体检', '节日福利', '通讯补助']",3-5年
运维工程师（深圳）,北京易掌云峰科技有限公司,大专,7K-14K,"['五险一金', '年底双薪', '带薪年假', '弹性工作', '补充医疗保险']",3-5年
java工程师,深圳市德科信息技术有限公司,本科,9K-18K,"['每年多次调薪', '五险一金', '周末双休', '年底双薪', '带薪年假']",1-3年
移动端测试工程师,深圳市德科信息技术有限公司,本科,10K-20K,"['五险一金', '带薪年假', '员工旅游', '节日福利', '周末双休']",3-5年
etl开发工程师（大数据开发）,北京伯智科技有限公司,本科,15K-25K,"['五险一金', '弹性工作', '员工旅游', '周末双休']",3-5年
数据分析和数据挖掘,深圳市睿服科技有限公司,本科,10K-15K,"['五险一金', '年终分红', '加班补助', '带薪年假', '弹性工作']",3-5年
项目经理岗（机构业务）,金元证券股份有限公司,硕士,7K-10K,"['五险一金', '补充医疗保险', '定期体检', '周末双休', '节日福利']",无经验
大数据工程师1,深圳市德科信息技术有限公司,本科,10K-20K,"['五险一金', '带薪年假', '节日福利', '员工旅游', '周末双休']",3-5年
应用运维管理岗,深圳证券通信有限公司,本科,25K-50K,"['五险一金', '绩效奖金', '定期体检']",5-10年
数据分析专员,深圳市时商创展科技有限公司,本科,8K-12K,"['五险一金', '绩效奖金', '年终奖金', '定期体检', '节日福利']",1-3年
资深测试工程师（交易结算事业部）,深圳证券通信有限公司,本科,20K-33K,"['五险一金', '绩效奖金', '定期体检']",5-10年
算法工程师/高级软件工程师,深圳市创客火科技有限公司,本科,20K-30K,"['五险一金', '绩效奖金', '加班补助', '餐补', '包住']",3-5年
运维监控工程师,深圳市鹏网技术有限公司,大专,6K-10K,"['五险一金', '带薪年假', '加班补助', '包住', '免费班车']",1-3年
DSJ-高级人工智能与机器学习工程师,顺丰科技有限公司,硕士,薪资面议,"['五险一金', '餐补', '定期体检', '节日福利', '通讯补助']",5-10年
前端开发工程师-小程序【腾讯外包】,中软国际科技服务有限公司,本科,薪资面议,"['五险一金', '加班补助', '免费班车', '节日福利', '周末双休']",1-3年
web前端开发,深圳市德科信息技术有限公司,本科,10K-15K,"['周末双休', '五险一金', '节日福利', '带薪年假', '员工旅游']",3-5年
运维开发工程师,深圳证券通信有限公司,本科,16K-23K,"['五险一金', '补充医疗保险', '定期体检', '绩效奖金', '通讯补助']",1-3年
加急-游戏后台开发（linux开发）,深圳市法本信息技术股份有限公司,大专,10K-15K,"['五险一金', '带薪年假', '绩效奖金', '弹性工作', '定期体检']",3-5年
算法工程师.,博彦科技股份有限公司,本科,10K-15K,"['五险一金', '节日福利', '大牛带队', '免费班车', '周末双休']",1-3年
安卓系统工程师,智联RPO,本科,15K-30K,"['五险一金', '年底双薪', '绩效奖金', '项目奖金', '公司重点项目']",不限
股票量化研究全职/实习生,深圳诚奇资产管理有限公司,本科,10K-15K,"['弹性工作', '年终分红', '员工旅游', '绩效奖金', '年底双薪']",不限
性能测试工程师,京北方信息技术股份有限公司,本科,15K-20K,"['五险一金', '绩效奖金', '餐补', '员工旅游', '节日福利']",5-10年
资深搜索产品经理,深圳市环球易购电子商务有限公司,本科,25K-50K,"['节日福利', '全勤奖', '绩效奖金']",3-5年
DSJ-运筹优化算法工程师,顺丰科技有限公司,硕士,薪资面议,"['五险一金', '餐补', '定期体检', '节日福利', '通讯补助']",5-10年
测试,深圳市德科信息技术有限公司,本科,8K-16K,"['年底双薪', '节日福利', '带薪年假', '五险一金', '周末双休']",3-5年
急聘测试工程师,深圳市博悦科创科技有限公司,本科,10K-15K,"['五险一金', '年底双薪', '员工旅游', '定期体检', '周末双休']",3-5年
golang后端程序开发工程师,深圳市宏立智铭科技有限公司,学历不限,20K-30K,"['五险一金', '绩效奖金', '带薪年假', '周末双休', '大牛带队']",不限
h5前端开发工程师,深圳市睿服科技有限公司,本科,10K-17K,['五险一金'],3-5年
DSJ-人工智能与机器学习工程师,顺丰科技有限公司,硕士,薪资面议,"['五险一金', '餐补', '定期体检', '节日福利', '通讯补助']",3-5年
后端开发实习生 - 直播,北京字节跳动科技有限公司,本科,5K-9K,['弹性工作'],不限
大数据运维工程师,深圳证券通信有限公司,本科,20K-30K,"['五险一金', '绩效奖金', '定期体检']",1-3年
运维工程师-2020校园招聘(J12620),深圳依时货拉拉科技有限公司,学历不限,10K-15K,"['五险一金', '加班补助', '带薪年假', '节日福利', '创业公司']",不限
c++开发工程师,深圳市睿服科技有限公司,本科,13K-17K,"['五险一金', '带薪年假', '弹性工作', '定期体检', '节日福利']",3-5年
电力大数据算法工程师（急招）,深圳华工能源技术有限公司,硕士,10K-15K,"['五险一金', '年底双薪', '带薪年假', '弹性工作', '创业公司']",1-3年
性能测试工程师(交易结算事业部）,深圳证券通信有限公司,本科,26K-36K,"['绩效奖金', '五险一金', '周末双休', '带薪年假', '节日福利']",5-10年
【腾讯】数据分析师（外包）,中软国际科技服务有限公司,大专,薪资面议,"['五险一金', '节日福利', '带薪年假', '周末双休', '定期体检']",1-3年
算法工程师,浙江赛思电子科技有限公司,本科,10K-15K,"['五险一金', '员工旅游', '弹性工作', '周末双休', '节日福利']",不限
大数据工程师,深圳市德科信息技术有限公司,本科,10K-15K,"['五险一金', '带薪年假', '节日福利', '员工旅游', '周末双休']",3-5年
BK22TG-数据分析岗,平安银行股份有限公司信用卡中心,本科,薪资面议,"['五险一金', '年底双薪', '绩效奖金']",1-3年
大数据工程师,深圳市德科信息技术有限公司,本科,10K-20K,"['五险一金', '带薪年假', '员工旅游', '节日福利', '周末双休']",3-5年
系统运维工程师-深圳/广州（广东钛马车联网）,广东钛马车联网信息科技有限公司,本科,10K-20K,"['周末双休', '五险一金', '餐补', '带薪年假', '定期体检']",3-5年
流媒体工程师,深圳市杰思创视讯科技有限公司,本科,10K-15K,"['五险一金', '餐补', '带薪年假', '员工旅游', '项目奖金']",1-3年
PHP-后端开发工程师【腾讯外包】,中软国际科技服务有限公司,大专,薪资面议,"['五险一金', '加班补助', '免费班车', '节日福利', '周末双休']",3-5年
it运维工程师,深圳市联恒星科技有限公司,本科,15K-22K,"['五险一金', '定期体检', '年底双薪', '员工旅游', '节日福利']",1-3年
运维工程师,青牛智胜(深圳)科技有限公司,大专,10K-15K,"['五险一金', '年底双薪', '加班补助', '员工旅游', '通讯补助']",3-5年
嵌入式工程师,深圳市工匠社科技有限公司,本科,10K-15K,"['五险一金', '年底双薪', '加班补助', '带薪年假', '弹性工作']",1-3年
腾讯社交广告爬虫开发,深圳明辉智能技术有限公司,本科,10K-17K,"['五险一金', '每年13薪', '全勤奖', '带薪年假']",1-3年
大数据开发工程师,深圳市德科信息技术有限公司,大专,10K-20K,"['年底双薪', '五险一金', '周末双休', '加班补助', '带薪年假']",3-5年
Web前端开发工程师-2020校园招聘(J12533),深圳依时货拉拉科技有限公司,学历不限,10K-15K,"['五险一金', '加班补助', '带薪年假', '节日福利', '创业公司']",1年以下
运维工程师,深圳市宏立智铭科技有限公司,大专,15K-25K,"['五险一金', '绩效奖金', '带薪年假', '周末双休', '大牛带队']",3-5年
售前工程师,北京嘉连勤科技有限公司,大专,10K-15K,"['绩效奖金', '带薪年假', '节日福利', '六险一金', '周末双休']",1-3年
高级数据分析师,OPPO广东移动通信有限公司,本科,30K-50K,[],3-5年
Unity游戏开发+入驻腾讯+优质福利,中软国际科技服务有限公司,大专,薪资面议,"['员工旅游', '免费班车', '节日福利', '五险一金', '餐补']",1-3年
C++开发工程师,深圳市丽海弘金科技有限公司,本科,12K-18K,"['创业公司', '五险一金', '加班补助', '带薪年假', '定期体检']",1-3年
BI开发工程师#,深圳市德科信息技术有限公司,大专,10K-15K,"['五险一金', '员工旅游', '节日福利', '带薪年假', '周末双休']",3-5年
光学视觉交互工程师,深圳未来立体科技有限公司,本科,10K-15K,"['五险一金', '带薪年假', '节日福利', '项目奖金', '大牛带队']",3-5年
软件工程师,深圳吉阳智能科技有限公司,本科,12K-24K,"['五险一金', '年底双薪', '绩效奖金', '带薪年假', '节日福利']",1-3年
运维工程师,深圳市瑞云科技有限公司,本科,9K-13K,"['五险一金', '年底双薪', '定期体检', '节日福利', '周末双休']",3-5年
算法工程师,找料(深圳)供应链科技股份有限公司,本科,12K-20K,"['节日福利', '全勤奖', '五险一金']",3-5年
前端开发工程师-需求管理系统【腾讯外包】,中软国际科技服务有限公司,本科,薪资面议,"['五险一金', '加班补助', '免费班车', '节日福利', '周末双休']",1-3年
运维工程师助理,OPPO广东移动通信有限公司,本科,6K-12K,"['免费班车', '五险一金', '员工旅游', '绩效奖金', '定期体检']",1-3年
风控策略分析师（2020届校招-深圳）,马上消费金融股份有限公司,本科,8K-15K,"['绩效奖金', '五险一金', '周末双休', '餐补', '定期体检']",无经验
高性能计算架构工程师 - 抖音（移动端推理引擎方向）,北京字节跳动科技有限公司,本科,35K-65K,['弹性工作'],5-10年
后台开发工程师 - 创新工具,北京字节跳动科技有限公司,本科,20K-40K,['弹性工作'],1-3年
测试工程师,小柚互动(深圳)科技有限公司,大专,10K-15K,"['五险一金', '绩效奖金', '年终分红', '弹性工作', '周末双休']",1-3年
大数据初中高级工程师,深圳市德科信息技术有限公司,大专,12K-22K,"['每年多次调薪', '五险一金', '周末双休', '年底双薪', '带薪年假']",3-5年
运维工程师,深圳市德科信息技术有限公司,本科,10K-15K,"['周末双休', '五险一金', '节日福利', '带薪年假', '员工旅游']",1-3年
自动化测试,中软国际科技服务有限公司,本科,薪资面议,['五险一金'],1-3年
前端开发工程师,深圳市法本信息技术股份有限公司,大专,10K-15K,"['五险一金', '绩效奖金', '带薪年假', '节日福利']",3-5年
PHP开发,中软国际科技服务有限公司,本科,薪资面议,"['五险一金', '交通补助', '带薪年假', '定期体检', '补充医疗保险']",1-3年
 测试,深圳市德科信息技术有限公司,本科,8K-16K,"['员工旅游', '带薪年假', '节日福利', '周末双休', '全勤奖']",3-5年
大数据工程师（初中高级）,深圳市德科信息技术有限公司,本科,13K-21K,"['每年多次调薪', '五险一金', '周末双休', '年底双薪', '带薪年假']",3-5年
高级测试开发工程师（WEB开发方向）,北京字节跳动科技有限公司,本科,20K-40K,[],3-5年
增值产品开发工程师,深圳市创联测试技术有限公司,大专,4K-6K,"['包住', '14薪', '大牛带队', '项目奖金', '周末双休']",不限
软件测试（性能）,深圳市睿服科技有限公司,本科,10K-15K,"['五险一金', '年底双薪', '餐补', '全勤奖', '不加班']",3-5年
上位机软件工程师,深圳市辰尔技术有限公司,本科,8K-10K,[],1-3年
监控工程师,创普讯维(北京)科技有限公司,大专,6K-10K,"['周末双休', '项目奖金', '定期团建', '每年多次调薪', '员工旅游']",1-3年
Trading Operation 盯盘交易（交易运营岗）,深圳市昱辰宽客管理咨询有限公司,本科,30K-50K,[],1-3年
腾讯软件测试工程师,中软国际科技服务有限公司,大专,薪资面议,"['五险一金', '包吃', '加班补助', '免费班车', '定期团建']",3-5年
java工程师,深圳市德科信息技术有限公司,本科,9K-18K,"['每年多次调薪', '五险一金', '周末双休', '年底双薪', '带薪年假']",1-3年
数据开发工程师,深圳市德科信息技术有限公司,本科,9K-18K,"['五险一金', '带薪年假', '节日福利', '员工旅游', '周末双休']",5-10年
爬虫工程师,软通动力信息技术(集团)有限公司,本科,10K-15K,"['五险一金', '绩效奖金', '年底双薪', '定期体检', '带薪年假']",3-5年
java开发高级工程师,智联RPO,本科,15K-20K,"['每年多次调薪', '绩效奖金', '年终分红', '周末双休', '餐补']",3-5年
测试工程师,北京外企德科人力资源服务上海有限公司,本科,8K-15K,"['五险一金', '加班补助', '节日福利', '免费班车', '周末双休']",不限
APP测试,北京外企德科人力资源服务上海有限公司,本科,8K-15K,"['五险一金', '加班补助', '节日福利', '免费班车', '周末双休']",不限
ToB高级算法工程师,北京字节跳动科技有限公司,本科,26K-52K,['弹性工作'],3-5年
测试工程师【腾讯外包】,中软国际科技服务有限公司,大专,薪资面议,"['五险一金', '交通补助', '带薪年假', '免费班车', '节日福利']",5-10年
PHP开发工程师,深圳市维尚境界显示技术有限公司,大专,10K-20K,['五险一金'],1-3年
软件测试,中软国际科技服务有限公司,本科,薪资面议,"['周末双休', '节日福利', '五险一金', '绩效奖金', '员工旅游']",3-5年
移动端测试,深圳市德科信息技术有限公司,大专,8K-16K,"['员工旅游', '带薪年假', '节日福利', '周末双休', '全勤奖']",3-5年
前端工程师,信必优(深圳)信息技术有限公司,大专,15K-25K,[],5-10年
02895-项目运维工程师,顺丰速运有限公司,本科,10K-18K,"['五险一金', '餐补', '定期体检']",3-5年
大数据开发工程师,深圳市德科信息技术有限公司,大专,15K-20K,"['每年多次调薪', '五险一金', '周末双休', '年底双薪', '带薪年假']",3-5年
大数据开发工程师,中软国际科技服务有限公司,本科,薪资面议,[],1-3年
算法工程师,智联RPO,本科,20K-30K,"['节日福利', '五险一金', '年底双薪', '绩效奖金', '带薪年假']",3-5年
大数据研发技术经理-1,上海岱美企业管理咨询有限公司,学历不限,50K-70K,"['五险一金', '年底双薪', '带薪年假']",不限
AI测试脚本开发,中软国际科技服务有限公司,大专,薪资面议,"['五险一金', '节日福利', '带薪年假', '免费班车', '周末双休']",1-3年
运维开发工程师,深圳市环球易购电子商务有限公司,大专,15K-25K,['五险一金'],3-5年
大数据开发（急招3人）,深圳市德科信息技术有限公司,大专,10K-15K,"['五险一金', '年底双薪', '交通补助', '带薪年假', '员工旅游']",3-5年
前端VUE,信必优(深圳)信息技术有限公司,大专,15K-17K,"['五险一金', '带薪年假', '补充医疗保险', '定期体检', '周末双休']",5-10年
后端开发工程师 - 直播/实时通信,北京字节跳动科技有限公司,本科,25K-50K,['弹性工作'],3-5年
移动端测试工程师,深圳市德科信息技术有限公司,本科,10K-20K,"['五险一金', '带薪年假', '员工旅游', '节日福利', '周末双休']",3-5年
app测试,深圳市德科信息技术有限公司,本科,10K-20K,"['年底双薪', '节日福利', '带薪年假', '五险一金', '周末双休']",3-5年
测试（本科）,深圳市德科信息技术有限公司,本科,9K-16K,"['五险一金', '带薪年假', '员工旅游', '节日福利', '周末双休']",1-3年
软件工程师(WIFI),深圳市创联测试技术有限公司,大专,4K-6K,"['包住', '14薪', '大牛带队', '项目奖金', '周末双休']",不限
大数据开发工程师急需,深圳市德科信息技术有限公司,大专,12K-21K,"['年底双薪', '节日福利', '带薪年假', '五险一金', '周末双休']",3-5年
【腾讯】微视数据运营助理（数据提取/熟悉MYSQL）,中软国际科技服务有限公司,大专,薪资面议,"['五险一金', '定期体检', '弹性工作', '带薪年假', '周末双休']",1-3年
c++工程师,深圳市德科信息技术有限公司,本科,10K-15K,"['五险一金', '节日福利', '年终分红']",3-5年
C++开发工程师,中软国际科技服务有限公司,本科,薪资面议,"['五险一金', '加班补助', '餐补', '定期体检', '弹性工作']",1-3年
开发测试岗位,深圳市创联测试技术有限公司,大专,4K-6K,"['包住', '14薪', '大牛带队', '项目奖金', '周末双休']",不限
数据库工程师,深圳市德科信息技术有限公司,大专,10K-18K,"['员工旅游', '带薪年假', '节日福利', '周末双休', '全勤奖']",3-5年
软件测试技术员3905,OPPO广东移动通信有限公司,大专,7K-10K,[],1-3年
数据库应用开发工程师（广州）,碧桂园控股,硕士,薪资面议,"['带薪年假', '公司重点项目', '包住', '周末双休', '包吃']",不限
c++工程师,深圳市德科信息技术有限公司,本科,10K-15K,"['五险一金', '节日福利', '年终分红']",3-5年
【腾讯】数据分析助理（熟练MYSQL/报表制作等）,中软国际科技服务有限公司,本科,薪资面议,"['五险一金', '定期体检', '弹性工作', '带薪年假', '周末双休']",1-3年
阳光人寿总公司-信息技术部-运维工程师,阳光保险集团股份有限公司,本科,薪资面议,"['五险一金', '绩效奖金', '采暖补贴', '弹性工作', '补充医疗保险']",1-3年
0223C5-数据挖掘分析岗,中国平安人寿保险股份有限公司,本科,薪资面议,"['五险一金', '带薪年假', '节日福利']",3-5年
大数据开发工程师,亿达信息技术有限公司深圳分公司,本科,15K-25K,"['五险一金', '年底双薪', '加班补助', '交通补助', '带薪年假']",5-10年
web前端(急需),深圳市德科信息技术有限公司,本科,10K-15K,"['五险一金', '绩效奖金', '不加班', '公司重点项目', '周末双休']",3-5年
大数据研发技术经理,上海岱美企业管理咨询有限公司,学历不限,50K-70K,"['五险一金', '年底双薪', '带薪年假']",不限
BI工程师,深圳市德科信息技术有限公司,大专,10K-17K,"['每年多次调薪', '五险一金', '周末双休', '年底双薪', '带薪年假']",3-5年
数据分析策划gz,中软国际科技服务有限公司,大专,薪资面议,"['五险一金', '节日福利', '周末双休', '带薪年假', '绩效奖金']",1-3年
腾讯数据分析工程师,中软国际科技服务有限公司,本科,薪资面议,"['五险一金', '交通补助', '周末双休', '节日福利', '免费班车']",1-3年
测试工程师,深圳市德科信息技术有限公司,大专,10K-15K,"['周末双休', '五险一金', '补充医疗保险', '年底双薪', '弹性工作']",3-5年
初中高级软件测试,深圳市德科信息技术有限公司,大专,8K-16K,"['五险一金', '周末双休', '年底双薪', '补充医疗保险', '节日福利']",不限
高级软件工程师（Scala),穆迪信息咨询（深圳）有限公司,本科,15K-30K,"['五险一金', '弹性工作', '全额公积金', '试用期全额', '补充医疗保险']",5-10年
测试工程师（初中高级）,深圳市德科信息技术有限公司,大专,10K-15K,"['员工旅游', '带薪年假', '节日福利', '周末双休', '全勤奖']",3-5年
软件测试工程师-腾讯微视,中软国际科技服务有限公司,大专,薪资面议,"['五险一金', '节日福利', '带薪年假', '周末双休', '健身俱乐部']",1-3年
自动化测试（XH-05)）,深圳市创联测试技术有限公司,大专,4K-6K,"['包住', '14薪', '大牛带队', '项目奖金', '周末双休']",不限
自动化测试,深圳市德科信息技术有限公司,大专,10K-15K,"['五险一金', '绩效奖金', '不加班', '公司重点项目', '周末双休']",3-5年
服务端核心研发高级/资深工程师 - Growth研发,北京字节跳动科技有限公司,本科,25K-50K,"['弹性工作', '餐补']",3-5年
大数据应用部资深数据应用研发岗,富德保险控股股份有限公司,本科,9K-18K,"['五险一金', '餐补', '通讯补助', '带薪年假', '补充医疗保险']",3-5年
Linux软件测试 统招本科,信必优(深圳)信息技术有限公司,本科,10K-15K,"['五险一金', '带薪年假', '补充医疗保险', '定期体检', '周末双休']",5-10年
大数据工程师中高级❤（深圳急招）,深圳市德科信息技术有限公司,大专,15K-20K,"['每年多次调薪', '五险一金', '周末双休', '年底双薪', '带薪年假']",3-5年
测试工程师,深圳市德科信息技术有限公司,本科,9K-18K,"['五险一金', '带薪年假', '员工旅游', '节日福利', '周末双休']",3-5年
Java开发工程师（中级）,深圳市中盛瑞达科技有限公司,大专,8K-16K,"['五险一金', '年底双薪', '交通补助', '餐补', '通讯补助']",3-5年
大数据工程师,深圳市德科信息技术有限公司,本科,10K-20K,"['五险一金', '带薪年假', '员工旅游', '节日福利', '周末双休']",3-5年
数据库应用开发工程师(J31455),碧桂园控股,本科,薪资面议,"['带薪年假', '公司重点项目', '五险一金', '通讯补助', '绩效奖金']",不限
ETL开发工程师,深圳市中盛瑞达科技有限公司,大专,8K-16K,"['五险一金', '年底双薪', '餐补', '带薪年假', '节日福利']",1-3年
高级oracle DBA,深圳市环球易购电子商务有限公司,学历不限,18K-35K,[],3-5年
数据分析师（反欺诈策略）,美利金融,学历不限,10K-20K,"['五险一金', '绩效奖金', '带薪年假', '弹性工作', '周末双休']",3-5年
测试工程师,深圳市德科信息技术有限公司,本科,9K-18K,"['五险一金', '带薪年假', '员工旅游', '节日福利', '周末双休']",3-5年
初级大数据工程师,深圳市德科信息技术有限公司,大专,10K-15K,"['五险一金', '带薪年假', '节日福利', '员工旅游', '周末双休']",3-5年
【微信】运维工程师,中软国际科技服务有限公司,大专,薪资面议,"['五险一金', '节日福利', '带薪年假', '免费班车', '周末双休']",1-3年
数据分析师（信贷策略）,美利金融,学历不限,10K-20K,"['五险一金', '绩效奖金', '带薪年假', '弹性工作', '周末双休']",3-5年
Java开发工程师（高级）,深圳市中盛瑞达科技有限公司,大专,12K-24K,"['五险一金', '年底双薪', '交通补助', '餐补', '通讯补助']",5-10年
0223D5-业务规划岗,中国平安人寿保险股份有限公司,本科,薪资面议,"['五险一金', '节日福利', '带薪年假', '绩效奖金', '高温补贴']",1-3年
测试主管,深圳市德科信息技术有限公司,本科,8K-16K,"['五险一金', '带薪年假', '节日福利', '员工旅游', '周末双休']",3-5年
总行零售金融总部数据产品平台,招商银行,学历不限,薪资面议,[],1-3年
自动化测试,信必优(深圳)信息技术有限公司,本科,14K-16K,"['五险一金', '带薪年假', '定期体检', '13薪', '员工旅游']",5-10年
【腾讯】欢乐游戏+web后端开发,中软国际科技服务有限公司,大专,薪资面议,"['五险一金', '节日福利', '周末双休', '带薪年假', '员工旅游']",1-3年
Twilio TAM(Technical Account Manager),深圳市梦网科技发展有限公司,本科,10K-20K,"['节日福利', '五险一金', '年底双薪', '绩效奖金', '加班补助']",5-10年
Twilio solution Architect,深圳市梦网科技发展有限公司,本科,20K-30K,"['节日福利', '五险一金', '年底双薪', '绩效奖金', '加班补助']",5-10年
高级/资深运维工程师G00725,浙江集享电子商务有限公司,本科,10K-15K,"['五险一金', '全勤奖', '餐补', '定期体检', '弹性工作']",5-10年
平台软件测试工程师（无线模块）,深圳市万普拉斯科技有限公司,本科,10K-15K,[],1-3年
PCG09-信息流资讯推荐算法高级工程师（深圳）,深圳市腾讯计算机系统有限公司,学历不限,薪资面议,[],无经验
SNG12-运营开发工程师（深圳）,深圳市腾讯计算机系统有限公司,学历不限,薪资面议,[],不限
31871-BMC系统设计工程师,深圳市腾讯计算机系统有限公司,学历不限,薪资面议,[],无经验
PCG10-PCG搜索算法工程师（排序层）,深圳市腾讯计算机系统有限公司,学历不限,薪资面议,[],无经验
TEG07-web前端开发工程师（深圳）,深圳市腾讯计算机系统有限公司,学历不限,薪资面议,[],不限
TEG15-计费运营开发工程师（深圳）,深圳市腾讯计算机系统有限公司,学历不限,薪资面议,[],不限
31504-云开发体验改进工程师,深圳市腾讯计算机系统有限公司,学历不限,薪资面议,[],无经验
Java Developer,北京神州新桥科技有限公司,本科,10K-16K,"['五险一金', '绩效奖金', '餐补', '带薪年假', '弹性工作']",3-5年
18428-财付通清算业务测试工程师（深圳）,深圳市腾讯计算机系统有限公司,学历不限,薪资面议,[],不限
java开发工程师(后台）,富士康科技集团,本科,15K-25K,"['五险一金', '年底双薪', '绩效奖金', '带薪年假', '定期体检']",5-10年
机器人老师/教学/明星代言,深圳童程童美教育有限公司,本科,8K-13K,"['绩效奖金', '五险一金', '餐补', '带薪年假', '加班补助']",不限
软件测试,深圳市德科信息技术有限公司,大专,10K-15K,"['周末双休', '节日福利', '带薪年假', '员工旅游', '每年多次调薪']",3-5年
射击类游戏测试【驻点腾讯】,中软国际科技服务有限公司,大专,薪资面议,"['餐补', '节日福利', '五险一金', '年底双薪', '免费班车']",1-3年
研发工程师(深圳）,南凌科技股份有限公司,本科,12K-20K,"['节日福利', '五险一金', '全勤奖', '餐补', '带薪年假']",1-3年
算法工程师,深圳市环球易购电子商务有限公司,本科,20K-40K,[],不限
数据运营与分析工程师,顺丰科技有限公司,本科,薪资面议,"['五险一金', '餐补', '定期体检', '节日福利', '通讯补助']",5-10年
大数据开发工程师,深圳市德科信息技术有限公司,本科,10K-15K,"['每年多次调薪', '五险一金', '年底双薪', '员工旅游', '节日福利']",3-5年
数据分析实习生,百融云创科技股份有限公司,本科,4K-6K,"['五险一金', '年底双薪', '绩效奖金', '交通补助', '餐补']",不限
bi,深圳市德科信息技术有限公司,大专,10K-18K,"['每年多次调薪', '五险一金', '周末双休', '年底双薪', '带薪年假']",3-5年
29912-微视高级后台开发工程师,深圳市腾讯计算机系统有限公司,学历不限,薪资面议,[],无经验
php开发工程师,中软国际科技服务有限公司,本科,薪资面议,[],1-3年
NLP算法工程师 - 创新工具,北京字节跳动科技有限公司,本科,30K-60K,['弹性工作'],不限
BI工程师急需,深圳市德科信息技术有限公司,大专,10K-18K,"['年底双薪', '节日福利', '带薪年假', '五险一金', '周末双休']",3-5年
bi开发工程师#,深圳市德科信息技术有限公司,大专,10K-15K,"['年底双薪', '节日福利', '带薪年假', '五险一金', '周末双休']",1-3年
java工程师1,深圳市德科信息技术有限公司,本科,9K-18K,"['年底双薪', '五险一金', '周末双休', '加班补助', '带薪年假']",3-5年
测试工程师,深圳市德科信息技术有限公司,本科,9K-18K,"['年底双薪', '五险一金', '周末双休', '加班补助', '带薪年假']",3-5年
资深渗透测试工程师,北京字节跳动科技有限公司,本科,30K-60K,['弹性工作'],3-5年
资深安全研发工程师,北京字节跳动科技有限公司,本科,30K-60K,['弹性工作'],3-5年
运维工程师,深圳市德科信息技术有限公司,大专,10K-15K,"['五险一金', '节日福利', '年终分红']",3-5年
ERP工程师,深圳市奔凯安全技术股份有限公司,本科,6K-8K,"['五险一金', '绩效奖金', '带薪年假', '节日福利', '周末双休']",3-5年
运维工程师,深圳市法本信息技术股份有限公司,大专,10K-15K,"['带薪年假', '节日福利', '不加班', '周末双休', '五险一金']",1-3年
大数据高级开发工程师,深圳市环球易购电子商务有限公司,本科,20K-40K,"['节日福利', '绩效奖金']",5-10年
web前端(急需),深圳市德科信息技术有限公司,本科,10K-15K,"['五险一金', '绩效奖金', '不加班', '公司重点项目', '周末双休']",3-5年
数据挖掘高级工程师(J10453),东风日产乘用车公司,本科,25K-42K,[],5-10年
私有云运维工程师,深圳市中盛瑞达科技有限公司,大专,7K-14K,"['五险一金', '年底双薪', '绩效奖金', '交通补助', '餐补']",1-3年
大数据开发q,深圳市德科信息技术有限公司,本科,10K-20K,"['年底双薪', '五险一金', '周末双休', '加班补助', '带薪年假']",3-5年
全栈工程师-国际化技术 - 抖音/火山,北京字节跳动科技有限公司,本科,25K-50K,['弹性工作'],3-5年
初级java,深圳市德科信息技术有限公司,本科,8K-12K,"['每年多次调薪', '五险一金', '周末双休', '年底双薪', '带薪年假']",1-3年
机器人老师/教学/总部直招,深圳童程童美教育有限公司,大专,8K-12K,"['绩效奖金', '五险一金', '餐补', '带薪年假', '加班补助']",不限
后台架构师 - 创新工具,北京字节跳动科技有限公司,本科,50K-100K,"['弹性工作', '餐补']",5-10年
资深软件测试工程师,深圳世联行集团股份有限公司,本科,15K-25K,"['周末双休', '五险一金', '餐补', '通讯补助', '带薪年假']",3-5年
软件编程java,深圳市深为软件技术有限公司,大专,6K-8K,"['14薪', '五险一金', '全勤奖', '餐补', '房补']",无经验
web前端,深圳市德科信息技术有限公司,本科,10K-15K,"['五险一金', '绩效奖金', '不加班', '公司重点项目', '周末双休']",3-5年
TEG02-光网络控制系统高级研发工程师（深圳）,深圳市腾讯计算机系统有限公司,学历不限,薪资面议,[],无经验
游戏测试（2020届本科生）,深圳市德科信息技术有限公司,本科,4K-7K,"['员工旅游', '节日福利']",无经验
0222LO-数据运营团队规划/PMO岗,中国平安人寿保险股份有限公司,本科,薪资面议,"['五险一金', '带薪年假', '定期体检', '节日福利', '绩效奖金']",1-3年
0322Y4-数据挖掘岗,中国平安财产保险股份有限公司,硕士,薪资面议,"['五险一金', '带薪年假', '定期体检', '节日福利', '绩效奖金']",3-5年
项目工程师,维豪集团,大专,5K-6.5K,"['五险一金', '带薪年假', '定期体检', '节日福利']",1-3年
运维工程师 ,顺丰科技有限公司,本科,薪资面议,"['五险一金', '餐补', '定期体检', '节日福利', '通讯补助']",3-5年
算法工程师,中软国际科技服务有限公司,大专,薪资面议,"['五险一金', '周末双休', '节日福利', '年度体检', '员工团建']",3-5年
运维工程师,深圳市德科信息技术有限公司,大专,10K-15K,"['五险一金', '节日福利', '年终分红']",3-5年
软件测试工程师,中软国际科技服务有限公司,大专,薪资面议,"['五险一金', '周末双休', '节日福利', '定期团建', '带薪年假']",3-5年
高级测试开发工程师（机器学习评估评测方向）,北京字节跳动科技有限公司,本科,20K-40K,[],3-5年
算法工程师,歌尔股份有限公司,本科,15K-25K,"['包住', '绩效奖金', '免费班车', '节日福利', '定期体检']",5-10年
资深运维工程师,深圳市环球易购电子商务有限公司,大专,20K-40K,"['节日福利', '绩效奖金']",3-5年
软件开发java工程师,深圳智联慧通技术有限公司,大专,6K-8K,"['14薪', '五险一金', '全勤奖', '餐补', '房补']",无经验
自然语言处理/软件工程师（粤语）,纬创软件(珠海),本科,6K-10K,"['五险一金', '年底双薪', '绩效奖金', '带薪年假', '节日福利']",1-3年
java实习生 提供住宿 可转正,深圳前海百川投资管理咨询有限公司,大专,6K-8K,"['14薪', '五险一金', '全勤奖', '餐补', '房补']",无经验
大数据开发岗,智联招聘（RPO&猎头）,本科,15K-30K,"['五险一金', '绩效奖金', '通讯补助', '带薪年假', '餐补']",3-5年
测试开发工程师,北京字节跳动科技有限公司,本科,18K-22K,"['弹性工作', '餐补']",1年以下
测试开发工程师,信必优(深圳)信息技术有限公司,大专,12K-14K,"['五险一金', '带薪年假', '补充医疗保险', '定期体检', '周末双休']",3-5年
语音识别算法工程师,碧桂园控股,本科,薪资面议,"['带薪年假', '公司重点项目', '包住', '周末双休', '包吃']",不限
NodeJs 高级研发工程师 - 抖音,北京字节跳动科技有限公司,本科,25K-50K,['弹性工作'],3-5年
业务安全攻防负责人,北京字节跳动科技有限公司,本科,50K-100K,['弹性工作'],5-10年
视频架构SRE(高级)工程师,北京字节跳动科技有限公司,本科,20K-40K,['弹性工作'],不限
自然语言处理工程师,纬创软件(珠海),本科,10K-20K,"['五险一金', '带薪年假', '员工旅游', '节日福利', '周末双休']",不限
数据库开发工程师,深圳市德科信息技术有限公司,本科,10K-20K,"['五险一金', '带薪年假', '员工旅游', '节日福利', '周末双休']",3-5年
NewSQL研发工程师,北京字节跳动科技有限公司,本科,30K-60K,"['弹性工作', '五险一金']",3-5年
安全研发工程师,北京字节跳动科技有限公司,本科,30K-60K,['弹性工作'],3-5年
自然语言处理,纬创软件(珠海),本科,6K-12K,"['五险一金', '节日福利', '带薪年假', '大牛带队', '周末双休']",不限
java开发工程师,深圳市德科信息技术有限公司,本科,10K-15K,"['周末双休', '五险一金', '节日福利', '带薪年假', '员工旅游']",3-5年
Advisory Testing Engineer,联想(北京)有限公司,本科,薪资面议,"['五险一金', '绩效奖金', '餐补', '带薪年假', '弹性工作']",5-10年
后台基础开发工程师,北京字节跳动科技有限公司,本科,25K-50K,[],3-5年
3821H5-测试工程师,深圳壹账通智能科技有限公司,本科,10K-15K,['五险一金'],5-10年
总行零售金融总部算法工程师,招商银行,学历不限,薪资面议,[],1-3年
自然语言处理(NLP)工程师,中软国际科技服务有限公司,本科,薪资面议,"['五险一金', '年终分红', '加班补助', '绩效奖金', '弹性工作']",3-5年
自动化测试+上市公司,纬创软件 (武汉),本科,13K-18K,"['五险一金', '年底双薪', '绩效奖金', '年终分红', '加班补助']",3-5年
【腾讯云】AI后台研发工程师,中软国际科技服务有限公司,本科,薪资面议,"['五险一金', '年底双薪', '绩效奖金', '加班补助', '全勤奖']",1-3年
总行零售金融总部算法工程师（风险）,招商银行,学历不限,薪资面议,[],1-3年
项目助理【腾讯外包】,中软国际科技服务有限公司,本科,薪资面议,"['五险一金', '交通补助', '带薪年假', '免费班车', '节日福利']",1-3年
大数据开发工程师 2,深圳市德科信息技术有限公司,本科,10K-15K,[],3-5年
基础架构工程师（性能优化） - 抖音/火山,北京字节跳动科技有限公司,本科,25K-50K,['弹性工作'],1-3年
数据库工程师（DBA）,北京字节跳动科技有限公司,本科,35K-70K,"['弹性工作', '五险一金']",3-5年
【腾讯云】前端开发工程师,中软国际科技服务有限公司,大专,薪资面议,"['五险一金', '年底双薪', '绩效奖金', '加班补助', '全勤奖']",1-3年
高级后台开发 - 抖音/火山,北京字节跳动科技有限公司,本科,25K-50K,['弹性工作'],3-5年
高级测试工程师-抖音 - 互娱研发,北京字节跳动科技有限公司,本科,25K-50K,['弹性工作'],3-5年
机器学习工程师,纬创软件(珠海),本科,10K-20K,"['五险一金', '带薪年假', '员工旅游', '节日福利', '周末双休']",不限
Ai智能推荐系统高级工程师(J10454),东风日产乘用车公司,本科,25K-42K,[],5-10年
对象存储研发工程师,北京字节跳动科技有限公司,本科,35K-70K,"['弹性工作', '餐补']",5-10年
高级测试开发工程师（客户端专项与自动化方向）,北京字节跳动科技有限公司,本科,20K-40K,[],3-5年
中间件管理岗(J18909),太平金融科技服务(上海)有限公司,本科,10K-15K,"['高温补贴', '节日福利', '定期体检', '补充医疗保险', '每年多次调薪']",3-5年
基础架构(高级)研发工程师 - 融合CDN,北京字节跳动科技有限公司,本科,20K-40K,['弹性工作'],不限
数据挖掘算法工程师 - lark,北京字节跳动科技有限公司,本科,30K-60K,['弹性工作'],3-5年
配置管理工程师,中软国际科技服务有限公司,本科,薪资面议,"['五险一金', '绩效奖金', '全勤奖', '弹性工作']",3-5年
导航算法工程师 （路径规划方向）（广州）,碧桂园控股,硕士,薪资面议,"['带薪年假', '公司重点项目', '包住', '周末双休', '包吃']",不限
后台开发工程师,北京字节跳动科技有限公司,本科,18K-22K,"['弹性工作', '餐补']",1年以下
后台架构师,北京字节跳动科技有限公司,本科,50K-100K,['弹性工作'],5-10年
高级MySQL DBA,深圳市环球易购电子商务有限公司,本科,20K-35K,"['五险一金', '定期体检', '绩效奖金']",3-5年
音视频专项评估工程师,北京字节跳动科技有限公司,本科,25K-50K,"['弹性工作', '餐补']",3-5年
分布式KV / 缓存系统研发工程师,北京字节跳动科技有限公司,本科,35K-70K,"['弹性工作', '餐补']",5-10年
IT培训讲师（Linux）,中公教育广东分公司,本科,10K-15K,"['五险一金', '绩效奖金', '带薪年假', '弹性工作', '定期体检']",不限
搜索算法工程师 - lark,北京字节跳动科技有限公司,本科,30K-60K,['弹性工作'],5-10年
华为 APP测试审核,北京外企德科人力资源服务上海有限公司,本科,10K-15K,[],不限
bi工程师（初中高级）,深圳市德科信息技术有限公司,大专,10K-18K,"['年底双薪', '节日福利', '带薪年假', '五险一金', '周末双休']",3-5年
数据挖掘,深圳市德科信息技术有限公司,本科,10K-15K,"['每年多次调薪', '五险一金', '年底双薪', '员工旅游', '节日福利']",3-5年
软件架构师（博智林机器人）(J31454),碧桂园控股,本科,薪资面议,"['带薪年假', '公司重点项目', '五险一金', '通讯补助', '绩效奖金']",不限
ECAT Test Engineer,联想(北京)有限公司,本科,薪资面议,"['五险一金', '绩效奖金', '餐补', '带薪年假', '弹性工作']",5-10年
总行零售金融总部数据分析策略岗,招商银行,学历不限,薪资面议,[],1-3年
数据库开发工程师,深圳市德科信息技术有限公司,本科,10K-20K,"['五险一金', '带薪年假', '员工旅游', '节日福利', '周末双休']",3-5年
推荐架构SRE工程师 - 抖音/火山,北京字节跳动科技有限公司,本科,25K-40K,['弹性工作'],1-3年
流媒体开发工程师,北京字节跳动科技有限公司,本科,25K-50K,['弹性工作'],3-5年
云数据库研发工程师-RDS MySQL,北京字节跳动科技有限公司,本科,30K-60K,"['弹性工作', '五险一金']",3-5年
01216K-数据咨询顾问,中国平安保险（集团）股份有限公司,本科,薪资面议,"['五险一金', '绩效奖金', '节日福利', '高温补贴', '定期体检']",3-5年
软件测试,中软国际科技服务有限公司,大专,薪资面议,"['五险一金', '节日福利', '带薪年假', '每年多次调薪', '双休']",3-5年
文档数据库研发工程师,北京字节跳动科技有限公司,本科,30K-60K,"['弹性工作', '五险一金']",3-5年
开发工程师,纬创软件(珠海),本科,10K-15K,"['五险一金', '节日福利', '带薪年假', '大牛带队', '周末双休']",不限
高级数据分析师3976,OPPO广东移动通信有限公司,本科,30K-40K,[],5-10年
大数据开发工程师 2,深圳市德科信息技术有限公司,本科,10K-15K,[],3-5年
测试开发高级工程师,美利金融,本科,17K-24K,"['五险一金', '绩效奖金', '定期体检', '周末双休', '试用期全额']",5-10年
软件集成工程师,中软国际科技服务有限公司,本科,薪资面议,"['五险一金', '带薪年假', '节日福利', '年底双薪', '交通补助']",1-3年
总行零售金融总部数据营销岗,招商银行,学历不限,薪资面议,[],1-3年
安全产品技术运营,软通动力信息技术(集团)有限公司,大专,9K-11K,"['五险一金', '节日福利', '带薪年假', '周末双休', '带团队']",1-3年
资深业务安全攻防专家,北京字节跳动科技有限公司,本科,30K-60K,['弹性工作'],5-10年
【腾讯云】在线教育系统测试工程师,中软国际科技服务有限公司,大专,薪资面议,"['五险一金', '年底双薪', '绩效奖金', '加班补助', '全勤奖']",1-3年
PHP开发工程师,中软国际科技服务有限公司,本科,薪资面议,"['五险一金', '带薪年假', '弹性工作', '定期体检', '节日福利']",1-3年
系统开发、测试、运维类岗位,深圳证券通信有限公司,本科,8K-16K,"['五险一金', '年底双薪', '餐补', '定期体检', '带薪年假']",不限
信息安全类岗位,深圳证券通信有限公司,本科,8K-16K,"['五险一金', '年底双薪', '餐补', '定期体检', '带薪年假']",不限
软件测试工程师,深圳市创联测试技术有限公司,本科,8K-10K,"['五险一金', '绩效奖金', '弹性工作', '周末双休', '节日福利']",3-5年
NLP,信必优(深圳)信息技术有限公司,本科,12K-18K,"['五险一金', '带薪年假', '补充医疗保险', '定期体检', '周末双休']",3-5年
初级软件测试开发工程师（晋升大）,深圳市克乐科技有限公司,大专,6K-8K,"['14薪', '五险一金', '全勤奖', '餐补', '房补']",无经验
高级数据分析师（反欺诈）,深圳前海达飞金融服务有限公司,本科,10K-15K,"['五险一金', '带薪年假', '补充医疗保险', '绩效奖金', '定期体检']",1-3年
18796-TGP高级数据分析师,深圳市腾讯计算机系统有限公司,学历不限,薪资面议,[],不限
机器人老师/教学/明星代言,深圳童程童美教育有限公司,大专,10K-15K,"['绩效奖金', '五险一金', '餐补', '带薪年假', '加班补助']",1-3年
网络编程工程师,三门峡崤云安全服务有限公司,本科,8K-16K,"['五险一金', '周末双休', '年底双薪']",5-10年
算法工程师,深圳市创联测试技术有限公司,大专,4K-6K,"['包住', '14薪', '大牛带队', '项目奖金', '周末双休']",不限
CSIG17-腾讯云虚拟化高级测试工程师,深圳市腾讯计算机系统有限公司,学历不限,薪资面议,[],无经验
30359-欧拉-大数据开发高级工程师（深圳）,深圳市腾讯计算机系统有限公司,学历不限,薪资面议,[],无经验
运维开发工程师,北京神州新桥科技有限公司,本科,10K-20K,"['五险一金', '绩效奖金', '年终分红', '餐补', '带薪年假']",3-5年
算法实习生,深圳道町互联网科技有限公司,大专,8K-10K,"['五险一金', '年底双薪', '绩效奖金', '加班补助', '全勤奖']",不限
java游戏开发+双休奖金,深圳市克乐科技有限公司,大专,6K-8K,"['14薪', '五险一金', '全勤奖', '餐补', '房补']",无经验
急聘运维/CI集成工程师,深圳市创联测试技术有限公司,大专,4K-6K,"['包住', '14薪', '大牛带队', '项目奖金', '周末双休']",不限
运维开发工程师G00728,浙江集享电子商务有限公司,本科,15K-30K,"['五险一金', '全勤奖', '餐补', '定期体检', '弹性工作']",5-10年
大数据平台架构师/经理 -WLW,深圳市梦网科技发展有限公司,本科,20K-40K,"['五险一金', '年底双薪', '股票期权', '带薪年假', '员工旅游']",3-5年
软件测试工程师,深圳盈富斯科技有限公司,本科,6K-12K,"['每年多次调薪', '年底双薪', '五险一金', '绩效奖金', '弹性工作']",1-3年
软件测试讲师,深圳博睿同创信息技术有限公司,大专,10K-15K,"['五险一金', '全勤奖', '节日福利', '绩效奖金', '年底双薪']",3-5年
31504-自研上云容器开发工程师,深圳市腾讯计算机系统有限公司,学历不限,薪资面议,[],无经验
数据开发实习生 食宿 双休,深圳前海百川投资管理咨询有限公司,大专,6K-8K,"['14薪', '五险一金', '全勤奖', '餐补', '房补']",无经验
大数据开发实习生,深圳道町互联网科技有限公司,大专,6K-8K,"['五险一金', '年底双薪', '绩效奖金', '加班补助', '全勤奖']",不限
运维工程师,网宿科技,本科,8K-16K,"['五险一金', '绩效奖金', '股票期权', '餐补', '通讯补助']",1-3年
助理DBA数据库管理员/包住/5K,深圳市创联测试技术有限公司,学历不限,3.5K-7K,"['五险一金', '包住', '节日福利', '弹性工作', '定期体检']",不限
TEG15-智能运维算法高级工程师（深圳）,深圳市腾讯计算机系统有限公司,学历不限,薪资面议,[],无经验
HY2-数据运维工程师（深圳）,深圳市腾讯计算机系统有限公司,学历不限,薪资面议,[],不限
系统运维工程师,北京神州新桥科技有限公司,本科,12K-16K,"['五险一金', '绩效奖金', '年终分红', '餐补', '带薪年假']",3-5年
后端NodeJS工程师,上海宣优技术服务中心,本科,25K-37K,"['绩效奖金', '五险一金', '年底双薪', '餐补', '房补']",3-5年
高级软件测试工程师,深圳市融会通网络科技有限公司,大专,15K-25K,"['五险一金', '绩效奖金', '员工旅游', '年底双薪']",5-10年
h5游戏客户端初级开发,深圳泽派信息技术有限公司,大专,6K-8K,"['14薪', '五险一金', '全勤奖', '餐补', '房补']",无经验
材料力学副研究员,东莞材料基因高等理工研究院,博士,20K-33.3K,"['周末双休', '五险一金', '带薪年假', '定期体检', '节日福利']",不限
大数据开发工程师,智联网络技术有限公司,大专,10K-20K,"['五险一金', '年底双薪', '带薪年假', '绩效奖金', '定期体检']",3-5年
图像识别算法实习生,深圳道町互联网科技有限公司,本科,6K-8K,[],不限
linux系统运维工程师,联想云领(成都)科技有限公司,本科,9K-12K,"['五险一金', '节日福利', '带薪年假', '定期体检', '全勤奖']",1-3年
TEG06-云原生架构师（深圳）,深圳市腾讯计算机系统有限公司,学历不限,薪资面议,[],无经验
大数据开发实习生,深圳道町互联网科技有限公司,大专,6K-8K,"['五险一金', '年底双薪', '绩效奖金', '加班补助', '全勤奖']",不限
稽核监察部 南区稽核中心 BI数据分析岗,阳光保险集团股份有限公司,本科,薪资面议,"['节日福利', '五险一金', '绩效奖金', '交通补助', '餐补']",1-3年
高级软件开发工程师,富士康科技集团,本科,10K-20K,"['五险一金', '年底双薪', '绩效奖金', '加班补助', '带薪年假']",5-10年
初中级 java开发工程师 ,深圳市博悦科创科技有限公司,本科,10K-15K,"['员工旅游', '定期体检', '周末双休', '节日福利', '五险一金']",1-3年
MIG03-腾讯大数据专项测试工程师（深圳）,深圳市腾讯计算机系统有限公司,学历不限,薪资面议,[],不限
机器学习,三门峡崤云安全服务有限公司,本科,8K-16K,"['五险一金', '周末双休', '年底双薪']",1-3年
unity3d游戏初级开发,深圳智联慧通技术有限公司,大专,6K-8K,"['14薪', '五险一金', '全勤奖', '餐补', '房补']",无经验
大数据开发工程师,深圳市睿服科技有限公司,本科,15K-20K,"['五险一金', '年底双薪', '餐补', '全勤奖', '不加班']",3-5年
算法工程师助理,深圳道町互联网科技有限公司,大专,8K-10K,"['五险一金', '年底双薪', '绩效奖金', '加班补助', '全勤奖']",不限
游戏运营/游戏测试实习生,深圳市云拓信息科技有限公司,大专,6K-8K,"['五险一金', '全勤奖', '餐补', '房补', '公费旅游']",不限
linux软件工程师,中国长城科技集团股份有限公司,本科,10K-15K,[],1-3年
31504-大数据产品高级咨询顾问（深圳/北京）,深圳市腾讯计算机系统有限公司,学历不限,薪资面议,[],无经验
web前端,深圳泽派信息技术有限公司,大专,6K-8K,"['14薪', '五险一金', '全勤奖', '餐补', '房补']",无经验
测试工程师,联想云领(成都)科技有限公司,大专,9K-15K,"['定期体检', '带薪年假', '周末双休', '节日福利', '五险一金']",3-5年
c++开发工程师（qt）,深圳市拓保软件有限公司,本科,12K-18K,"['五险一金', '绩效奖金', '交通补助', '餐补', '房补']",3-5年
网络信息安全,深圳市创联测试技术有限公司,大专,4K-6K,"['包住', '14薪', '大牛带队', '项目奖金', '周末双休']",不限
神经网络算法实习生,深圳道町互联网科技有限公司,大专,8K-10K,[],不限
机器人老师/教学/明星代言（布吉）,深圳童程童美教育有限公司,大专,8K-12K,"['绩效奖金', '五险一金', '餐补', '带薪年假', '加班补助']",不限
初中级 大数据开发 （平安）,深圳市博悦科创科技有限公司,本科,9K-17K,"['员工旅游', '定期体检', '周末双休', '节日福利', '五险一金']",1-3年
java开发助理/实习生+提供住宿,深圳市凡辰芯科技有限公司,大专,4K-6K,"['周末双休', '五险一金', '年底双薪', '包住', '节日福利']",不限
安全分析工程师（信息安全事件分析工程师，日志分析工程师）,三门峡崤云安全服务有限公司,大专,8K-16K,"['周末双休', '五险一金', '年底双薪']",3-5年
31504-小程序视频方向高级技术顾问,深圳市腾讯计算机系统有限公司,学历不限,薪资面议,[],无经验
运维开发工程师,中泰证券股份有限公司,本科,15K-25K,"['周末双休', '五险一金', '交通补助', '餐补', '通讯补助']",3-5年
高级渗透测试工程师,立达信物联科技股份有限公司,本科,16K-30K,"['五险一金', '带薪年假', '绩效奖金', '周末双休', '节日福利']",3-5年
网络开发工程师-深圳-00939,网宿科技,本科,20K-40K,"['五险一金', '绩效奖金', '餐补', '通讯补助', '带薪年假']",3-5年
php架构师,喂喂科技(深圳)有限公司,本科,20K-30K,"['五险一金', '周末双休', '年底双薪', '节日福利']",5-10年
测试/可靠性工程师,广州市多测师信息技术有限公司,大专,6K-8K,"['五险一金', '年底双薪', '绩效奖金', '带薪年假', '节日福利']",1-3年
软件测试,深圳市博悦科创科技有限公司,本科,8K-15K,"['员工旅游', '定期体检', '周末双休', '节日福利', '五险一金']",1-3年
TEG10-资源管理开发（深圳）,深圳市腾讯计算机系统有限公司,学历不限,薪资面议,[],不限
31504-高级开发工程-web方向,深圳市腾讯计算机系统有限公司,学历不限,薪资面议,[],无经验
PCG09-信息流推荐算法工程师,深圳市腾讯计算机系统有限公司,学历不限,薪资面议,[],无经验
数据库开发助理,深圳前海百川投资管理咨询有限公司,大专,6K-8K,"['14薪', '五险一金', '全勤奖', '餐补', '房补']",无经验
应用运维工程师,恒大金融财富管理(深圳)有限公司,本科,20K-30K,"['五险一金', '500强', '大牛带队', '绩效奖金', '包吃']",3-5年
算法工程师,深圳升职岛科技有限公司,硕士,20K-30K,"['五险一金', '绩效奖金', '每年多次调薪', '节日福利', '周末双休']",3-5年
应用安全管理岗,太平金融科技服务(上海)有限公司,本科,10K-15K,"['高温补贴', '节日福利', '定期体检', '补充医疗保险', '每年多次调薪']",1-3年
信息安全工程师（面向应届毕业生）,深圳市创联测试技术有限公司,学历不限,4K-6K,"['14薪', '包住', '大牛带队', '公司重点项目', '年终分红']",不限
大数据分析架构师,三门峡崤云安全服务有限公司,本科,20K-25K,"['周末双休', '五险一金', '年底双薪']",5-10年
材料科学与工程助理研究员,东莞材料基因高等理工研究院,硕士,12.5K-25K,"['周末双休', '五险一金', '带薪年假', '定期体检', '节日福利']",不限
软件测试讲师+待遇好,深圳博睿同创信息技术有限公司,大专,10K-15K,"['五险一金', '年底双薪', '全勤奖', '包吃', '包住']",3-5年
系统运维工程师,恒大金融财富管理(深圳)有限公司,本科,18K-30K,"['五险一金', '500强', '大牛带队']",3-5年
材料力学助理研究员,东莞材料基因高等理工研究院,硕士,12.5K-25K,"['周末双休', '五险一金', '带薪年假', '定期体检', '节日福利']",不限
PHP程序员,深圳市中企工联保家电服务有限公司,大专,12K-20K,"['五险一金', '绩效奖金', '全勤奖', '包住', '餐补']",3-5年
材料力学研究员,东莞材料基因高等理工研究院,博士,30K-60K,"['周末双休', '五险一金', '带薪年假', '定期体检', '节日福利']",不限
web测试+待遇好,深圳市博睿思创软件技术有限公司,大专,8K-10K,"['五险一金', '年底双薪', '全勤奖', '包吃', '包住']",不限
博士后（图像算法）,广东奥普特科技股份有限公司,博士,20K-40K,"['五险一金', '包吃', '包住', '带薪年假', '员工旅游']",不限
2019/2018年校招,深圳市创联测试技术有限公司,学历不限,4K-6K,"['14薪', '包住', '大牛带队', '公司重点项目', '年终分红']",不限
数据库(mysql),瑞鹏宠物医疗集团有限公司,本科,14K-18K,"['五险一金', '节日福利', '绩效奖金', '高温补贴', '年底双薪']",1-3年
材料科学与工程研究员,东莞材料基因高等理工研究院,博士,30K-60K,"['周末双休', '五险一金', '带薪年假', '定期体检', '节日福利']",不限
IC验证工程师,深圳市创联测试技术有限公司,大专,4K-6K,"['包住', '14薪', '大牛带队', '项目奖金', '周末双休']",不限
数值模拟研究员/数值模拟助理研究员,东莞材料基因高等理工研究院,硕士,12.5K-25K,"['五险一金', '带薪年假', '定期体检', '节日福利', '免费停车']",1-3年
游戏测试+住宿,深圳市克乐科技有限公司,大专,6K-8K,"['14薪', '五险一金', '全勤奖', '餐补', '房补']",无经验
网络工程师,深圳市联合利丰供应链管理有限公司,本科,10K-15K,"['五险一金', '年底双薪', '餐补', '带薪年假', '定期体检']",3-5年
PCG09-QQ看点IOS开发工程师,深圳市腾讯计算机系统有限公司,学历不限,薪资面议,[],无经验
28607-113 微信支付大数据平台开发工程师（深圳）,深圳市腾讯计算机系统有限公司,学历不限,薪资面议,[],无经验
服务器管理员岗,富德保险控股股份有限公司,本科,9K-15K,"['五险一金', '补充医疗保险', '定期体检', '通讯补助', '年终分红']",3-5年
高级数据分析师（深圳）,佰聆数据股份有限公司,本科,12K-20K,"['五险一金', '股票期权', '餐补', '通讯补助', '带薪年假']",3-5年
大数据开发工程师,深圳市先进数通融安信息技术有限公司,本科,14K-20K,"['五险一金', '年底双薪', '绩效奖金', '加班补助', '带薪年假']",3-5年
php工程师,深圳市中企工联保家电服务有限公司,大专,9K-18K,"['五险一金', '全勤奖', '包住', '餐补', '节日福利']",1-3年
SNG03-数据挖掘工程师（深圳）,深圳市腾讯计算机系统有限公司,学历不限,薪资面议,[],不限
前端开发工程师（信诺）,深圳市博悦科创科技有限公司,本科,10K-15K,"['五险一金', '年底双薪', '员工旅游', '定期体检', '周末双休']",1-3年
材料科学与工程副研究员,东莞材料基因高等理工研究院,博士,20K-33.3K,"['周末双休', '五险一金', '带薪年假', '定期体检', '节日福利']",不限
人工智能博士,深圳市奥拓电子股份有限公司,博士,30K-50K,"['股票期权', '公司重点项目']",不限
linux系统运维工程师,北京神州新桥科技有限公司,本科,10K-15K,"['五险一金', '餐补', '周末双休', '补充医疗保险', '通讯补助']",3-5年
物联网架构师,上海智聘人力资源有限公司,本科,100K-150K,"['五险一金', '通讯补助', '房补', '年终分红', '股票期权']",1-3年
编程老师（上市公司直招）,深圳童程童美教育有限公司,本科,8K-10K,"['绩效奖金', '五险一金', '餐补', '带薪年假', '加班补助']",不限
java实习生 提供住宿 可转正,深圳前海百川投资管理咨询有限公司,大专,4K-6K,"['14薪', '五险一金', '全勤奖', '餐补', '房补']",无经验
软件开发java工程师,深圳前海百川投资管理咨询有限公司,大专,6K-8K,"['14薪', '五险一金', '全勤奖', '餐补', '房补']",1年以下
BI工程师,深圳市中盛瑞达科技有限公司,大专,8K-16K,"['五险一金', '年底双薪', '餐补', '带薪年假', '节日福利']",1-3年
数据可视化工程师,富士康科技集团,本科,6K-12K,"['五险一金', '年底双薪', '绩效奖金', '定期体检', '带薪年假']",1-3年
Linux运维工程师,深圳市泽汇科技有限公司,本科,10K-13K,"['五险一金', '绩效奖金', '全勤奖', '员工旅游', '节日福利']",1-3年
渗透测试工程师,三门峡崤云安全服务有限公司,大专,6K-12K,"['周末双休', '五险一金', '年底双薪']",3-5年
ROM软件测试工程师_System,深圳市万普拉斯科技有限公司,本科,10K-15K,[],3-5年
TME-WEB前端开发,深圳市腾讯计算机系统有限公司,学历不限,薪资面议,[],无经验
23295-互娱营销增长类后台/数据开发工程师（深圳）,深圳市腾讯计算机系统有限公司,学历不限,薪资面议,[],无经验
DevOps工程师-深圳-01302,网宿科技,本科,15K-30K,"['五险一金', '绩效奖金', '餐补', '通讯补助', '带薪年假']",3-5年
机器学习工程师,深圳市茁壮网络股份有限公司,本科,10K-20K,"['免息房贷', '每年多次调薪', '五险一金', '绩效奖金', '年终分红']",3-5年
大数据平台开发工程师,北京红山信息科技研究院有限公司,本科,15K-30K,"['五险一金', '交通补助', '餐补', '补充医疗保险', '定期体检']",3-5年
自动化测试工程师,深圳市蓝天教育培训学校,大专,10K-15K,"['五险一金', '不加班', '节日福利', '周末双休']",3-5年
自动化运维开发工程师,北京神州新桥科技有限公司,大专,12K-18K,"['五险一金', '绩效奖金', '餐补', '带薪年假', '弹性工作']",3-5年
运维工程师,北京羽实箫恩信息技术股份有限公司,本科,8K-16K,"['绩效奖金', '通讯补助', '员工旅游', '节日福利', '定期体检']",1-3年
33370-车联网运营平台开发工程师（深圳）,深圳市腾讯计算机系统有限公司,学历不限,薪资面议,[],无经验
Hadoop工程师,北京思特奇信息技术股份有限公司,本科,8K-15K,"['五险一金', '绩效奖金', '交通补助', '餐补', '带薪年假']",1-3年
测试开发工程师,深圳市万普拉斯科技有限公司,本科,15K-20K,[],1-3年
测试开发,信必优(深圳)信息技术有限公司,大专,10K-14K,"['五险一金', '带薪年假', '补充医疗保险', '定期体检', '周末双休']",3-5年
Linux系统运维工程师,北京神州新桥科技有限公司,本科,12K-18K,"['五险一金', '年底双薪', '餐补', '通讯补助', '带薪年假']",1-3年
绑定设置师（厦门）,华强方特(厦门)电影有限公司,大专,5K-10K,"['五险一金', '绩效奖金', '包住', '周末双休', '节日福利']",3-5年
产品安全（渗透测试）专家,中兴通讯股份有限公司,本科,薪资面议,"['五险一金', '绩效奖金', '股票期权', '餐补', '交通补助']",3-5年
算法实习生,深圳市理邦精密仪器股份有限公司,硕士,2K-4K,"['包住', '餐补', '带薪年假', '免费班车', '高温补贴']",无经验
java后端+前端（实际开发过项目）,深圳市软盟技术服务有限公司,大专,10K-15K,"['节日福利', '五险一金', '年底双薪', '交通补助', '餐补']",1-3年
数据挖掘分析岗（含人工智能）,智联招聘（RPO&猎头）,本科,15K-30K,"['五险一金', '绩效奖金', '通讯补助', '带薪年假', '餐补']",3-5年
28607-微信支付自然语言处理高级工程师（深圳）,深圳市腾讯计算机系统有限公司,学历不限,薪资面议,[],无经验
大数据,深圳市软盟技术服务有限公司,本科,20K-30K,"['节日福利', '五险一金', '年底双薪', '交通补助', '餐补']",3-5年
Web前端开发（南山）,信必优(深圳)信息技术有限公司,大专,13K-17.5K,"['五险一金', '带薪年假', '定期体检', '员工旅游', '补充医疗保险']",3-5年
28096-腾讯音乐广告推荐算法工程师（深圳）,深圳市腾讯计算机系统有限公司,学历不限,薪资面议,[],无经验
算法工程师,深圳市铁越电气有限公司,本科,11K-19K,"['股票期权', '绩效奖金', '创业公司', '定期体检', '补充医疗保险']",1-3年
算法测试开发工程师,信必优(深圳)信息技术有限公司,大专,12K-14K,"['五险一金', '带薪年假', '补充医疗保险', '定期体检', '周末双休']",3-5年
web前端开发,亿达信息技术有限公司深圳分公司,大专,10K-15K,"['五险一金', '带薪年假', '弹性工作', '定期体检', '周末双休']",3-5年
测试工程师 中兴J,同方鼎欣科技股份有限公司,本科,10K-14K,"['补充医疗保险', '五险一金', '带薪年假', '绩效奖金', '交通补助']",3-5年
自动化测试工程师,中科创达软件股份有限公司,本科,6K-10K,"['五险一金', '周末双休', '餐补', '交通补助', '公司重点项目']",1-3年
bi工程师,中安信业创业投资有限公司,本科,10K-15K,"['节日福利', '五险一金', '绩效奖金', '年终分红', '交通补助']",1-3年
软件实施工程师,深圳市中盛瑞达科技有限公司,大专,8K-16K,"['五险一金', '年底双薪', '餐补', '带薪年假', '节日福利']",1-3年
高级系统测试工程师G00705,浙江集享电子商务有限公司,本科,15K-30K,"['五险一金', '全勤奖', '餐补', '定期体检', '弹性工作']",3-5年
25926-后台策略工程师,深圳市腾讯计算机系统有限公司,学历不限,薪资面议,[],无经验
31112-腾讯视频游戏中心后台开发（深圳）,深圳市腾讯计算机系统有限公司,学历不限,薪资面议,[],无经验
嵌入式软件测试工程师,深圳麦格米特电气股份有限公司,本科,8K-15K,"['五险一金', '绩效奖金', '加班补助', '餐补', '通讯补助']",1-3年
需求分析岗,智联招聘（RPO&猎头）,本科,15K-30K,"['五险一金', '绩效奖金', '通讯补助', '带薪年假', '餐补']",3-5年
应用运维工程师,北京神州新桥科技有限公司,本科,10K-13K,"['五险一金', '绩效奖金', '餐补', '带薪年假', '弹性工作']",3-5年
系统工程师,银盛科技服务集团有限公司,本科,8K-16K,"['五险一金', '年底双薪', '绩效奖金', '年终分红', '全勤奖']",3-5年
技术产品部副总经理（大数据）,恒大金融财富管理(深圳)有限公司,本科,70K-100K,"['五险一金', '500强', '大牛带队', '绩效奖金', '包吃']",5-10年
25928-高级游戏引擎编辑器开发工程师（深圳）,深圳市腾讯计算机系统有限公司,学历不限,薪资面议,[],无经验
21557-Sr/Principal Researcher(Silicon Valley/Shenzhen/Beijing),深圳市腾讯计算机系统有限公司,学历不限,薪资面议,[],无经验
网络工程师,广州嘉为科技有限公司,本科,13K-20K,"['五险一金', '年底双薪', '餐补', '通讯补助', '定期体检']",1-3年
配置管理员,中兴通讯股份有限公司,本科,薪资面议,"['五险一金', '餐补', '定期体检', '免费班车', '节日福利']",1-3年
人工智能算法工程师,深圳市理邦精密仪器股份有限公司,硕士,10K-20K,"['五险一金', '绩效奖金', '餐补', '带薪年假', '高温补贴']",不限
架构师,三门峡崤云安全服务有限公司,本科,20K-40K,"['周末双休', '五险一金', '年底双薪']",5-10年
车联网安全员,比亚迪股份有限公司,本科,6K-10K,"['五险一金', '绩效奖金', '交通补助', '通讯补助', '带薪年假']",1-3年
22989-WEB后台高级开发工程师,深圳市腾讯计算机系统有限公司,学历不限,薪资面议,[],无经验
技术支持二线,北京金道天成信息系统服务有限公司,本科,9K-13K,"['五险一金', '年底双薪', '包住', '带薪年假', '定期体检']",3-5年
测试工程师 统招本科,信必优(深圳)信息技术有限公司,本科,10K-15K,"['五险一金', '带薪年假', '补充医疗保险', '定期体检', '周末双休']",3-5年
15605-海贼王手游服务器开发工程师（深圳）,深圳市腾讯计算机系统有限公司,学历不限,薪资面议,[],无经验
后端开发工程师(J10367),深圳市房多多网络科技有限公司,本科,15K-20K,"['五险一金', '绩效奖金', '餐补', '补充医疗保险', '弹性工作']",1年以下
测试工程师（外派OPPO，后海）,中科创达软件股份有限公司,本科,10K-20K,"['五险一金', '年底双薪', '带薪年假']",1-3年
28607-微信支付知识发现高级工程师（深圳）,深圳市腾讯计算机系统有限公司,学历不限,薪资面议,[],无经验
HY3-互娱数据分析工程师(深圳),深圳市腾讯计算机系统有限公司,学历不限,薪资面议,[],无经验
实习生前端/开发测试,深圳博睿同创信息技术有限公司,大专,5K-8K,"['五险一金', '绩效奖金', '加班补助', '全勤奖', '弹性工作']",不限
DBA工程师,深圳市华云中盛科技有限公司,大专,15K-22K,"['五险一金', '交通补助', '定期体检', '带薪年假', '通讯补助']",3-5年
平台软件测试工程师-BSP,深圳市万普拉斯科技有限公司,本科,15K-20K,[],3-5年
PCG19-腾讯视频基础后台开发工程师（深圳）,深圳市腾讯计算机系统有限公司,学历不限,薪资面议,[],无经验
数据分析师（碰撞场景探索与建模方向）,成都路行通信息技术有限公司,本科,14K-20K,"['五险一金', '企业大学', '节日福利', '带薪年假', '餐补']",3-5年
数据平台开发及维护,深圳市睿服科技有限公司,学历不限,11.6K-15.8K,[],3-5年
linux运维工程师,联想云领(成都)科技有限公司,大专,10K-15K,"['五险一金', '带薪年假', '定期体检', '定期团建', '餐补']",不限
高级漏洞运营工程师,北京金道天成信息系统服务有限公司,大专,8K-10K,"['五险一金', '绩效奖金', '定期体检', '带薪年假', '周末双休']",1-3年
测试开发工程师,信必优(深圳)信息技术有限公司,本科,10K-15K,"['五险一金', '弹性工作', '带薪年假', '补充医疗保险', '定期体检']",3-5年
软件测试岗,富德保险控股股份有限公司,本科,10K-15K,"['五险一金', '绩效奖金', '年终分红', '全勤奖', '餐补']",3-5年
软件分析工程师,富士康科技集团,本科,6K-12K,"['五险一金', '年底双薪', '绩效奖金', '加班补助', '带薪年假']",不限
存储开发工程师-深圳,网宿科技,本科,20K-40K,"['五险一金', '绩效奖金', '交通补助', '餐补', '通讯补助']",3-5年
数据平台开发及维护,深圳市睿服科技有限公司,学历不限,12K-16K,[],3-5年
自动化运维开发工程师,北京神州新桥科技有限公司,大专,13K-20K,"['五险一金', '绩效奖金', '餐补', '带薪年假', '弹性工作']",3-5年
系统运维人员,北京神州新桥科技有限公司,本科,12K-15K,"['五险一金', '绩效奖金', '年终分红', '餐补', '带薪年假']",3-5年
业务数据分析师,深圳开思时代科技有限公司,大专,8K-12K,"['五险一金', '年底双薪', '绩效奖金', '股票期权', '带薪年假']",1-3年
系统工程师-深圳,北京神州新桥科技有限公司,本科,16K-18K,"['五险一金', '餐补', '周末双休', '补充医疗保险', '通讯补助']",3-5年
项目助理（腾讯外包岗）,深圳市润迅电话商务有限公司,本科,6K-9K,"['节日福利', '周末双休', '五险一金', '免费班车', '健身俱乐部']",1-3年
前端开发（外派深圳OPPO）,中科创达软件股份有限公司,本科,10K-19K,"['五险一金', '年底双薪', '加班补助']",1-3年
后台Server测试工程师-深圳,上海赛连信息科技有限公司,本科,10K-20K,"['五险一金', '年底双薪', '餐补', '通讯补助', '定期体检']",5-10年
软件测试工程师,大连斯锐信息技术有限公司,大专,10K-15K,"['绩效奖金', '弹性工作', '五险一金', '带薪年假']",1-3年
前端开发,亿达信息技术有限公司深圳分公司,本科,8K-11K,"['五险一金', '绩效奖金', '加班补助', '年底双薪', '补充医疗保险']",1-3年
大数据开发工程师(广告)-WLW,深圳市梦网科技发展有限公司,本科,10K-19K,"['五险一金', '年底双薪', '股票期权', '带薪年假', '员工旅游']",1-3年
爬虫工程师,深圳市长亮科技股份有限公司,本科,8K-15K,"['节日福利', '五险一金', '绩效奖金', '餐补', '通讯补助']",不限
大数据运维,深圳市软盟技术服务有限公司,本科,15K-20K,"['节日福利', '五险一金', '年底双薪', '交通补助', '餐补']",3-5年
27730-短视频增长数据产品经理（深圳）,深圳市腾讯计算机系统有限公司,学历不限,薪资面议,[],无经验
数据分析经理J11249,七天四季酒店(广州)有限公司,本科,15K-20K,"['五险一金', '餐补']",5-10年
2020届管培生（计算机类）,富士康科技集团,本科,8K-10K,"['五险一金', '带薪年假', '定期体检', '补充医疗保险', '节日福利']",无经验
解决方案销售,深圳市梦网科技发展有限公司,本科,8K-15K,"['节日福利', '五险一金', '年底双薪', '绩效奖金', '加班补助']",5-10年
高级系统管理员-深圳,北京神州新桥科技有限公司,大专,15K-20K,"['五险一金', '年底双薪', '餐补', '带薪年假', '补充医疗保险']",5-10年
大潮汕运营专家-深圳(J190903009),滴滴,本科,8K-10K,['带薪年假'],3-5年
系统工程师（图像优化方向）,深圳市理邦精密仪器股份有限公司,硕士,10K-20K,"['五险一金', '绩效奖金', '包住', '餐补', '房补']",不限
信用风险建模 Credit Risk Modeler,穆迪信息咨询（深圳）有限公司,硕士,10K-20K,"['五险一金', '年终分红', '弹性工作', '全额公积金', '试用期全额']",1-3年
PCG19-数据应用平台开发工程师（深圳）,深圳市腾讯计算机系统有限公司,学历不限,薪资面议,[],无经验
21087-DNF手游版本管理与数据分析（深圳）,深圳市腾讯计算机系统有限公司,学历不限,薪资面议,[],无经验
自动化测试,信必优(深圳)信息技术有限公司,大专,10K-14K,"['五险一金', '带薪年假', '补充医疗保险', '定期体检', '周末双休']",3-5年
软件测试工程师,天彩电子(深圳)有限公司,大专,10K-15K,"['五险一金', '年终分红', '餐补', '免费班车', '员工旅游']",1-3年
27216-腾讯乘车码-后台开发,深圳市腾讯计算机系统有限公司,学历不限,薪资面议,[],无经验
2020校招-软件开发工程师,深圳市客路网络科技有限公司,本科,15K-20K,"['五险一金', '创业公司', '节日福利', '定期团建']",无经验
（失效分析）FAE主管,富士康科技集团,本科,30K-50K,"['五险一金', '年底双薪', '绩效奖金', '加班补助', '股票期权']",10年以上
信息安全,北京鸿联九五信息产业有限公司,大专,9K-11K,"['五险一金', '绩效奖金', '周末双休', '年度体检', '节日福利']",3-5年
大数据开发工程师,深圳市睿服科技有限公司,大专,12K-24K,[],3-5年
大数据开发工程师,深圳市睿服科技有限公司,大专,12K-24K,[],3-5年
PCG19-腾讯视频计算机视觉算法高级工程师（深圳）,深圳市腾讯计算机系统有限公司,学历不限,薪资面议,[],无经验
测试开发工程师（AI智能项目）,信必优(深圳)信息技术有限公司,大专,12K-18K,"['五险一金', '带薪年假', '定期体检', '周末双休', '年底双薪']",3-5年
软件测试工程师（自动化）,银盛科技服务集团有限公司,本科,8K-12K,"['五险一金', '年底双薪', '绩效奖金', '全勤奖', '带薪年假']",1-3年
爬虫工程师实习生,深圳市长亮科技股份有限公司,本科,2K-4K,"['带薪年假', '弹性工作', '定期体检', '通讯补助', '五险一金']",不限
软件测试工程师,深圳市睿服科技有限公司,本科,10K-15K,"['五险一金', '定期体检', '带薪年假', '不加班', '周末双休']",3-5年
软件测试工程师,深圳市睿服科技有限公司,本科,10K-15K,"['五险一金', '定期体检', '带薪年假', '不加班', '周末双休']",3-5年
应用工程师 (Wireless),罗德与施瓦茨(中国)科技有限公司,本科,15K-29K,"['五险一金', '年底双薪', '绩效奖金', '交通补助', '餐补']",3-5年
RD3-测试工程师（音视频测试）,深圳银澎云计算有限公司,本科,10K-18K,"['节日福利', '五险一金', '绩效奖金', '带薪年假', '员工旅游']",3-5年
数据开发,软通动力信息技术(集团)有限公司,本科,8K-15K,[],1-3年
算法工程师,深圳市睿服科技有限公司,本科,12K-20K,[],3-5年
"29912-Software Engineer, Growth",深圳市腾讯计算机系统有限公司,学历不限,薪资面议,[],无经验
15583-互娱游戏后台开发（深圳）,深圳市腾讯计算机系统有限公司,学历不限,薪资面议,[],无经验
测试工程师,深圳市睿服科技有限公司,本科,10K-15K,[],3-5年
测试工程师（金科YF）,深圳市睿服科技有限公司,大专,10K-15K,[],3-5年
29912-Infra Engineer/Architect,深圳市腾讯计算机系统有限公司,学历不限,薪资面议,[],无经验
深度学习算法工程师（时间序列预测方向）,成都路行通信息技术有限公司,本科,20K-40K,"['五险一金', '企业大学', '节日福利', '带薪年假', '餐补']",3-5年
Software Engineer,大族激光科技产业集团股份有限公司,硕士,16K-30K,"['节日福利', '五险一金', '绩效奖金', '加班补助', '带薪年假']",3-5年
TME-全民K歌数据分析产品经理,深圳市腾讯计算机系统有限公司,学历不限,薪资面议,[],无经验
后端开发（环境治理）,亿达信息技术有限公司深圳分公司,本科,10K-15K,"['五险一金', '绩效奖金', '加班补助', '年底双薪', '定期团建']",1-3年
TEG05-web前端开发工程师（深圳）,深圳市腾讯计算机系统有限公司,学历不限,薪资面议,[],无经验
ZN-机房监控运行岗（深圳、北京、上海）,网联清算有限公司,本科,薪资面议,"['五险一金', '绩效奖金', '补充医疗保险', '定期体检', '通讯补助']",1-3年
高级/资深DBAG00729,浙江集享电子商务有限公司,本科,20K-40K,"['五险一金', '全勤奖', '餐补', '定期体检', '弹性工作']",3-5年
信息安全类岗位,深圳证券通信有限公司,本科,8K-16K,"['五险一金', '补充医疗保险', '定期体检', '绩效奖金', '通讯补助']",无经验
数据分析,深圳市睿服科技有限公司,本科,10K-15K,"['五险一金', '定期体检', '节日福利', '周末双休', '定期团建']",3-5年
运维开发工程师,Michael Page,本科,薪资面议,[],1-3年
高级采集工程师(J10389),北京知道创宇信息技术股份有限公司,本科,15K-20K,"['带薪年假', '绩效奖金', '五险一金', '全勤奖', '补充医疗保险']",3-5年
TEG15-计费系统前端测试工程师（深圳）,深圳市腾讯计算机系统有限公司,学历不限,薪资面议,[],无经验
运维经理,Michael Page,本科,薪资面议,[],无经验
运维工程师（本科3年大专4年）,深圳市睿服科技有限公司,本科,10K-11.6K,[],3-5年
运维工程师,深圳市睿服科技有限公司,本科,10K-15K,[],5-10年
数据开发,深圳市睿服科技有限公司,大专,15K-20K,[],无经验
28603-113 微信支付智慧营销开发工程师（深圳）,深圳市腾讯计算机系统有限公司,学历不限,薪资面议,[],无经验
27216-乘车码数据开发高级工程师,深圳市腾讯计算机系统有限公司,学历不限,薪资面议,[],无经验
系统开发,亿达信息技术有限公司深圳分公司,大专,9K-13K,"['五险一金', '绩效奖金', '加班补助', '年底双薪', '补充医疗保险']",1-3年
15579-游戏后台开发工程师（深圳）,深圳市腾讯计算机系统有限公司,学历不限,薪资面议,[],无经验
29912-Data Scientist - Analytics,深圳市腾讯计算机系统有限公司,学历不限,薪资面议,[],无经验
银行数据分析岗,深圳市长亮科技股份有限公司,本科,10K-20K,"['五险一金', '年终分红', '通讯补助', '带薪年假', '弹性工作']",不限
"29912-Machine Learning Engineer, Growth",深圳市腾讯计算机系统有限公司,学历不限,薪资面议,[],无经验
自动化工程师,深圳市汇合发展有限公司,本科,8K-15K,"['餐补', '节日福利', '绩效奖金', '员工旅游', '五险一金']",3-5年
云计算&amp;自动化&amp;监控,辽宁振兴银行股份有限公司,本科,15K-30K,"['五险一金', '带薪年假', '薪酬奖金', '健康关怀', '生活补贴']",5-10年
C++,深圳市睿服科技有限公司,本科,11.6K-20K,[],3-5年
22989-腾讯云数据平台产品中心运营开发,深圳市腾讯计算机系统有限公司,学历不限,薪资面议,[],无经验
TEG11-NLP高级算法研究员,深圳市腾讯计算机系统有限公司,学历不限,薪资面议,[],无经验
系统开发、测试、运维类岗位,深圳证券通信有限公司,本科,8K-16K,"['五险一金', '补充医疗保险', '定期体检', '绩效奖金', '通讯补助']",无经验
算法工程师(职位编号：杨思敏),深圳市睿服科技有限公司,本科,15K-27K,[],3-5年
PCG04-测试开发工程师（深圳）,深圳市腾讯计算机系统有限公司,学历不限,薪资面议,[],无经验
系统维护工程师(J19119),携程计算机技术(上海)有限公司,本科,8K-10K,"['五险一金', '绩效奖金', '交通补助', '餐补', '带薪年假']",1-3年
25924-游戏内容推荐高级算法工程师（深圳）,深圳市腾讯计算机系统有限公司,学历不限,薪资面议,[],无经验
28604-微信支付中小商户后台开发工程师,深圳市腾讯计算机系统有限公司,学历不限,薪资面议,[],无经验
数据库开发,深圳市睿服科技有限公司,本科,14K-25K,"['五险一金', '绩效奖金', '加班补助', '带薪年假', '节日福利']",3-5年
移动端测试,深圳市睿服科技有限公司,本科,10K-15K,[],3-5年
CSIG17-在线教育高级测试工程师,深圳市腾讯计算机系统有限公司,学历不限,薪资面议,[],无经验
主机运维工程师,广州赛意信息科技股份有限公司,本科,8K-10K,"['五险一金', '年底双薪', '绩效奖金', '股票期权', '加班补助']",1-3年
算法工程师,深圳市睿服科技有限公司,本科,11.6K-20K,[],3-5年
27092-高级算法工程师（深圳）,深圳市腾讯计算机系统有限公司,学历不限,薪资面议,[],无经验
22989-腾讯云运营系统开发工程师（深圳）,深圳市腾讯计算机系统有限公司,学历不限,薪资面议,[],无经验
高级自动化工程师,深圳市睿服科技有限公司,本科,11.6K-16.6K,[],5-10年
TEG05-高级DDoS网络安全工程师（深圳）,深圳市腾讯计算机系统有限公司,学历不限,薪资面议,[],无经验
RD-测试开发工程师,TCL实业控股（广东）股份有限公司,本科,12K-24K,"['五险一金', '年底双薪', '绩效奖金', '交通补助', '通讯补助']",3-5年
系统运维工程师,深圳市吉屋网络技术有限公司,本科,15K-25K,"['五险一金', '绩效奖金', '年终分红', '节日福利', '带薪年假']",3-5年
AI项目管理-腾讯,软通动力信息技术(集团)有限公司,本科,8K-10K,[],1-3年
22989-小程序云开发全栈工程师,深圳市腾讯计算机系统有限公司,学历不限,薪资面议,[],无经验
PCG04-推荐评测工程师（深圳）,深圳市腾讯计算机系统有限公司,学历不限,薪资面议,[],无经验
APP软件测试,深圳市万普拉斯科技有限公司,本科,10K-15K,[],1-3年
PCG04-高级模型评测工程师（深圳）,深圳市腾讯计算机系统有限公司,学历不限,薪资面议,[],无经验
27141-创新/独立游戏前端开发工程师（深圳）,深圳市腾讯计算机系统有限公司,学历不限,薪资面议,[],无经验
31504-云计算产品高级技术顾问,深圳市腾讯计算机系统有限公司,学历不限,薪资面议,[],无经验
TEG17-深度学习算法工程师,深圳市腾讯计算机系统有限公司,学历不限,薪资面议,[],无经验
"29912-Product Manager, Growth",深圳市腾讯计算机系统有限公司,学历不限,薪资面议,[],无经验
21882-算法工程师（深圳）,深圳市腾讯计算机系统有限公司,学历不限,薪资面议,[],无经验
30359-共享平台后台开发工程师,深圳市腾讯计算机系统有限公司,学历不限,薪资面议,[],无经验
15605-《一人之下》服务器开发工程师,深圳市腾讯计算机系统有限公司,学历不限,薪资面议,[],无经验
27730-腾讯视频短视频数据产品经理（深圳）,深圳市腾讯计算机系统有限公司,学历不限,薪资面议,[],无经验
PCG04-Android高级测试开发工程师（深圳）,深圳市腾讯计算机系统有限公司,学历不限,薪资面议,[],无经验
15605-火影手游服务器开发工程师（深圳）,深圳市腾讯计算机系统有限公司,学历不限,薪资面议,[],无经验
31504-自研上云技术方案架构师,深圳市腾讯计算机系统有限公司,学历不限,薪资面议,[],无经验
PCG09-QQ看点安卓开发工程师,深圳市腾讯计算机系统有限公司,学历不限,薪资面议,[],无经验
前端开发工程师,深圳市拓保软件有限公司,大专,10K-15K,"['五险一金', '绩效奖金']",3-5年
PCG09-信息流推荐算法专家,深圳市腾讯计算机系统有限公司,学历不限,薪资面议,[],无经验
TB-高级数据分析师（深圳）,深圳市腾讯计算机系统有限公司,学历不限,薪资面议,[],无经验
TEG05-高级运维工程师（深圳）,深圳市腾讯计算机系统有限公司,学历不限,薪资面议,[],无经验
22989-高级网络运维工程师（深圳）,深圳市腾讯计算机系统有限公司,学历不限,薪资面议,[],无经验
TEG05-高级数据库管理员（深圳）,深圳市腾讯计算机系统有限公司,学历不限,薪资面议,[],无经验
TEG15-计费后台开发工程师（深圳）,深圳市腾讯计算机系统有限公司,学历不限,薪资面议,[],不限
22989-腾讯云存储系统后台开发工程师（深圳）,深圳市腾讯计算机系统有限公司,学历不限,薪资面议,[],无经验
CSIG17-腾讯云中间件高级测试工程师,深圳市腾讯计算机系统有限公司,学历不限,薪资面议,[],无经验
CSIG17-腾讯云容器高级测试工程师,深圳市腾讯计算机系统有限公司,学历不限,薪资面议,[],无经验
28607-微信支付高级金融风控策略分析工程师,深圳市腾讯计算机系统有限公司,学历不限,薪资面议,[],无经验
PCG04-短视频高级测试开发工程师（深圳）,深圳市腾讯计算机系统有限公司,学历不限,薪资面议,[],无经验
高级采集工程师(J10389),北京知道创宇信息技术股份有限公司,本科,15K-20K,"['带薪年假', '绩效奖金', '五险一金', '全勤奖', '补充医疗保险']",3-5年
C++,深圳市睿服科技有限公司,本科,11.6K-20K,[],3-5年
信息安全类岗位,深圳证券通信有限公司,本科,8K-16K,"['五险一金', '补充医疗保险', '定期体检', '绩效奖金', '通讯补助']",无经验
运维工程师（本科3年大专4年）,深圳市睿服科技有限公司,本科,10K-11.6K,[],3-5年
高级/资深DBAG00729,浙江集享电子商务有限公司,本科,20K-40K,"['五险一金', '全勤奖', '餐补', '定期体检', '弹性工作']",3-5年
后端开发（环境治理）,亿达信息技术有限公司深圳分公司,本科,10K-15K,"['五险一金', '绩效奖金', '加班补助', '年底双薪', '定期团建']",1-3年
ZN-机房监控运行岗（深圳、北京、上海）,网联清算有限公司,本科,薪资面议,"['五险一金', '绩效奖金', '补充医疗保险', '定期体检', '通讯补助']",1-3年
TEG05-web前端开发工程师（深圳）,深圳市腾讯计算机系统有限公司,学历不限,薪资面议,[],无经验
前端开发工程师,深圳市拓保软件有限公司,大专,10K-15K,"['五险一金', '绩效奖金']",3-5年
27216-乘车码数据开发高级工程师,深圳市腾讯计算机系统有限公司,学历不限,薪资面议,[],无经验
28603-113 微信支付智慧营销开发工程师（深圳）,深圳市腾讯计算机系统有限公司,学历不限,薪资面议,[],无经验
21882-算法工程师（深圳）,深圳市腾讯计算机系统有限公司,学历不限,薪资面议,[],无经验
TEG14-高级业务运维工程师（深圳）,深圳市腾讯计算机系统有限公司,学历不限,薪资面议,[],无经验
30628-腾讯广告效果衡量数据科学家（深圳）,深圳市腾讯计算机系统有限公司,学历不限,薪资面议,[],无经验
PCG04-腾讯应用宝H5测试开发工程师（深圳）,深圳市腾讯计算机系统有限公司,学历不限,薪资面议,[],无经验
21882-腾讯医典高级后台开发（深圳）,深圳市腾讯计算机系统有限公司,学历不限,薪资面议,[],无经验
25927-游戏测试自动化工具高级架构师,深圳市腾讯计算机系统有限公司,学历不限,薪资面议,[],无经验
31504-自研上云高级架构师,深圳市腾讯计算机系统有限公司,学历不限,薪资面议,[],无经验
TEG10-运营开发工程师（深圳）,深圳市腾讯计算机系统有限公司,学历不限,薪资面议,[],不限
CSIG17-腾讯云中间件高级测试工程师,深圳市腾讯计算机系统有限公司,学历不限,薪资面议,[],无经验
CSIG17-腾讯云容器高级测试工程师,深圳市腾讯计算机系统有限公司,学历不限,薪资面议,[],无经验
33370-车联网高级系统运维工程师（深圳）,深圳市腾讯计算机系统有限公司,学历不限,薪资面议,[],无经验
27730-腾讯视频短视频数据产品经理（深圳）,深圳市腾讯计算机系统有限公司,学历不限,薪资面议,[],无经验
S2-财付通高级结算分析经理(深圳),深圳市腾讯计算机系统有限公司,学历不限,薪资面议,[],无经验
33933-游戏内容数据挖掘工程师,深圳市腾讯计算机系统有限公司,学历不限,薪资面议,[],无经验
22850-腾讯视频会员数据分析工程师（深圳）,深圳市腾讯计算机系统有限公司,学历不限,薪资面议,[],无经验
29912-增长算法岗,深圳市腾讯计算机系统有限公司,学历不限,薪资面议,[],无经验
30359-共享平台后台开发工程师,深圳市腾讯计算机系统有限公司,学历不限,薪资面议,[],无经验
26699-智慧零售大数据开发工程师,深圳市腾讯计算机系统有限公司,学历不限,薪资面议,[],无经验
PCG04-短视频高级测试开发工程师（深圳）,深圳市腾讯计算机系统有限公司,学历不限,薪资面议,[],无经验
TEG05-高级运维工程师（深圳）,深圳市腾讯计算机系统有限公司,学历不限,薪资面议,[],无经验
TEG05-高级数据库管理员（深圳）,深圳市腾讯计算机系统有限公司,学历不限,薪资面议,[],无经验
22989-高级网络运维工程师（深圳）,深圳市腾讯计算机系统有限公司,学历不限,薪资面议,[],无经验
CSIG17-云存储测试高级工程师,深圳市腾讯计算机系统有限公司,学历不限,薪资面议,[],无经验
28601-114 微信支付行业全栈开发工程师,深圳市腾讯计算机系统有限公司,学历不限,薪资面议,[],无经验
PCG04-高级数据分析工程师（深圳）,深圳市腾讯计算机系统有限公司,学历不限,薪资面议,[],无经验
TEG15-计费后台开发工程师（深圳）,深圳市腾讯计算机系统有限公司,学历不限,薪资面议,[],不限
PCG09-QQ看点安卓开发工程师,深圳市腾讯计算机系统有限公司,学历不限,薪资面议,[],无经验
31504-自研上云技术方案架构师,深圳市腾讯计算机系统有限公司,学历不限,薪资面议,[],无经验
PCG04-Android高级测试开发工程师（深圳）,深圳市腾讯计算机系统有限公司,学历不限,薪资面议,[],无经验
15605-火影手游服务器开发工程师（深圳）,深圳市腾讯计算机系统有限公司,学历不限,薪资面议,[],无经验
28604-113 微信支付支付应用开发工程师（深圳）,深圳市腾讯计算机系统有限公司,学历不限,薪资面议,[],无经验
28600-微信支付后台开发工程师（深圳）,深圳市腾讯计算机系统有限公司,学历不限,薪资面议,[],无经验
TB-高级数据分析师（深圳）,深圳市腾讯计算机系统有限公司,学历不限,薪资面议,[],无经验
PCG09-信息流推荐算法专家,深圳市腾讯计算机系统有限公司,学历不限,薪资面议,[],无经验
TME-全民K歌音频算法工程师（北京）,深圳市腾讯计算机系统有限公司,学历不限,薪资面议,[],无经验
MIG07-腾爱医疗后台开发工程师（深圳）,深圳市腾讯计算机系统有限公司,学历不限,薪资面议,[],不限
22989-腾讯云存储系统后台开发工程师（深圳）,深圳市腾讯计算机系统有限公司,学历不限,薪资面议,[],无经验
26699-智慧零售数据分析工程师,深圳市腾讯计算机系统有限公司,学历不限,薪资面议,[],无经验
26699-后台开发工程师,深圳市腾讯计算机系统有限公司,学历不限,薪资面议,[],无经验
PCG09-信息流推荐系统高级算法工程师,深圳市腾讯计算机系统有限公司,学历不限,薪资面议,[],无经验
28607-微信支付高级金融风控策略分析工程师,深圳市腾讯计算机系统有限公司,学历不限,薪资面议,[],无经验
HY2-游戏运维工程师（深圳）,深圳市腾讯计算机系统有限公司,学历不限,薪资面议,[],不限
31871-服务器SIT工程师,深圳市腾讯计算机系统有限公司,学历不限,薪资面议,[],无经验
15605-《一人之下》服务器开发工程师,深圳市腾讯计算机系统有限公司,学历不限,薪资面议,[],无经验
27261-数据分析研究员（深圳）,深圳市腾讯计算机系统有限公司,学历不限,薪资面议,[],无经验
31504-高级大数据运维工程师,深圳市腾讯计算机系统有限公司,学历不限,薪资面议,[],无经验
15612-后台游戏开发工程师（深圳）,深圳市腾讯计算机系统有限公司,学历不限,薪资面议,[],不限
持续集成（CI）工程师,中兴通讯股份有限公司,本科,薪资面议,[],5-10年
IoT软件开发工程师-web后台方向(J10159),研华(中国)公司,本科,7K-14K,"['五险一金', '周末双休', '餐补', '年底双薪', '绩效奖金']",1-3年
嵌入式软件工程师（应用）,研华(中国)公司,本科,10K-15K,"['五险一金', '周末双休', '餐补', '年底双薪', '绩效奖金']",1-3年
测试工程师,深圳市银宝山新科技股份有限公司,大专,6K-8K,"['五险一金', '带薪年假', '节日福利', '房补', '项目奖金']",1-3年
软件测试工程师（自动化）,银盛科技服务集团有限公司,本科,8K-12K,"['五险一金', '年底双薪', '绩效奖金', '全勤奖', '带薪年假']",1-3年
运维开发工程师,广州嘉为科技有限公司,本科,12K-20K,"['五险一金', '年底双薪', '餐补', '通讯补助', '定期体检']",1-3年
C++和Java软件工程师(中国电信),深圳市鹏劳人力资源管理有限公司,本科,10K-15K,"['五险一金', '周末双休', '年底双薪', '绩效奖金', '包住']",不限
高级测试工程师,海能达通信股份有限公司,本科,12K-20K,"['五险一金', '绩效奖金', '包住', '房补', '带薪年假']",5-10年
数据挖掘工程师,信必优(深圳)信息技术有限公司,本科,12K-20K,"['五险一金', '带薪年假', '补充医疗保险', '定期体检', '周末双休']",不限
算法工程师,苏州千视通视觉科技股份有限公司,硕士,20K-35K,"['五险一金', '弹性工作', '节日福利', '员工旅游', '定期体检']",1-3年
中高级前端开发工程师（vue）,信必优(深圳)信息技术有限公司,大专,13K-17K,"['五险一金', '年底双薪', '定期体检', '带薪年假', '周末双休']",3-5年
数据库管理处数据库管理员(J10017),富德保险控股股份有限公司,本科,8K-15K,"['五险一金', '交通补助', '带薪年假', '补充医疗保险', '定期体检']",不限
自动化测试工程师（中高级）,信必优(深圳)信息技术有限公司,本科,12K-18K,"['五险一金', '年底双薪', '带薪年假', '补充医疗保险', '定期体检']",5-10年
.net开发工程师,北京云族佳科技有限公司,本科,20K-30K,"['周末双休', '五险一金', '节日福利', '大牛带队', '公司重点项目']",3-5年
后台开发（腾讯外包）,深圳市润迅电话商务有限公司,本科,8K-12K,"['节日福利', '周末双休', '五险一金', '免费班车', '健身俱乐部']",3-5年
中高级大数据工程师,深圳百果园实业发展有限公司,本科,15K-25K,"['五险一金', '绩效奖金', '年终分红', '带薪年假', '节日福利']",5-10年
8K编程图形老师+无销售+双休,深圳市积嘉网络科技有限公司,本科,8K-10K,"['五险一金', '绩效奖金', '全勤奖', '节日福利', '员工旅游']",不限
AI人工智能（实习生）,深圳市腾尚时代互联网科技有限公司,本科,10K-15K,"['五险一金', '年底双薪', '全勤奖', '绩效奖金', '带薪年假']",不限
双休初级软件测试工程师助理包住,深圳市腾瑞软件技术有限公司,大专,4K-6K,"['周末双休', '五险一金', '全勤奖', '弹性工作', '不加班']",不限
数据仓库工程师,深圳市新世纪咨询服务有限公司,本科,15K-30K,"['五险一金', '带薪年假', '商业保险', '做五休二']",3-5年
算法测试,信必优(深圳)信息技术有限公司,大专,12K-14K,"['五险一金', '带薪年假', '补充医疗保险', '定期体检', '周末双休']",3-5年
算法工程师,深圳市赛格导航科技股份有限公司,硕士,25K-50K,"['五险一金', '绩效奖金', '交通补助', '餐补', '房补']",3-5年
项目助理（腾讯外包岗）,深圳市润迅电话商务有限公司,本科,6K-9K,"['节日福利', '周末双休', '五险一金', '免费班车', '健身俱乐部']",1-3年
存储开发工程师,深圳市茁壮网络股份有限公司,本科,10K-15K,"['五险一金', '绩效奖金', '带薪年假', '定期体检', '免费班车']",1-3年
Devops,信必优(深圳)信息技术有限公司,大专,18K-25K,"['五险一金', '绩效奖金', '股票期权', '加班补助', '交通补助']",5-10年
数据分析师,佰聆数据股份有限公司,本科,10K-15K,"['五险一金', '加班补助', '餐补', '带薪年假', '免费班车']",1-3年
人工智能（无人驾驶方向）10k起,深圳市腾尚时代互联网科技有限公司,本科,10K-15K,"['五险一金', '年底双薪', '全勤奖', '绩效奖金', '带薪年假']",不限
高级软件测试工程师,银盛科技服务集团有限公司,本科,12K-18K,"['周末双休', '五险一金', '年底双薪', '绩效奖金', '年终分红']",5-10年
运维开发工程师,银盛科技服务集团有限公司,本科,8K-16K,"['五险一金', '年底双薪', '绩效奖金', '年终分红', '全勤奖']",1-3年
运维工程师,华强方特文化科技集团股份有限公司,本科,8K-15K,"['五险一金', '年底双薪', '带薪年假', '弹性工作', '定期体检']",3-5年
运维工程师,重庆市瑞德铭科技发展有限公司深圳分公司,本科,10K-15K,"['五险一金', '绩效奖金', '带薪年假', '补充医疗保险', '年底双薪']",1-3年
AI（无人驾驶方向）,深圳市腾尚时代互联网科技有限公司,本科,10K-15K,"['五险一金', '年底双薪', '全勤奖', '绩效奖金', '带薪年假']",不限
2020校招-数据开发工程师,深圳市客路网络科技有限公司,本科,15K-20K,"['五险一金', '创业公司', '节日福利', '定期团建']",无经验
测试工程师,深圳升职岛科技有限公司,本科,8K-15K,"['五险一金', '绩效奖金', '每年多次调薪', '节日福利', '周末双休']",1-3年
JAVA高级工程师,东方微银科技(北京)有限公司深圳分公司,本科,12K-24K,"['五险一金', '交通补助', '餐补', '带薪年假']",3-5年
软件测试工程师,深圳全棉时代科技有限公司,大专,10K-15K,"['五险一金', '绩效奖金', '带薪年假', '节日福利', '免费班车']",3-5年
前端开发工程师（腾讯外包岗）,深圳市润迅电话商务有限公司,本科,8K-12K,"['节日福利', '周末双休', '五险一金', '免费班车', '健身俱乐部']",3-5年
数据库开发工程师（外包）,广州安正软件股份有限公司,大专,10K-18K,"['周末双休', '五险一金', '节日福利', '带薪年假']",3-5年
高级web前端开发工程师,信必优(深圳)信息技术有限公司,本科,15K-20K,[],3-5年
银行自动化测试,神州数码系统集成服务有限公司上海分公司,大专,8K-12K,"['五险一金', '年底双薪', '带薪年假', '节日福利', '定期体检']",3-5年
测试工程师,京北方信息技术股份有限公司广州分公司,大专,8K-11K,"['节日福利', '五险一金', '绩效奖金', '餐补', '员工旅游']",1-3年
深度学习算法实习生,深圳码隆科技有限公司,本科,5K-8K,"['五险一金', '加班补助', '带薪年假', '节日福利']",不限
生物信息工程师,广东美格基因科技有限公司,本科,6K-12K,"['五险一金', '节日福利', '绩效奖金', '带薪年假', '定期体检']",1-3年
大数据业务开发工程师,北京红山信息科技研究院有限公司,本科,15K-30K,"['五险一金', '交通补助', '餐补', '补充医疗保险', '定期体检']",3-5年
软件开发工程师,东莞百事达企业管理咨询有限公司,学历不限,8K-10K,[],1-3年
测试开发工程师（外包）,广州安正软件股份有限公司,本科,10K-18K,"['周末双休', '五险一金', '节日福利', '带薪年假', '餐补']",1-3年
运维工程师,深圳全棉时代科技有限公司,大专,6K-10K,"['五险一金', '绩效奖金', '包住', '免费班车', '节日福利']",1-3年
软件测试工程师（应届生）,深圳市潮流网络技术有限公司,本科,6K-7.5K,"['五险一金', '年底双薪', '股票期权', '全勤奖', '餐补']",不限
数据分析工程师-HDQX,深圳瀚德金融科技控股有限公司,本科,15K-25K,"['节日福利', '五险一金', '补充医疗保险', '餐补', '定期体检']",3-5年
信息安全工程师,鼎铉商用密码测评技术(深圳)有限公司,本科,10K-20K,"['五险一金', '周末双休', '绩效奖金', '全勤奖', '餐补']",3-5年
linux运维工程师,上海易宝软件有限公司,本科,7K-11K,"['五险一金', '周末双休', '节日福利', '带薪年假']",1-3年
生物信息研发工程师（深圳）,北京吉因加科技有限公司,本科,8K-11K,"['五险一金', '餐补', '补充医疗保险', '带薪年假', '弹性工作']",不限
后台开发工程师（腾讯深圳总部正式岗位）,重庆市瑞德铭科技发展有限公司深圳分公司,本科,20K-40K,"['餐补', '补充医疗保险', '定期体检', '免费班车', '员工旅游']",3-5年
运维工程师（互联网）,深圳市互联港湾网络技术有限公司,大专,12K-15K,"['五险一金', '年底双薪', '带薪年假', '弹性工作', '绩效奖金']",3-5年
风险分析师,银盛科技服务集团有限公司,本科,12K-18K,"['周末双休', '五险一金', '年底双薪', '年终分红', '绩效奖金']",1-3年
C++高级开发工程师,任子行网络技术股份有限公司,本科,15K-25K,[],3-5年
网络管理员,银盛科技服务集团有限公司,本科,8K-15K,"['周末双休', '五险一金', '年底双薪', '绩效奖金', '年终分红']",1年以下
K8s运维工程师,信必优(深圳)信息技术有限公司,大专,12K-17K,"['五险一金', '带薪年假', '补充医疗保险', '定期体检', '周末双休']",3-5年
devops 运维工程师,信必优(深圳)信息技术有限公司,本科,15K-20K,[],3-5年
DBA工程师,上海易宝软件有限公司,本科,10K-15K,"['五险一金', '周末双休', '节日福利', '带薪年假']",3-5年
K8s运维,信必优(深圳)信息技术有限公司,大专,12K-17K,"['五险一金', '带薪年假', '补充医疗保险', '定期体检', '周末双休']",3-5年
技术支持工程师,信必优(深圳)信息技术有限公司,大专,10K-14K,"['五险一金', '带薪年假', '补充医疗保险', '定期体检', '周末双休']",3-5年
中高级前端开发工程师,深圳市协卓软件有限公司,大专,15K-20K,"['周末双休', '五险一金', '交通补助', '餐补', '房补']",5-10年
C++服务器开发工程师,深圳市茁壮网络股份有限公司,本科,15K-25K,"['五险一金', '绩效奖金', '带薪年假', '定期体检', '免费班车']",1-3年
性能测试工程师,郑州昱睿软件科技有限公司,大专,8K-10K,"['周末双休', '员工旅游', '节日福利', '补充医疗保险', '弹性工作']",1-3年
系统测试工程师,重庆市瑞德铭科技发展有限公司深圳分公司,本科,10K-15K,"['五险一金', '绩效奖金', '带薪年假', '补充医疗保险', '年底双薪']",1-3年
系统运维工程师,深圳市柏霖控股有限公司,本科,8K-13K,"['绩效奖金', '带薪年假', '定期体检', '节日福利', '餐补']",3-5年
嵌入式软件工程师,深圳智链物联科技有限公司,本科,10K-15K,"['五险一金', '绩效奖金', '带薪年假', '定期体检']",3-5年
java中级开发工程师,深圳市伊尚智能运动有限公司,大专,10K-20K,"['绩效奖金', '定期团建', '带薪年假', '五险一金']",3-5年
测试开发工程师,深圳市易思博酷客科技有限公司,大专,12K-15K,"['五险一金', '绩效奖金', '年终分红', '全勤奖', '带薪年假']",3-5年
ruby开发工程师,广州碧软信息科技有限公司,本科,6K-12K,"['五险一金', '带薪年假', '员工旅游', '节日福利', '周末双休']",1-3年
数据仓库开发工程师,郑州昱睿软件科技有限公司,本科,10K-15K,"['五险一金', '年底双薪', '员工旅游', '节日福利', '加班补助']",3-5年
大数据运维,深圳德科共赢创投合伙企业(有限合伙),本科,10K-15K,"['五险一金', '带薪年假', '节日福利', '公司重点项目', '大牛带队']",3-5年
gaussdb数据库运维团队leader,深圳市华云中盛科技有限公司,本科,20K-35K,"['五险一金', '定期体检', '员工旅游', '餐补', '交通补助']",5-10年
dba数据库管理员,天音通信控股股份有限公司,本科,15K-25K,"['五险一金', '交通补助', '餐补', '带薪年假', '定期体检']",3-5年
android开发工程师,深圳市东方博雅科技有限公司,大专,10K-20K,"['五险一金', '节日福利', '免费班车', '免费停车', '周末双休']",1-3年
运维工程师,深圳市互联港湾网络技术有限公司,大专,8K-12K,"['五险一金', '年底双薪', '绩效奖金', '带薪年假', '弹性工作']",5-10年
Lazada-Machine Learning Engineer-深圳,阿里巴巴集团,本科,薪资面议,[],无经验
运维工程师,深圳回收宝科技有限公司,本科,15K-20K,"['节日福利', '年底双薪', '绩效奖金', '全勤奖', '带薪年假']",3-5年
高级前端开发工程师(J10523),深圳贝尔创意科教有限公司,本科,15K-20K,"['员工旅游', '五险一金', '定期体检']",5-10年
DevOps 工程师,信必优(深圳)信息技术有限公司,大专,15K-24K,"['五险一金', '带薪年假', '定期体检', '员工旅游', '补充医疗保险']",3-5年
FAE（多媒体）,湖南国科微电子股份有限公司,本科,15K-25K,"['节日福利', '周末双休', '补充医疗保险', '带薪年假', '定期体检']",不限
C++客户端工程师（腾讯深圳总部正式岗位）,重庆市瑞德铭科技发展有限公司深圳分公司,本科,20K-40K,"['免息房贷', '股票期权', '餐补', '补充医疗保险', '定期体检']",1-3年
机器学习算法工程师,深圳市今天国际物流技术股份有限公司,本科,15K-20K,"['五险一金', '周末双休', '全勤奖', '带薪年假', '节日福利']",3-5年
高级JAVA后台开发工程师(J10522),深圳贝尔创意科教有限公司,本科,15K-25K,"['员工旅游', '五险一金', '定期体检']",5-10年
bi测试工程师,信必优(深圳)信息技术有限公司,大专,10K-15K,"['五险一金', '弹性工作', '带薪年假', '补充医疗保险', '定期体检']",3-5年
移动端专项技术测试,重庆市瑞德铭科技发展有限公司深圳分公司,本科,10K-15K,"['五险一金', '绩效奖金', '带薪年假', '补充医疗保险', '年底双薪']",1-3年
后台系统运维工程师,重庆市瑞德铭科技发展有限公司深圳分公司,本科,10K-15K,"['五险一金', '绩效奖金', '带薪年假', '补充医疗保险', '年底双薪']",1-3年
信息采集组长,深圳市比一比网络科技有限公司,大专,15K-25K,[],5-10年
测试开发工程师（南山）,信必优(深圳)信息技术有限公司,大专,12K-18K,"['五险一金', '带薪年假', '定期体检', '员工旅游', '补充医疗保险']",5-10年
测试项目总监,东莞百事达企业管理咨询有限公司,本科,30K-50K,[],10年以上
生物信息分析工程师-智能器械(J10190),微医集团,硕士,10K-15K,"['五险一金', '年底双薪', '交通补助', '餐补', '带薪年假']",3-5年
中级自动化测试工程师,晨星资讯（深圳）有限公司,本科,10K-18K,"['不加班', '周末双休', '大牛带队']",3-5年
高级web测试工程师,深圳市六度人和科技有限公司,本科,15K-25K,[],5-10年
对日java/.net/软件开发工程师 ,Uniqsys优尼卡日本株式会社,本科,5K-10K,"['加班补助', '包住', '交通补助', '房补', '住房补贴']",不限
大数据运营,深圳市捷顺科技实业股份有限公司,本科,20K-30K,"['五险一金', '年底双薪', '绩效奖金', '股票期权', '员工旅游']",3-5年
c++开发工程师,上海易宝软件有限公司,本科,8K-12K,"['五险一金', '周末双休', '节日福利', '带薪年假']",1-3年
数据工程师,深圳华云信息系统有限公司,本科,10K-20K,"['周末双休', '五险一金', '年底双薪', '定期体检']",1-3年
交付运维工程师,信必优(深圳)信息技术有限公司,大专,13K-18K,"['五险一金', '带薪年假', '定期体检', '员工旅游', '补充医疗保险']",3-5年
自动化测试工程师,深圳市软盟技术服务有限公司,本科,8K-10K,"['五险一金', '年底双薪', '餐补', '员工旅游', '周末双休']",1-3年
自动化测试系统开发工程师,深圳市锐明技术股份有限公司,本科,10K-15K,"['五险一金', '包住', '带薪年假', '节日福利', '员工旅游']",1-3年
web前端/web前端工程师,深圳市佰事德科技有限公司,大专,9K-15K,"['五险一金', '加班补助', '全勤奖', '带薪年假', '节日福利']",1-3年
自动化测试工程师,信必优(深圳)信息技术有限公司,本科,10K-15K,"['年底双薪', '五险一金', '绩效奖金', '加班补助', '弹性工作']",3-5年
自动化测试工程师KIT-3,金蝶软件（中国）有限公司,本科,10K-20K,"['五险一金', '绩效奖金', '带薪年假', '弹性工作', '补充医疗保险']",3-5年
（职能岗位）全栈应用运维工程师,深信服科技股份有限公司,本科,20K-25K,"['交通补助', '餐补', '定期体检', '包吃', '包住']",5-10年
AI人工智能实习生,深圳道町互联网科技有限公司,本科,8K-10K,"['五险一金', '年底双薪', '绩效奖金', '加班补助', '带薪年假']",不限
数据库工程师,银盛科技服务集团有限公司,本科,10K-20K,"['五险一金', '年底双薪', '绩效奖金', '年终分红', '全勤奖']",5-10年
大数据开发工程师,北京开科唯识技术有限公司深圳分公司,本科,15K-30K,"['五险一金', '餐补', '带薪年假', '定期体检', '员工旅游']",1-3年
【java软件开发工程师】,深圳市乐易网络股份有限公司,本科,10K-20K,"['餐补', '带薪年假', '定期体检', '员工旅游', '大牛带队']",1-3年
网站测试工程师,广州市多测师信息技术有限公司,大专,6K-8K,"['五险一金', '年底双薪', '绩效奖金', '带薪年假', '节日福利']",1-3年
风控建模师,深圳盒子信息科技有限公司,硕士,20K-30K,"['五险一金', '绩效奖金', '定期体检', '带薪年假', '餐补']",3-5年
设备诊断工程师,深圳市翌日科技有限公司,本科,10K-20K,"['五险一金', '周末双休', '绩效奖金', '带薪年假', '节日福利']",1-3年
平台架构师,富士康科技集团郑州科技园,本科,15K-30K,"['五险一金', '年底双薪', '绩效奖金', '加班补助', '餐补']",10年以上
MongoDB管理员,银盛科技服务集团有限公司,本科,18K-25K,"['五险一金', '年底双薪', '全勤奖', '带薪年假', '节日福利']",3-5年
AI算法工程师,重庆市瑞德铭科技发展有限公司深圳分公司,本科,20K-30K,"['补充医疗保险', '免费班车', '员工旅游', '定期体检', '带薪年假']",3-5年
网站运维工程师,深圳市广和通无线股份有限公司,本科,15K-20K,"['带薪年假', '节日福利', '大牛带队', '公司重点项目', '定期团建']",5-10年
网络工程师,深圳市捷顺科技实业股份有限公司,本科,8K-15K,"['五险一金', '绩效奖金', '周末双休', '股票期权']",3-5年
Java/PHP培训生,易第优(北京)科技股份有限公司深圳分公司,本科,8K-15K,[],不限
腾讯公司后端开发,深圳市润迅电话商务有限公司,本科,8K-10K,"['五险一金', '绩效奖金', '年底双薪', '加班补助', '带薪年假']",1-3年
中高级测试工程师,深圳巴伦如梭网络有限公司,本科,13K-20K,"['绩效奖金', '带薪年假', '年终分红', '周末双休', '创业公司']",5-10年
java开发工程师,深圳德科共赢创投合伙企业(有限合伙),大专,7K-8K,"['六险一金', '周末双休', '带薪年假']",1-3年
FPGA系统工程师,康佳集团,本科,17K-23K,"['五险一金', '绩效奖金', '餐补', '带薪年假', '弹性工作']",3-5年
