质检员/QC（六险，福利好）,广东拓臣科技发展有限公司,高中,4K-6K,"['周末双休', '年底双薪', '绩效奖金', '全勤奖', '通讯补助']",1-3年
质量研究工程师,广东省质量发展促进会,本科,5K-10K,"['五险一金', '绩效奖金', '全勤奖', '带薪年假', '员工旅游']",不限
质量助理检验员（地质矿物检测相关）,广州能源检测研究院,本科,1K-2K,"['周末双休', '包吃', '地铁接驳车']",无经验
质量助理检验员,广州能源检测研究院,大专,1K-2K,"['周末双休', '包吃', '地铁接驳车']",无经验
qa质量管理,广州泛恩生物科技有限公司,本科,6.5K-10K,"['创业公司', '周末双休', '五险一金', '绩效奖金', '带薪年假']",3-5年
质量负责人,广东万洋药业有限公司,大专,8K-10K,"['年底双薪', '全勤奖', '包吃', '包住', '员工旅游']",3-5年
质量负责人,广州赛晖检测技术有限公司,大专,8K-10K,"['住房补贴', '五险一金', '绩效奖金', '不加班', '全勤奖']",1-3年
质量部经理,广东国药医药有限公司,大专,5K-6.5K,[],1-3年
加工厂质量经理,HFP,本科,10K-15K,"['五险一金', '年底双薪', '定期体检', '弹性工作', '创业公司']",3-5年
质量负责人,广州市歌丽丝化妆品有限公司,大专,8K-10K,"['员工旅游', '定期体检', '绩效奖金', '节日福利', '餐补']",3-5年
化妆品质量经理/品质经理,浙江艳庄化妆品有限公司,大专,10K-15K,"['五险一金', '包吃', '包住', '带薪年假', '定期体检']",3-5年
质量部QA,广州笔匠化妆品有限公司,大专,4K-8K,"['包住', '包吃', '通讯补助', '带薪年假', '年终分红']",3-5年
质量主管,广州富玛医药科技股份有限公司,大专,5K-8K,"['五险一金', '节日福利', '定期体检', '周末双休', '带薪年假']",1-3年
质量负责人,同创伟业(广东)检测技术股份有限公司,大专,6K-10K,"['周末双休', '节日福利', '餐补', '员工旅游', '带薪年假']",3-5年
质量管理员（质检员）,广州裕定开贸易有限公司,大专,6K-8K,"['周末双休', '五险一金', '年底双薪', '加班补助', '餐补']",3-5年
高级质量专员,广州隆超/广州维联/广州合口美有限公司,大专,4K-6K,"['五险一金', '包住', '带薪年假']",1-3年
质量总监,广州胶管厂有限公司,本科,6K-8K,"['五险一金', '包住', '免费班车', '免费停车']",1-3年
qa质量管理,广州天越电子科技有限公司,本科,7K-9K,"['年底双薪', '绩效奖金', '餐补', '带薪年假', '员工旅游']",1-3年
质量管理专员,湛江市事达实业有限公司,本科,5K-7K,"['五险一金', '绩效奖金', '全勤奖', '包住', '交通补助']",不限
质量检测,广州鼎商金属制品有限公司,学历不限,4K-6K,"['绩效奖金', '加班补助', '全勤奖', '包吃', '包住']",不限
器械质量管理员,广东南粤药业有限公司,大专,2K-4K,"['五险一金', '绩效奖金', '带薪年假', '周末双休', '节日福利']",1-3年
质量检验员/测试员/QC人员,广州易航电子有限公司,学历不限,4K-6K,"['包吃', '全勤奖', '节日福利', '员工旅游', '包住']",不限
汽车质量测试储备干部,深圳过期更新信息技术有限公司,大专,6K-8K,"['五险一金', '年底双薪', '绩效奖金', '带薪年假', '员工旅游']",不限
化妆品厂质量负责人,广州市元旭药业有限公司,大专,8K-10K,"['包吃', '包住', '全勤奖', '绩效奖金']",1-3年
质量检验员/测试员包住,深圳过期更新信息技术有限公司,大专,6K-8K,"['五险一金', '年底双薪', '绩效奖金', '带薪年假', '员工旅游']",1-3年
通信安全质量总监,润建股份有限公司,大专,10K-20K,"['五险一金', '年终分红', '餐补', '带薪年假', '弹性工作']",3-5年
质量管理专员,广州快兔物流科技有限公司,大专,6K-8K,"['五险一金', '年底双薪', '绩效奖金', '年终分红', '股票期权']",3-5年
运作管理/质量管理主管（运营方向）,广州快兔物流科技有限公司,大专,6K-8K,"['五险一金', '餐补', '带薪年假', '节日福利', '绩效奖金']",3-5年
医疗器械质量负责人,广东南粤药业有限公司,大专,4K-6K,[],3-5年
质量专员,广州隆超/广州维联/广州合口美有限公司,中专,4.5K-6K,"['五险一金', '定期体检', '员工旅游']",不限
质检员/质量工程师,睿乔电缆(广州)有限公司,大专,5.5K-7.5K,"['周末双休', '五险一金', '年底双薪', '弹性工作', '节日福利']",无经验
质量负责人,广州乾粤德科技有限公司,大专,5K-6K,"['五险一金', '绩效奖金', '餐补', '定期体检', '周末双休']",不限
质量管理员gsp,莲藕健康药业(广州)有限公司,大专,5K-6K,"['五险一金', '全勤奖', '餐补', '加班补助', '绩效奖金']",1-3年
质量管理经理/质量经理/负责人,广东合壹汇供应链管理有限公司,本科,8K-10K,"['五险一金', '年底双薪', '餐补', '通讯补助', '周末双休']",3-5年
高级IT流程与质量专员,广州银行股份有限公司信用卡中心,本科,13K-22K,"['五险一金', '餐补', '弹性工作', '加班补助', '绩效奖金']",5-10年
质检员/质量工程师,睿乔电缆(广州)有限公司,大专,5.5K-7.5K,"['周末双休', '五险一金', '年底双薪', '弹性工作', '节日福利']",无经验
种子质量检测工程师,广东省金稻种业有限公司,本科,4K-8K,"['五险一金', '绩效奖金', '带薪年假', '餐补', '房补']",不限
QC质量检测专员,广东拓臣科技发展有限公司,高中,4K-6K,"['周末双休', '年底双薪', '绩效奖金', '全勤奖', '通讯补助']",1-3年
质量检测管理/双休,上海赛康美信息技术有限公司,大专,6K-8K,"['五险一金', '年底双薪', '绩效奖金', '全勤奖', '交通补助']",不限
质量部经理,广州市薇朵生物科技有限公司,本科,10K-15K,"['节日福利', '员工旅游', '绩效奖金', '五险一金', '包住']",5-10年
质量体系工程师,广州健新科技股份有限公司,本科,6K-8.5K,"['五险一金', '包吃', '高温补贴', '节日福利', '定期体检']",1-3年
质量专员,广州加得食品有限公司,本科,4K-6K,"['五险一金', '年底双薪', '绩效奖金', '餐补', '带薪年假']",1-3年
数据质量专员/数据管理员,广州市龙星行汽车销售服务有限公司,大专,3K-4.5K,"['包吃', '员工旅游', '免费班车', '定期体检', '年底双薪']",1年以下
质量监督员,广州迪澳生物科技有限公司,大专,4K-6K,"['节日福利', '五险一金', '绩效奖金', '交通补助', '餐补']",不限
质量管理员,广州朗圣药业有限公司,大专,4.5K-7K,"['周末双休', '五险一金', '餐补', '节日福利', '带薪年假']",1-3年
医疗器械质量经理,广州朗圣药业有限公司,本科,8K-10K,"['五险一金', '绩效奖金', '免费班车', '周末双休', '公司重点项目']",3-5年
质量工程师/质控/QA,广东泰宝医疗科技股份有限公司广州分公司,本科,5K-7K,"['周末双休', '五险一金', '带薪年假', '免费班车', '节日福利']",3-5年
高级质量管理专员 (MJ000622),广州希音供应链管理有限公司,大专,8K-12K,"['五险一金', '餐补', '定期体检', '节日福利', '每年多次调薪']",5-10年
质量体系工程师,广州智择电子科技有限公司,大专,6K-10K,"['五险一金', '加班补助', '餐补', '房补', '带薪年假']",3-5年
标准化工程师,广东省质量发展促进会,硕士,6K-8K,"['五险一金', '绩效奖金', '带薪年假', '节日福利', '交通补助']",1-3年
会员服务专员,广东省质量发展促进会,本科,6K-8K,"['节日福利', '带薪年假', '交通补助', '绩效奖金', '五险一金']",1-3年
客服打包,广州市悟生文具有限公司,学历不限,3.5K-7K,"['大牛带队', '节日福利', '员工旅游', '带薪年假', '不加班']",1年以下
3D建模讲师＋五险一金＋提供住宿P,广州潭州教育网络科技有限公司,大专,4K-6K,"['五险一金', '绩效奖金', '带薪年假', '节日福利', '住房补贴']",不限
客户关系专员/主管,融创(深圳)房地产有限公司,本科,10K-15K,"['五险一金', '商业险', '年度体检', '年终奖', '周末双休']",3-5年
会员服务部部长,广东省质量发展促进会,本科,5K-10K,"['周末双休', '五险一金', '年底双薪', '绩效奖金', '通讯补助']",3-5年
项目经理,广州美品苏打网络科技有限公司,本科,15K-25K,"['免费班车', '员工旅游', '健身俱乐部', '公司重点项目', '定期团建']",3-5年
现场施工员,广州中殿装饰设计工程有限公司,学历不限,8K-10K,"['每年多次调薪', '五险一金', '包吃', '包住', '带薪年假']",1-3年
社群运营,乐麦信息技术(杭州)有限公司,大专,8K-12K,"['五险一金', '节日福利', '试用期全额', '定期团建', '带团队']",1-3年
汽车技师中工,广州钢动汽车配件有限公司,学历不限,4K-6K,"['包住', '餐补', '全勤奖', '带薪年假', '员工旅游']",1-3年
广州质控专员,海南飞迅达电子商务有限公司,学历不限,4K-6K,"['五险一金', '全勤奖', '带薪年假']",不限
英语教师4-6名（幼儿/小学/初中）,广州市番禺区优越教育培训中心,大专,3.5K-7K,"['五险一金', '绩效奖金', '年终分红', '节日福利', '带薪年假']",不限
产品总监,广州市分领网络科技有限责任公司,本科,8K-15K,"['五险一金', '全勤奖', '节日福利', '绩效奖金', '周末双休']",3-5年
生鲜品控主管,广州市乐家生鲜农产品有限公司,大专,6K-10K,"['年底双薪', '全勤奖', '员工旅游', '节日福利', '带薪年假']",3-5年
快递补码员（广州白云）,德邦物流股份有限公司,大专,4K-5.5K,"['住房补贴', '绩效奖金', '五险一金', '全勤奖', '弹性工作']",不限
汽车机修技师,广州钢动汽车配件有限公司,学历不限,5K-10K,"['全勤奖', '包住', '餐补', '员工旅游', '带薪年假']",1-3年
客服,广州良一仓网络科技有限公司,中专,4K-6K,"['全勤奖', '带薪年假', '节日福利', '购买五险']",不限
快递补码员,德邦物流股份有限公司,大专,4K-5.5K,"['住房补贴', '绩效奖金', '五险一金', '全勤奖', '弹性工作']",不限
德邦快递补码员,德邦物流股份有限公司,大专,4K-5.5K,"['住房补贴', '绩效奖金', '五险一金', '全勤奖', '弹性工作']",不限
Technical Supervisor技术主管,上海天祥质量技术服务有限公司,本科,10K-15K,"['周末双休', '五险一金', '绩效奖金', '加班补助', '餐补']",5-10年
水电施工员,富力集团,大专,8K-10K,"['五险一金', '定期体检', '包吃', '包住', '带薪年假']",3-5年
网络销售客服,泰康海外医疗咨询(广州)有限公司,大专,6K-8K,"['五险一金', '弹性工作', '地铁周边', '公司氛围好', '移动互联网']",1-3年
AP Supervisor 应付会计主管,上海天祥质量技术服务有限公司,大专,8K-10K,"['加班补助', '餐补', '五险一金', '年底双薪', '带薪年假']",3-5年
Sr HR Officer 高级人力资源专员,上海天祥质量技术服务有限公司,本科,4.5K-7K,"['五险一金', '带薪年假', '定期体检', '年底双薪', '绩效奖金']",3-5年
房建项目副经理（兼总工）（五险一金+包吃包住）,广东航鑫咨询有限公司,大专,8K-12K,"['五险一金', '绩效奖金', '全勤奖', '包吃', '包住']",5-10年
java开发工程师（中级）,广州赛森软件开发有限公司,大专,8K-12K,"['五险一金', '年底双薪', '绩效奖金', '员工旅游']",1-3年
生鲜品控主管,广州市乐家生鲜农产品有限公司,大专,6K-10K,"['年底双薪', '全勤奖', '员工旅游', '节日福利', '带薪年假']",3-5年
快递补码员（广东广州）,德邦物流股份有限公司,大专,4K-5.5K,"['五险一金', '绩效奖金', '全勤奖', '餐补', '带薪年假']",不限
实验室质检员QC,广州泛恩生物科技有限公司,大专,4.3K-7K,"['创业公司', '周末双休', '五险一金', '绩效奖金', '带薪年假']",1-3年
QC主管,广州泛恩生物科技有限公司,本科,8.5K-15K,"['创业公司', '周末双休', '五险一金', '绩效奖金', '带薪年假']",3-5年
硬件技术员,广州思喏电子科技有限公司,学历不限,3K-4.5K,"['绩效奖金', '年终分红', '全勤奖', '员工旅游', '节日福利']",不限
Android开发工程师,广州睿宝儿童健康管理有限公司,本科,6K-12K,"['五险一金', '绩效奖金', '带薪年假', '节日福利', '住房补贴']",1-3年
采样工程师,广东万德检测技术股份有限公司,大专,4K-8K,"['五险一金', '包住', '餐补', '带薪年假', '通讯补助']",不限
快递补码员（广东广州）,德邦物流股份有限公司,大专,4K-6K,"['五险一金', '绩效奖金', '全勤奖', '餐补', '节日福利']",不限
细胞培养主管,广州泛恩生物科技有限公司,本科,10K-15K,"['创业公司', '周末双休', '五险一金', '绩效奖金', '带薪年假']",3-5年
设备工程师,上海天祥质量技术服务有限公司,中专,6K-8K,"['五险一金', '年底双薪', '餐补', '带薪年假', '周末双休']",3-5年
项目经理java,广州尚者科技有限公司,本科,15K-20K,"['包住', '包吃', '员工旅游', '定期体检', '房补']",5-10年
创意策划（资深/主管级别）,乐麦信息技术(杭州)有限公司,大专,6K-12K,"['试用期全额', '定期团建', '弹性工作', '五险一金', '年底双薪']",1-3年
设备技术员,上海天祥质量技术服务有限公司,中专,4K-6K,"['五险一金', '年底双薪', '绩效奖金', '餐补', '带薪年假']",1-3年
施工员,广州天瑞广业装饰有限公司,大专,6K-8K,"['包住', '员工旅游', '项目奖金', '社保']",1-3年
HR Assistant 人力资源助理,上海天祥质量技术服务有限公司,大专,4K-6K,"['五险一金', '年底双薪', '餐补', '带薪年假', '周末双休']",1年以下
Testing Technician杂货测试技术员,上海天祥质量技术服务有限公司,大专,4K-6K,"['五险一金', '年底双薪', '绩效奖金', '餐补', '带薪年假']",1-3年
Building Products Engineer 安防工程师,上海天祥质量技术服务有限公司,本科,6K-8K,"['五险一金', '年底双薪', '绩效奖金', '加班补助', '餐补']",1-3年
药品注册专员,广州泛恩生物科技有限公司,本科,8.5K-15K,"['创业公司', '周末双休', '五险一金', '绩效奖金', '带薪年假']",3-5年
环境监测采样人员,广东粤风环保有限公司,大专,4K-7K,"['周末双休', '包吃', '带薪年假', '员工旅游', '补充医疗保险']",不限
资深文案,广州天橙广告有限公司,本科,10K-15K,"['社保', '包吃', '全勤奖', '年底双薪', '节日福利']",3-5年
彩妆研发工程师,广州市蝶妆化妆品有限公司,中专,8K-10K,"['节日福利', '员工旅游', '全勤奖', '五险一金', '加班补助']",3-5年
客服文员,广东君通商业机器有限公司,中专,4K-6K,"['年底双薪', '绩效奖金', '加班补助', '五险一金', '带薪年假']",不限
生产管理,广州市蝶妆化妆品有限公司,中专,10K-15K,"['节日福利', '员工旅游', '全勤奖', '五险一金', '加班补助']",3-5年
执业药师-处方审核员,广东大翔药业有限公司,大专,4K-8K,"['五险一金', '带薪年假', '弹性工作', '定期体检', '免费班车']",不限
调度员,广州市万发物流有限公司,学历不限,4K-6K,"['房补', '餐补', '全勤奖']",不限
项目执行,中元文化传媒(广州)有限公司,学历不限,6K-8K,"['五险一金', '绩效奖金', '带薪年假', '餐补']",不限
高级java工程师,广州至爱智家科技有限公司,本科,12K-20K,"['五险一金', '年底双薪', '绩效奖金', '餐补', '带薪年假']",3-5年
中小学英语教师,广州启智文化发展有限公司,大专,8K-15K,"['五险一金', '带薪年假', '员工旅游', '定期团建', '工作居住证']",1-3年
投标专员,广州穗科建设管理有限公司,大专,4K-6K,"['五险一金', '年底双薪', '绩效奖金', '包住', '定期体检']",1-3年
业务经理,广州市方达资产运营有限公司,大专,8K-10K,"['周末双休', '定期团建', '创业公司', '弹性工作', '带薪年假']",不限
微生物检验员,广州市同恩医疗器械有限公司,大专,3K-5K,"['包吃', '交通补助', '包住', '五险一金', '员工旅游']",无经验
web开发工程师,广东合润融资担保有限公司,本科,6K-10K,"['员工旅游', '五险', '周末双休', '定期体检']",1-3年
仓管员,广州百视通眼镜有限公司,学历不限,3.5K-3.6K,"['五险一金', '全勤奖', '带薪年假', '弹性工作', '员工旅游']",不限
Java高级软件开发工程师,深圳科迪新汇信息科技有限公司广州分公司,本科,10K-18K,"['五险一金', '年底双薪', '绩效奖金', '通讯补助', '带薪年假']",1-3年
创意策划,乐麦信息技术(杭州)有限公司,大专,6K-12K,"['试用期全额', '定期团建', '弹性工作', '五险一金', '年底双薪']",1-3年
业务代表（番禺）,德邦物流股份有限公司,大专,4K-6K,"['五险一金', '绩效奖金', '全勤奖', '餐补', '房补']",不限
业务代表（荔湾）,德邦物流股份有限公司,大专,4K-6K,"['五险一金', '绩效奖金', '全勤奖', '餐补', '房补']",不限
淘宝客服,广州市天河区沙河美蓝利服装店,学历不限,5K-8K,"['包吃', '包住', '节日福利']",不限
大学城高薪诚聘快递员+免费配车,德邦物流股份有限公司,高中,5K-8K,"['高温补贴', '绩效奖金', '弹性工作', '交通补助', '带薪年假']",不限
越秀区高薪诚聘快递员+免费配车,德邦物流股份有限公司,学历不限,5K-8K,"['高温补贴', '绩效奖金', '弹性工作', '交通补助', '带薪年假']",不限
西塱鹤洞大桥高薪诚聘快递员+免费配车,德邦物流股份有限公司,学历不限,5K-8K,"['高温补贴', '绩效奖金', '弹性工作', '交通补助', '带薪年假']",不限
监理员,广东粤能工程管理有限公司,中专,3K-6K,"['年底双薪', '通讯补助', '补充医疗保险', '高温补贴', '包吃']",1-3年
施工管理员,广东昊邦机电工程有限公司,中技,4K-8K,"['五险一金', '绩效奖金', '交通补助', '员工旅游', '节日福利']",1-3年
文案策划,广州好酷信息科技有限公司,大专,4.5K-6K,"['五险一金', '周末双休', '带薪年假', '节日福利']",1-3年
中小学数学教师（新造校区）,广州启智文化发展有限公司,大专,8K-15K,"['五险一金', '带薪年假', '员工旅游', '定期团建', '工作居住证']",1-3年
产品开发主管（供应链）,广州市小伙伴供应链管理有限公司,大专,7K-9K,"['五险一金', '周末双休', '全勤奖', '绩效奖金', '员工旅游']",3-5年
圆通快递员,圆通速递有限公司,中专,6K-8K,"['包住', '交通补助', '弹性工作', '绩效奖金']",不限
（应用软件产品中心）android开发工程师,广州畅驿智能科技有限公司,学历不限,5K-8K,"['五险一金', '绩效奖金', '带薪年假', '周末双休', '年终分红']",1-3年
代建项目负责人,广州穗科建设管理有限公司,大专,6K-8K,[],3-5年
GS(游戏内运营专员）,广州生泰网络科技有限公司,大专,4K-6K,"['五险一金', '年底双薪', '绩效奖金', '包吃', '餐补']",无经验
现场管理/施工员,广州达蒙安防科技有限公司,学历不限,5K-8K,"['五险一金', '年终分红', '绩效奖金', '全勤奖', '包住']",不限
实验室助理,北京莱盟君泰国际医疗技术开发有限公司,大专,6K-8K,"['五险一金', '周末双休', '带薪年假', '节日福利', '补充医疗保险']",1-3年
施工图设计师,广州市俊越园林设计工程有限公司,本科,6K-8K,"['五险一金', '绩效奖金', '餐补', '加班补助', '员工旅游']",3-5年
啊里外贸业务员（包吃+包住或住房补贴）,广州玥豪服装有限公司,大专,6K-8K,"['餐补', '房补', '包吃', '包住', '节日福利']",1-3年
快递分拣操作员,圆通速递有限公司,学历不限,4K-6K,"['绩效奖金', '包住', '交通补助', '弹性工作']",不限
教学主管,广州维儿康健康科技有限公司,大专,7K-10K,"['五险一金', '带薪年假', '弹性工作', '包吃']",3-5年
药店店长,国药控股广州有限公司,大专,6K-8K,"['五险一金', '绩效奖金', '交通补助', '通讯补助', '带薪年假']",1-3年
快递收派员（业务员）,圆通速递有限公司,中专,5K-10K,"['节日福利', '绩效奖金', '交通补助', '通讯补助', '高温补贴']",1-3年
工控类电子 硬件工程师,广州得麦电子科技有限公司,本科,12K-15K,"['定期体检', '节日福利', '定期团建', '弹性工作', '带薪年假']",3-5年
信息系统监理工程师,公诚管理咨询有限公司第一分公司,大专,6K-9K,"['五险一金', '绩效奖金', '年终分红', '节日福利', '高温补贴']",3-5年
物流操作员/操作工/普工（广州-海珠）,圆通速递有限公司,中专,4K-5.5K,"['节日福利', '包住', '绩效奖金', '高温补贴', '弹性工作']",不限
摄影师,广州熳点教育科技有限公司,大专,8K-10K,"['每年多次调薪', '年底双薪', '五险一金', '带薪年假', '弹性工作']",1-3年
广告策划专员,广东高教网络科技股份有限公司,本科,6K-8K,"['五险一金', '年底双薪', '周末双休', '定期团建', '定期体检']",1-3年
快递扫描分拣操作员,圆通速递有限公司,中专,4K-5.5K,"['包住', '节日福利', '绩效奖金', '加班补助', '弹性工作']",不限
生产跟单,东莞市语阳针织有限公司,中专,6K-8K,"['绩效奖金', '餐补', '弹性工作', '节日福利', '通讯补助']",3-5年
嵌入式硬件工程师 生产管理,广州得麦电子科技有限公司,大专,10K-12K,"['定期体检', '节日福利', '定期团建', '弹性工作', '带薪年假']",5-10年
设计师,广州市一横一竖信息科技有限公司,大专,4K-6K,"['全勤奖', '五险一金', '年底双薪', '员工旅游', '周末双休']",1-3年
工程监理,大参林医药集团股份有限公司,本科,4K-7K,"['五险一金', '包住', '带薪年假', '免费班车', '节日福利']",1-3年
竞价,广东民安医院,学历不限,4K-6K,"['五险一金', '包吃', '包住']",1-3年
双休/五险一金/面料检测员,广州依妙实业有限公司,大专,6K-8K,"['五险一金', '绩效奖金', '年终分红', '弹性工作', '不加班']",3-5年
水电监理员[五险、包吃住],广东粤能工程管理有限公司,中专,3.5K-7K,"['年底双薪', '包吃', '包住', '高温补贴', '定期体检']",1-3年
园林项目经理,深圳市和茂达园林绿化工程有限公司,大专,10K-15K,"['餐补', '带薪年假', '节日福利', '绩效奖金', '包住']",5-10年
快递员配送员,圆通速递有限公司,学历不限,5K-8K,"['包住', '交通补助', '弹性工作', '绩效奖金']",1-3年
软装设计师,广州市汤物臣肯文装饰设计有限公司,大专,5K-7K,"['五险一金', '全勤奖', '带薪年假', '补充医疗保险', '餐补']",不限
社工（养老公寓）,招商局物业管理有限公司广州分公司,大专,6K-9K,"['五险一金', '补充医疗保险', '餐补', '通讯补助', '带薪年假']",1-3年
运营经理（包住）,国安社区(广州)科技有限公司,中技,6K-8K,"['五险一金', '节日福利', '绩效奖金', '包住', '餐补']",1-3年
中小学语文老师（线上教学+双休）,广州市易智职业技能培训有限公司,本科,6K-8K,"['绩效奖金', '带薪年假', '员工旅游', '节日福利', '六险一金']",不限
产品专员（电商项目）,广东正品信息科技有限公司,本科,9K-12K,"['五险一金', '绩效奖金', '全勤奖', '带薪年假', '不加班']",1-3年
云业务销售实习生,广东瑞普科技股份有限公司,大专,3K-4K,"['节日福利', '五险一金', '绩效奖金', '带薪年假', '周末双休']",无经验
资料员,深圳金德诚建设有限公司,大专,5K-8K,"['五险一金', '包吃', '包住', '交通补助', '餐补']",1-3年
软件实施工程师,广州闻乐教育科技有限公司,大专,4K-6K,"['绩效奖金', '带薪年假', '每年多次调薪', '补充医疗保险', '员工旅游']",1-3年
采购主管（周末双休 五险一金）,广州市小伙伴供应链管理有限公司,大专,7K-9K,"['五险一金', '定期体检', '全勤奖', '带薪年假', '节日福利']",3-5年
外贸业务员,广州睿豪皮具实业有限公司,中专,5K-10K,"['包吃', '包住']",1-3年
服装外贸跟单,广州意会达信息咨询有限公司,本科,6K-8K,"['五险一金', '绩效奖金', '全勤奖', '带薪年假', '定期体检']",3-5年
运营主管,广州牛师帮文化发展有限公司,大专,6K-12K,"['五险一金', '不加班', '定期团建', '节日福利', '员工旅游']",1-3年
资深文案/文案,广州金燕达观文化传播有限公司,大专,6K-8K,"['节日福利', '五险一金', '绩效奖金', '餐补', '弹性工作']",1-3年
视频设计师,广州丰天豫科技有限公司,本科,10K-15K,"['五险一金', '包吃', '年底双薪', '绩效奖金', '带薪年假']",1-3年
绿化施工员,广东粤汉生态建设有限公司,大专,6K-8K,"['绩效奖金', '包吃', '包住', '年底双薪', '弹性工作']",1-3年
广东省内：项目经理 现场生产管理（建筑 市政）,广州市晟泰建筑劳务有限公司,大专,10K-20K,[],5-10年
施工员,深圳金德诚建设有限公司,学历不限,5K-9K,"['五险一金', '包吃', '包住', '交通补助', '餐补']",1-3年
java高级工程师,广东南方海岸科技服务有限公司,大专,8K-15K,"['五险一金', '年底双薪', '绩效奖金', '餐补', '带薪年假']",3-5年
Cocos Creator 高级工程师,广州微玩互动科技有限公司,大专,12K-22K,"['节日福利', '员工旅游', '弹性工作', '年终分红', '带薪年假']",3-5年
设计师,广州市一横一竖信息科技有限公司,大专,4K-6K,"['全勤奖', '五险一金', '年底双薪', '员工旅游', '周末双休']",1-3年
项目经理-广州,广州安裕物业管理有限公司,大专,6K-8K,['五险一金'],10年以上
媒介执行专员（第三方合同）,群邑（上海）广告有限公司,大专,3.5K-4K,"['节日福利', '五险一金', '带薪年假', '餐补', '年底双薪']",不限
3d模型讲师（住宿+五险一金+绩效+无责任底薪）sy,广州潭州教育网络科技有限公司,学历不限,8K-10K,"['五险一金', '绩效奖金', '节日福利', '员工旅游', '带薪试岗']",不限
分公司理赔部经理,都邦财产保险股份有限公司广东分公司,本科,10K-15K,"['五险一金', '餐补', '周末双休', '定期体检', '带薪年假']",不限
生信工程师,广州燃石医学检验所有限公司,学历不限,8K-15K,[],不限
外贸业务员,广州市君盘实业股份有限公司,大专,8K-10K,"['包住', '包吃', '五险一金', '绩效奖金', '股票期权']",1-3年
园建施工员,广东粤汉生态建设有限公司,大专,6K-8K,"['绩效奖金', '包吃', '包住', '年底双薪', '弹性工作']",1-3年
外贸业务员,广州市酷迪五金制品有限公司,大专,8K-10K,"['五险一金', '绩效奖金', '全勤奖', '交通补助', '带薪年假']",不限
品类主管,延长壳牌(广东)石油有限公司,本科,10K-15K,"['节日福利', '五险一金', '绩效奖金', '带薪年假', '补充医疗保险']",不限
资料员,广东省城规建设监理有限公司,大专,4K-6K,"['带薪年假', '年底双薪', '绩效奖金']",不限
车间主任,深圳市朗坤环境集团股份有限公司,学历不限,8K-12K,"['绩效奖金', '包住', '餐补', '通讯补助', '带薪年假']",3-5年
私房菜厨师,十二书院(广州)文化传播有限公司,中专,4K-7K,"['全勤奖', '节日福利', '餐补', '绩效奖金']",1-3年
外贸跟单（金属）,广州美联金属有限公司,学历不限,4K-8K,"['周末双休', '出国游', '年底双薪']",3-5年
实施工程师,深圳科迪新汇信息科技有限公司广州分公司,大专,7K-8K,"['弹性工作', '五险一金', '周末双休', '餐补', '定期体检']",3-5年
视频制作,广州市梦妆化妆品有限公司,大专,5K-7K,[],1-3年
设计经理,广州市蔻波生物科技有限公司,本科,8K-10K,"['五险一金', '年底双薪', '全勤奖', '带薪年假', '补充医疗保险']",3-5年
云业务销售顾问,广东瑞普科技股份有限公司,大专,8K-10K,"['节日福利', '五险一金', '绩效奖金', '带薪年假', '周末双休']",1-3年
园林土建施工主管,广州市嘉福园林建设有限公司,大专,8K-10K,"['五险一金', '年底双薪', '绩效奖金', '包吃', '包住']",3-5年
水族设备销售,广州迈光电子科技股份有限公司,学历不限,4.5K-9K,"['五险一金', '绩效奖金', '带薪年假', '全勤奖', '节日福利']",1-3年
资料员,广州筑本建材有限公司,大专,4K-6K,"['绩效奖金', '周末双休', '交通补助', '通讯补助', '弹性工作']",不限
外贸业务员,钻石星(广州)家居饰品有限公司,大专,6K-8K,"['五险一金', '年底双薪', '绩效奖金', '年终分红', '全勤奖']",1-3年
监理员（实习生）,广州穗科建设管理有限公司,大专,2K-2.5K,"['包住', '包吃']",无经验
电商资深运营,广州市谷膳好贸易有限公司,大专,6K-8K,"['五险一金', '定期团建', '节日福利', '绩效奖金', '弹性工作']",3-5年
园建、绿化技术主管,广东粤汉生态建设有限公司,大专,15K-20K,"['绩效奖金', '包吃', '包住', '年底双薪', '弹性工作']",5-10年
后期制作,广州至爱智家科技有限公司,大专,5K-9K,"['五险一金', '年底双薪', '餐补', '带薪年假', '定期体检']",1-3年
C4D+AE影视特效,广州创一网络传媒有限公司,大专,7K-10K,"['五险一金', '绩效奖金', '加班补助', '全勤奖', '交通补助']",1-3年
安全工程师,深圳市朗坤环境集团股份有限公司,大专,8K-10K,"['绩效奖金', '包住', '餐补', '通讯补助', '带薪年假']",3-5年
房地产结构设计师,广州翔元商贸有限公司,本科,10K-15K,[],1-3年
创作组长（美术）,广州金燕达观文化传播有限公司,学历不限,10K-15K,"['年底双薪', '绩效奖金', '交通补助', '餐补', '带薪年假']",3-5年
美工设计师,广州美仁国技能培训有限公司,大专,6K-8K,"['绩效奖金', '节日福利', '创业公司']",1-3年
物业管理经理,广州联合文化发展有限公司,大专,8K-12K,"['五险一金', '交通补助', '餐补', '通讯补助', '免费班车']",3-5年
保险顾问/财务规划师,中国平安人寿保险股份有限公司广州市天河支公司优才部,大专,15K-20K,"['快速晋升', '综合金融', '收入公平', '出国旅游', '晋升透明']",不限
项目专员,赛业(广州)生物科技有限公司,本科,6K-8K,"['五险一金', '年底双薪', '绩效奖金', '交通补助', '餐补']",不限
现场质检员（QC）,广州卡士德汽车用品有限公司,中专,4K-6K,"['绩效奖金', '全勤奖', '包吃', '包住', '带薪年假']",1-3年
亚马逊德语销售,开平市嘉顿卫浴有限公司,大专,5K-8K,"['绩效奖金', '周末双休', '节日福利', '员工旅游']",不限
策略总监,广州金燕达观文化传播有限公司,本科,15K-22K,"['五险一金', '餐补', '弹性工作', '节日福利', '带薪年假']",5-10年
校长,广州市桐音乐器有限公司,本科,10K-15K,"['绩效奖金', '年终分红', '股票期权', '五险一金', '交通补助']",1-3年
产品开发,广州梓鲲电子有限公司,大专,8K-10K,"['无试用期', '五险一金', '年底双薪', '绩效奖金', '弹性工作']",1-3年
PHP网站架构师/可无经验,新东方信用管理有限公司,中技,4K-6K,"['五险一金', '年底双薪', '绩效奖金', '全勤奖', '带薪年假']",不限
税务会计,广东逸联实业有限公司,大专,5.5K-7K,"['全勤奖', '补充医疗保险', '员工旅游', '节日福利', '带薪年假']",3-5年
初小数学老师,广州市学乐教育信息咨询有限公司,本科,8K-10K,"['五险一金', '绩效奖金', '带薪年假', '员工旅游', '节日福利']",1-3年
行政文员/行政助理,广州市富诚装饰纸品有限公司,中专,2.5K-3.5K,[],不限
综合档案整理项目经理,广东亚齐信息技术股份有限公司,大专,8K-10K,"['项目奖金', '绩效奖金', '五险一金', '节日福利', '公司重点项目']",3-5年
高中数学教师,广州市学乐教育信息咨询有限公司,本科,10K-15K,"['五险一金', '带薪年假', '员工旅游', '节日福利']",1-3年
软件助理工程师,深圳市精杰科技有限公司,大专,10K-20K,"['年终分红', '五险一金', '年底双薪', '绩效奖金', '带薪年假']",1-3年
综合档案整理项目组长,广东亚齐信息技术股份有限公司,大专,4K-6K,"['节日福利', '意外保险', '五险一金', '公司重点项目', '餐补']",3-5年
摄影/后期制作,广州睿豪皮具实业有限公司,大专,8K-10K,"['五险一金', '年底双薪', '绩效奖金', '包吃', '包住']",不限
项目部经理,广州建通测绘地理信息技术股份有限公司,大专,10K-15K,[],5-10年
化验员QC(提供食宿）,广东福寿仙健康制药有限公司,本科,2K-4K,"['五险一金', '包吃', '节日福利']",不限
生产跟单员,广州美利康光电科技有限公司,大专,4K-6K,"['绩效奖金', '全勤奖', '包吃', '包住', '餐补']",1-3年
高薪+高提成,学车了么(广州)汽车机动车驾驶员培训有限公司,学历不限,6K-8K,"['五险一金', '绩效奖金', '节日福利', '不加班', '定期团建']",不限
地推经理,学车了么(广州)汽车机动车驾驶员培训有限公司,学历不限,8K-10K,"['五险一金', '绩效奖金', '节日福利', '不加班', '定期团建']",不限
业务员销售,学车了么(广州)汽车机动车驾驶员培训有限公司,学历不限,8K-10K,"['五险一金', '绩效奖金', '节日福利', '不加班', '定期团建']",不限
提成高+易促成,学车了么(广州)汽车机动车驾驶员培训有限公司,学历不限,8K-10K,"['五险一金', '绩效奖金', '节日福利', '不加班', '定期团建']",不限
起重检验员（特种设备）,中星检测集团有限公司,大专,8K-15K,"['五险一金', '交通补助', '餐补', '带薪年假', '节日福利']",1-3年
高级设计工程师,广东卓亚电气实业有限公司,本科,5K-8K,"['周末双休', '五险一金', '包吃', '通讯补助', '高温补贴']",3-5年
采购专员,广州市艾涛普电子有限公司,大专,3K-4.5K,"['五险一金', '大小周']",1-3年
开票员收货员,广州超胜物流有限公司,中专,3.5K-4.2K,"['包吃', '住房补贴']",1-3年
底薪7200储备管理人员  朝九晚六  五险一金,深圳市乐有家控股集团有限公司,大专,9K-17K,"['五险一金', '绩效奖金', '房补', '餐补', '交通补助']",不限
在线销售/15点提成+奖金/双休/包吃包住,深圳市盛帝森科技有限公司,学历不限,8K-10K,"['周末双休', '年底双薪', '带薪年假', '全勤奖', '员工旅游']",不限
后期制作（广州）,微传播(北京)网络科技股份有限公司,大专,4K-8K,"['五险一金', '餐补', '带薪年假', '弹性工作', '定期体检']",1-3年
ios开发工程师,广州购翠网科技有限公司,大专,11K-16K,"['五险一金', '绩效奖金', '年终分红', '股票期权', '餐补']",1-3年
初小语文老师,广州市学乐教育信息咨询有限公司,本科,8K-10K,"['五险一金', '绩效奖金', '带薪年假', '员工旅游', '节日福利']",1-3年
外贸跟单助理（薪资4k起+购买五险一金）,广州迅源贸易有限公司,学历不限,4.5K-6K,"['五险一金', '年底双薪', '绩效奖金', '年终分红', '全勤奖']",不限
质检员,广东联续赢信息科技有限公司,中专,7K-9K,"['五险一金', '节日福利', '包住', '包吃', '全勤奖']",3-5年
环保工程师,广州尚洁环保科技有限公司,本科,6K-8K,"['五险一金', '餐补', '房补', '交通补助', '通讯补助']",不限
平面设计（美工）,广州飞通信息科技有限公司,中专,3.5K-5.5K,"['五险一金', '年底双薪', '绩效奖金', '全勤奖', '定期体检']",1-3年
采购员,广东康美药业有限公司,大专,4K-8K,"['五险一金', '绩效奖金', '交通补助', '餐补', '通讯补助']",1-3年
资料员/资料主管（房建、市政）,广州市晟泰建筑劳务有限公司,学历不限,5K-10K,[],不限
Android移动端开发,广东广凌信息科技股份有限公司,本科,7K-12K,"['五险一金', '全勤奖', '带薪年假', '弹性工作', '定期体检']",1-3年
中餐厨师,广州馨园酒店管理有限公司,学历不限,4K-6K,"['包吃', '包住']",5-10年
测量员/测量工程师/测量技术员,广东卓亚电气实业有限公司,大专,4.5K-7K,"['周末双休', '五险一金', '通讯补助', '高温补贴', '交通补助']",3-5年
c++开发工程师,广州市申迪计算机系统有限公司,本科,10K-20K,[],1-3年
广州销售岗位招聘应届毕业大学生 底薪7200,深圳市乐有家控股集团有限公司,大专,7.2K-13K,"['五险一金', '绩效奖金', '通讯补助', '每年多次调薪', '节日福利']",无经验
高级java开发工程师,广州市新添吉纺织品有限公司,大专,9K-18K,"['餐补', '带薪年假', '定期团建', '周末双休']",5-10年
短视频运营专员,膜法世家,学历不限,7K-8K,"['全勤奖', '节日福利', '员工旅游', '五险一金', '包住']",1-3年
现场施工管理/机电工程师/项目经理,广东卓亚电气实业有限公司,大专,5K-8K,"['周末双休', '五险一金', '绩效奖金', '餐补', '通讯补助']",3-5年
商务拓展专员 9k基本薪资+名校同事,居理新房,本科,10K-15K,"['创业公司', '五险一金', '绩效奖金', '加班补助', '全勤奖']",不限
学而思1对1（爱智康）英语教师,北京世纪好未来教育科技有限公司,本科,8K-15K,"['五险一金', '弹性工作', '定期体检', '员工旅游', '节日福利']",不限
【底薪5400+提成+周末双休】中国平安+销售+储备团队长,中国平安人寿保险股份有限公司广东分公司天河营销服务部董艳玲,大专,10K-15K,"['绩效奖金', '弹性工作', '补充医疗保险', '定期体检', '员工旅游']",不限
高薪服装外贸业务员,广州铭门服装有限公司,大专,5K-10K,"['全勤奖', '绩效奖金', '弹性工作', '不加班', '社保']",不限
高中数学教师,北京世纪好未来教育科技有限公司,本科,4K-7K,"['节日福利', '弹性工作', '每年多次调薪', '不加班', '无试用期']",不限
采购专员,山东唐弓集团有限公司,学历不限,4K-6K,"['五险一金', '节日福利', '餐补', '不加班', '绩效奖金']",不限
执业药师/店长,广东康美药业有限公司,中专,4K-8K,"['五险一金', '绩效奖金', '加班补助', '全勤奖', '包住']",不限
驻外质检（五险一金）,广州市汉斯达五金有限公司,大专,4K-6K,"['五险一金', '绩效奖金', '带薪年假', '员工旅游', '定期体检']",3-5年
幕墙项目经理,广州鼎晟幕墙工程有限公司,大专,6K-8K,"['五险一金', '包住', '餐补', '员工旅游', '节日福利']",3-5年
学而思一对一签约教师,北京世纪好未来教育科技有限公司,本科,8K-10K,"['节日福利', '弹性工作', '员工旅游', '定期团建', '不加班']",不限
生产主管,广州市美帮祈富文仪有限公司,中专,6K-8K,"['绩效奖金', '全勤奖', '带薪年假', '节日福利', '五险']",3-5年
资深质检员,广州市汉斯达五金有限公司,中专,4K-6K,"['五险一金', '绩效奖金', '带薪年假', '员工旅游', '定期体检']",3-5年
啊里巴巴外贸业务员包吃包住薪资过万,广州玥豪服装有限公司,本科,8K-10K,"['餐补', '房补', '包吃', '包住', '节日福利']",不限
电商采购,广州巨鑫网络科技有限公司,学历不限,3.5K-4.5K,"['节日福利', '员工旅游', '包吃']",不限
质检员,广州笔匠化妆品有限公司,高中,3.5K-5K,[],无经验
资深消费者研究顾问,乐麦信息技术(杭州)有限公司,本科,10K-20K,"['试用期全额', '定期团建', '弹性工作', '五险一金', '年底双薪']",1-3年
语文老师,北京世纪好未来教育科技有限公司,本科,4K-7K,"['节日福利', '弹性工作', '公司重点项目', '无试用期', '大牛带队']",不限
化学分析研究员,广州安岩仁医药科技有限公司,本科,5K-7K,"['节日福利', '年终分红', '旅游', '定期体检', '生日会']",3-5年
急聘高中数学老师（全职、兼职）,广州市学时教育科技有限公司,本科,10K-15K,"['弹性工作', '节日福利']",不限
小学数学教师,北京世纪好未来教育科技有限公司,本科,4K-7K,"['节日福利', '弹性工作', '全勤奖', '员工旅游', '带团队']",不限
ebay产品开发,广州纽拓科技有限公司,大专,6K-8K,"['五险一金', '年底双薪', '绩效奖金', '全勤奖', '股票期权']",1年以下
化妆品研发工程师,广州市歌丽丝化妆品有限公司,本科,7K-13K,"['节日福利', '每年多次调薪', '五险一金', '包吃', '包住']",3-5年
客服专员,福州东泽医疗器械有限公司,大专,3.5K-5K,"['五险一金', '周末双休', '绩效奖金', '加班补助', '带薪年假']",1-3年
品质主管,阿尔派电子(中国)有限公司,本科,6K-10K,"['五险一金', '绩效奖金', '加班补助', '通讯补助', '带薪年假']",3-5年
快餐店炒锅,广东瀚森酒店管理有限公司,学历不限,3.8K-5K,"['五险一金', '包吃', '包住', '带薪年假', '补充医疗保险']",1-3年
网络销售+高薪高提成+包住,广州瑞鑫商品信息咨询有限公司,大专,8K-15K,"['员工旅游', '节日福利', '绩效奖金', '带薪年假', '包住']",1-3年
大客户销售总监,北京北大软件工程股份有限公司,本科,50K-70K,"['五险一金', '绩效奖金', '餐补', '节日福利']",5-10年
金融团队经理,广州捌贰捌信息咨询有限公司,大专,10K-15K,"['五险一金', '全勤奖', '节日福利', '员工旅游', '餐补']",1-3年
注册专员,广州永士达医疗科技有限责任公司,本科,8K-10K,"['五险一金', '带薪年假', '定期体检', '员工旅游', '周末双休']",1-3年
M3D建模讲师-应届生+提供住宿,广州潭州教育网络科技有限公司,大专,5K-10K,"['五险一金', '绩效奖金', '节日福利', '带薪年假', '包住']",1-3年
RP6 广发证券后台普通坐席专员,诚伯信息有限公司,大专,3K-5K,"['五险一金', '高温补贴', '周末双休', '午餐补贴', '交通补贴']",不限
供应商开发 汽配,广州广颖创网络科技有限公司,大专,6K-8K,"['五险一金', '全勤奖', '带薪年假', '节日福利', '周末双休']",1-3年
客服主管,广州六一信息科技有限公司,本科,6K-8K,"['五险一金', '带薪年假', '定期体检', '周末双休', '餐补']",3-5年
助理工程师（研发部）,广州市申迪计算机系统有限公司,大专,5K-8K,[],1-3年
医药销售代表/主管/经理/总监,广州圣幸健康科技有限公司,大专,8K-15K,"['五险一金', '全勤奖', '带薪年假', '节日福利', '丰厚年张奖']",1-3年
技术员,广州市茁越贸易有限公司,大专,4K-5K,"['节日福利', '五险', '员工旅游', '不加班', '大小周']",1-3年
外贸业务员,广州市酷迪五金制品有限公司,大专,8K-10K,"['五险一金', '全勤奖', '绩效奖金', '弹性工作', '节日福利']",1-3年
施工员,深圳时代装饰股份有限公司,大专,4K-6K,"['五险一金', '年底双薪', '包住', '节日福利', '绩效奖金']",1-3年
企业风险管理师/家庭风险规划师,中国人民人寿保险股份有限公司广州分公司黄埔区支公司新立方部,大专,10K-15K,"['绩效奖金', '全勤奖', '弹性工作', '不加班', '无试用期']",不限
机电设计主管,安徽未名实验室科技有限公司,本科,8K-12K,"['五险一金', '带薪年假', '包吃', '员工旅游', '周末双休']",5-10年
高级运营经理/运营专家,北京宝润兴业科技股份有限公司,本科,20K-30K,"['五险一金', '绩效奖金', '定期体检', '带薪年假', '节日福利']",5-10年
诚聘外贸业务员（国内外展会+社保）,广州市禾达货架有限公司,大专,4K-8K,"['五险一金', '带薪年假', '弹性工作', '员工旅游', '节日福利']",不限
信用卡催收员,北京互连众信科技有限公司广州分公司,大专,8K-10K,"['五险一金', '绩效奖金', '带薪年假']",1-3年
生产工人,广州相宜化妆品有限公司,大专,3.5K-4K,"['餐补', '房补', '定期体检', '加班补助', '全勤奖']",不限
阿里培训专员,诚伯信息有限公司,大专,4K-6K,"['五险一金', '绩效奖金', '带薪年假', '节日福利', '周末双休']",1-3年
运营经理,嗨马乐动(广州)运动科技有限公司,大专,6K-8K,"['五险一金', '包吃', '包住']",3-5年
电商买手（朝九晚六）大小周,广州椿去湫来商贸有限公司,大专,4K-8K,"['全勤奖', '五险一金', '绩效奖金', '交通补助', '餐补']",1-3年
400客服主管,深圳卓正医疗投资咨询有限公司,大专,7K-12K,"['五险一金', '带薪年假', '弹性工作', '节日福利', '定期体检']",3-5年
产品专员,广州购翠网科技有限公司,大专,6K-8K,"['餐补', '加班补助', '绩效奖金', '员工旅游', '节日福利']",1年以下
外贸业务员,广州市龙鹂达音响电子有限公司,大专,8K-10K,"['包吃', '餐补', '房补', '节日福利']",不限
标准质检经理,广西东呈酒店管理有限公司,本科,8K-10K,"['五险一金', '年底双薪', '加班补助', '餐补', '交通补助']",不限
包装设计,膜法世家,学历不限,6K-8K,"['五险一金', '绩效奖金', '加班补助', '全勤奖', '包住']",不限
质检主管,青云谱区新二号街角服装店,大专,6K-8K,"['全勤奖', '包吃', '通讯补助', '定期体检', '出国游']",1-3年
新零售高级运营（母婴营养方向）,广州云养邦互联科技有限公司,学历不限,8K-10K,"['六险一金', '全额公积金', '周末双休', '弹性工作', '年底双薪']",3-5年
通信工程师,人天通信集团有限公司,大专,8K-12K,"['带薪年假', '通讯补助', '五险一金', '年终奖', '餐补']",3-5年
室内设计师/医院项目,广州弘熙医疗投资管理有限公司,本科,15K-20K,"['五险一金', '年底双薪', '绩效奖金', '通讯补助', '带薪年假']",1-3年
副秘书长,广东省公共安全技术防范协会,本科,10K-16K,"['五险一金', '年底双薪', '绩效奖金', '全勤奖', '交通补助']",5-10年
测试工程师,广州市申迪计算机系统有限公司,本科,10K-16K,[],1-3年
微信化妆品销售（近地铁/13%高提成点）,广州伊蕾贸易有限公司,大专,8K-10K,"['年底双薪', '绩效奖金', '全勤奖', '带薪年假', '员工旅游']",不限
发货专员（组长储备）,广州市社道贸易有限公司,中专,3.5K-4.5K,"['员工旅游', '全勤奖', '节日福利', '加班补助', '弹性工作']",1-3年
大客户销售总监（广州）,北京北大软件工程股份有限公司,本科,50K-70K,"['五险一金', '餐补', '节日福利', '带薪年假', '通讯补助']",5-10年
仓库主管,广州市奥鑫美塑胶有限公司,中专,6K-8K,"['包吃', '包住', '绩效奖金', '五险一金']",5-10年
家装监理,广州正霆工程技术有限公司,学历不限,2.8K-5K,"['交通补助', '带薪年假', '节日福利', '每年多次调薪', '包住']",不限
服装售后客服+包吃包住+7.5小时,贝尔品牌运营管理(广州)有限公司,中专,3K-4K,"['绩效奖金', '节日福利', '包吃', '带薪年假', '包住']",1-3年
天猫客服主管,广州艾弗丽服饰有限公司,大专,6K-8K,"['绩效奖金', '节日福利', '五险一金', '餐补', '房补']",1-3年
9000起网络销售+不加班+社保,广州邦莱贸易有限公司,学历不限,9K-15K,"['绩效奖金', '全勤奖', '带薪年假', '节日福利', '员工旅游']",无经验
装饰工程项目主管,广州市正方装饰设计工程有限责任公司,中专,5K-8K,"['包住', '年终奖金', '高温补贴']",3-5年
淘宝客服+双休+3800,广州青迈信息技术有限公司,中专,4K-6K,"['五险一金', '年底双薪', '绩效奖金', '全勤奖', '包住']",不限
仓库管理员配货员,广州盈君祺贸易有限公司,中专,4K-6K,"['带薪年假', '出国游', '五险一金', '年底双薪', '绩效奖金']",3-5年
阿里巴巴客服（急聘）,广州欧博化妆品有限公司,中专,4K-6K,"['包吃', '包住']",1-3年
验房工程师,广州正霆工程技术有限公司,学历不限,2.8K-4K,"['包住', '交通补助', '带薪年假', '员工旅游', '高温补贴']",不限
法规注册经理,广州永士达医疗科技有限责任公司,本科,10K-15K,[],无经验
医疗器械注册经理,广州永士达医疗科技有限责任公司,本科,10K-15K,"['五险一金', '带薪年假', '定期体检', '员工旅游', '周末双休']",3-5年
销售老虎招募中！！（5.1K+高提成）,北京华兴汇河文化交流有限公司,大专,5.1K-10K,"['绩效奖金', '全勤奖', '交通补助', '餐补', '房补']",不限
亚马逊精品运营,广州杰森克斯电子配件有限公司,大专,4K-8K,"['绩效奖金', '全勤奖', '节日福利', '年终奖', '员工旅游']",不限
汽车机修工,比亚迪汽车工业有限公司,学历不限,8K-10K,"['五险一金', '餐补', '节日福利']",不限
（天河）网络销售+社保,广州邦莱贸易有限公司,高中,8K-10K,"['绩效奖金', '全勤奖', '带薪年假', '节日福利', '员工旅游']",不限
行政实习生,广州六一信息科技有限公司,本科,2.2K-2.5K,"['五险一金', '带薪年假', '定期体检', '周末双休', '餐补']",无经验
部门助理,广州市申迪计算机系统有限公司,大专,5K-8K,"['年底双薪', '交通补助', '餐补', '通讯补助', '带薪年假']",1-3年
配送司机,广州市绿疆自动化设备有限公司,学历不限,4.5K-8K,"['年底双薪', '年终分红', '包吃', '包住', '交通补助']",1年以下
土建施工员,富力集团,学历不限,7K-10K,"['五险一金', '定期体检', '年终奖', '包吃', '包住']",1-3年
亚马逊/精品运营/6k+,广州鼎麟贸易有限公司,大专,7K-14K,"['全勤奖', '带薪年假', '员工旅游', '节日福利', '年终奖']",1-3年
速卖通客服,广州梓鲲电子有限公司,大专,4.5K-7K,"['五险一金', '年底双薪', '绩效奖金', '弹性工作', '带薪年假']",不限
游戏主美,广州微玩互动科技有限公司,本科,15K-30K,"['节日福利', '员工旅游', '弹性工作', '年终分红', '带薪年假']",5-10年
教学研发专员/总监助理,北京光环致成国际管理咨询股份有限公司,硕士,8K-10K,"['节日福利', '五险一金', '全勤奖', '餐补', '带薪年假']",1-3年
教师（小学数学）,广州远大信息发展有限公司,大专,6K-12K,"['五险一金', '绩效奖金', '股票期权', '包住', '餐补']",1-3年
技术支援工程师,中企网络通信技术有限公司广州分公司,大专,4.5K-8K,"['五险一金', '年终分红', '带薪年假', '补充医疗保险', '定期体检']",无经验
资深策划,广州米内可酒业有限公司,本科,6K-8K,"['五险一金', '带薪年假', '定期体检', '员工旅游', '节日福利']",1-3年
测试经理/主管,广州市申迪计算机系统有限公司,本科,10K-20K,"['五险一金', '年底双薪', '交通补助', '餐补', '通讯补助']",3-5年
施工图组长,广州博斯特设计有限公司,大专,4K-6K,"['14薪', '五险一金', '餐补', '每年多次调薪', '全勤奖']",3-5年
亚马逊Amazon 日语 运营/销售,广州杰森克斯电子配件有限公司,大专,4K-8K,"['高提成', '绩效奖金', '全勤奖', '节日福利', '年终奖']",不限
设计工程师（黄埔区，周末双休）,广东卓亚电气实业有限公司,本科,4K-6K,"['五险一金', '绩效奖金', '交通补助', '餐补', '通讯补助']",1-3年
项目经理,广州市嘉福园林建设有限公司,大专,10K-15K,"['五险一金', '年底双薪', '绩效奖金', '包吃', '包住']",5-10年
资深网络工程师,中企网络通信技术有限公司广州分公司,大专,10K-15K,"['五险一金', '年终分红', '补充医疗保险', '带薪年假', '节日福利']",3-5年
施工员\施工主管（房建、市政）,广州市晟泰建筑劳务有限公司,学历不限,5K-10K,[],3-5年
电话销售（高底薪+高提成+包吃包住）,广东千喜企业管理有限公司,学历不限,8K-12K,"['五险一金', '绩效奖金', '全勤奖', '包吃', '包住']",不限
制造品质工程师（PQE）,广州市诺米家居五金有限公司,大专,6K-8.5K,"['绩效奖金', '包吃', '房补', '员工旅游', '住房补贴']",3-5年
招滴滴司机月薪轻松过万,广州海洋汽车服务有限公司,学历不限,10K-15K,"['年终分红', '交通补助', '加班补助', '弹性工作', '定期团建']",不限
销售工程师,广东艾罗照明科技股份有限公司,学历不限,4.5K-9K,"['五险一金', '年底双薪', '绩效奖金', '全勤奖', '包吃']",1-3年
高级项目经理,中审众环会计师事务所(特殊普通合伙)广东分所,本科,20K-30K,"['五险一金', '绩效奖金', '交通补助', '餐补', '房补']",3-5年
机电设计主管,安徽未名实验室科技有限公司,大专,10K-15K,"['五险一金', '绩效奖金', '包吃', '周末双休', '员工旅游']",3-5年
新媒体运行/文案策划,广州沉品广告有限公司,本科,5K-10K,"['五险一金', '全勤奖', '带薪年假', '绩效奖金']",不限
质检员,广州市诺米家居五金有限公司,中专,3.5K-5K,"['绩效奖金', '包吃', '房补', '员工旅游', '住房补贴']",1-3年
项目经理,中审众环会计师事务所(特殊普通合伙)广东分所,本科,10K-15K,"['住房补贴', '五险一金', '绩效奖金', '交通补助', '通讯补助']",3-5年
业务助理,广东艾罗照明科技股份有限公司,大专,4.5K-6K,"['五险一金', '年底双薪', '绩效奖金', '全勤奖', '带薪年假']",不限
IT项目经理,中审众环会计师事务所(特殊普通合伙)广东分所,学历不限,10K-15K,"['五险一金', '交通补助', '餐补', '房补', '通讯补助']",不限
项目助理（SaaS医疗云HIS项目跟进过程管理晋升空间大双休,广州尚医网信息技术有限公司,本科,8K-15K,"['绩效奖金', '年终分红', '全勤奖', '通讯补助', '周末双休']",1-3年
总建筑师（珠海、深圳、广州）,珠海横琴国开投资有限公司,本科,20K-30K,"['五险一金', '绩效奖金', '包住', '餐补', '员工旅游']",5-10年
销售主管,广州聚泉电子商务有限公司,大专,10K-15K,"['全勤奖', '带薪年假', '绩效奖金', '加班补助']",1-3年
项目主管,广东科泽信息科技股份有限公司,大专,7K-9K,"['绩效奖金', '全勤奖', '带薪年假', '餐补', '交通补助']",5-10年
红酒销售,广州汇帝进出口贸易有限公司,学历不限,4K-8K,"['五险一金', '绩效奖金', '带薪年假', '节日福利']",不限
渠道会计运营经理,北京公瑾科技有限公司,大专,14K-18K,"['五险一金', '餐补', '带薪年假', '补充医疗保险', '节日福利']",5-10年
长租白领公寓工程监理（室内装修配置部分）,广州自如资产管理有限公司,本科,6K-8K,"['五险一金', '绩效奖金', '带薪年假', '餐补', '定期体检']",不限
跟单,沙河口区范普拉斯服饰工作室,学历不限,5K-8K,"['全勤奖', '带薪年假']",3-5年
英语教师,广州小象乐语教育科技有限公司,本科,6K-10K,"['五险一金', '绩效奖金', '餐补', '定期体检', '带薪年假']",1-3年
空间设计(包吃住),广州市绿奥环保科技有限公司,大专,4K-6K,"['包吃', '包住', '全勤奖', '带薪年假', '节日福利']",1-3年
业务主管/销售主管,广州艾雯思教育信息咨询有限公司,大专,10K-15K,"['五险一金', '绩效奖金', '全勤奖', '带薪年假', '节日福利']",3-5年
策划经理,广州颜一生物科技有限公司,本科,15K-20K,"['五险一金', '绩效奖金', '全勤奖', '带薪年假', '定期团建']",5-10年
销售专员（岗前培训，高额提成，薪酬不封顶）,广州来钰贸易有限公司,大专,6K-12K,"['不加班', '员工旅游', '绩效奖金', '节日福利', '五险一金']",不限
机械设计工程师,广州暨嘉智能设备有限公司,大专,10K-15K,"['节日福利', '绩效奖金', '全勤奖', '员工旅游', '高温补贴']",3-5年
检验员,广州富玛医药科技股份有限公司,大专,3K-5K,"['五险一金', '节日福利', '定期体检', '带薪年假', '周末双休']",不限
园林,深圳市绿野装饰设计工程有限公司,大专,4K-6K,"['五险一金', '绩效奖金', '加班补助', '全勤奖', '包住']",不限
金融产品销售 周末双休 8k-12k,中国平安人寿保险股份有限公司广东分公司嘉禾营销服务部菁英部,大专,8K-12K,"['周末双休', '出国游', '节日福利', '员工旅游', '不加班']",不限
游戏编辑,广州铂锐盛途科技有限公司,大专,3K-4K,"['五险一金', '全勤奖', '交通补助', '加班补助', '带薪年假']",不限
视频制作剪辑,花样年华(广州)国际化妆品有限公司,大专,5K-10K,"['五险一金', '全勤奖', '周末双休', '定期团建', '出国游']",1-3年
质检(QC)人员,"King Crystal Co., Ltd.",中专,4K-6K,"['五险一金', '绩效奖金', '加班补助', '交通补助', '带薪年假']",1-3年
校长,广州天越教育咨询有限公司,大专,8K-10K,"['包住', '绩效奖金', '全勤奖', '交通补助', '餐补']",1-3年
新零售内容策划（母婴营养方向）,广州云养邦互联科技有限公司,本科,6K-10K,"['六险一金', '全额公积金', '周末双休', '弹性工作', '年底双薪']",1-3年
背景调查顾问助理,广州市八方锦程人力资源有限公司,大专,4K-6K,"['五险一金', '绩效奖金', '全勤奖', '弹性工作', '带薪年假']",无经验
外贸业务员（包住+无责任底薪+提成）,广州市彩诚电子科技有限公司,大专,4K-8K,"['五险一金', '年底双薪', '绩效奖金', '年终分红', '包住']",1-3年
英语翻译（兼职）,西安凌图译训翻译有限公司,本科,15K-20K,"['公司重点项目', '大牛带队', '绩效奖金', '加班补助', '弹性工作']",1-3年
视频剪辑师,广州爱拓电子产品有限公司,大专,6K-12K,"['五险一金', '绩效奖金', '包吃', '带薪年假']",1-3年
外贸专员（五险一金）,广州市钦泰科技有限公司,大专,4.5K-9K,"['五险一金', '绩效奖金', '餐补', '通讯补助', '带薪年假']",1-3年
招聘电子维修工程师,广州市名成资讯科技有限公司,学历不限,4K-6K,[],不限
背景调查助理（周末双休）,广东八方职信科技有限公司,大专,4K-6K,"['五险一金', '绩效奖金', '餐补', '带薪年假', '节日福利']",不限
项目管理工程师,广东卓亚电气实业有限公司,大专,6K-8K,"['五险一金', '绩效奖金', '餐补', '通讯补助', '带薪年假']",3-5年
java,揭阳钸马呼信息科技有限公司,大专,9K-18K,"['包吃', '包住', '年底双薪', '周末双休']",3-5年
机械工程师,广州市华粤管业有限公司,大专,6K-10K,"['全勤奖', '包吃', '包住', '弹性工作', '员工旅游']",3-5年
质检员,深圳时代装饰股份有限公司,大专,4K-6K,"['五险一金', '年底双薪', '年终分红', '带薪年假', '弹性工作']",1-3年
战略咨询 战略合伙人,广州龙行企业管理咨询有限公司,大专,30K-50K,"['五险一金', '年底双薪', '绩效奖金', '年终分红', '全勤奖']",5-10年
原画讲师w（五险一金+住宿）,广州潭州教育网络科技有限公司,大专,8K-10K,"['五险一金', '包住', '房补', '节日福利']",不限
仓库管理员,广州金中网络技术有限公司,学历不限,3.5K-6K,[],不限
.net开发工程师,广州美网智能科技有限公司,大专,8K-14K,"['年底双薪', '带薪年假', '全勤奖', '节日福利', '员工旅游']",3-5年
采购专员,都昌县兄弟汽车销售有限公司,中专,6K-8K,"['试用期全额', '年终分红', '年底双薪', '五险一金', '全勤奖']",不限
检验员/生产操作员（包住）,广州天极电子科技有限公司,学历不限,4K-6K,"['五险一金', '带薪年假', '绩效奖金', '节日福利', '出国游']",无经验
幕墙门窗项目经理,佛山市万浩装饰工程有限公司,大专,6K-8K,"['绩效奖金', '包吃', '包住', '交通补助', '带薪年假']",5-10年
C++/QT开发工程师,广州壹零软件技术有限公司,学历不限,8K-13K,"['五险一金', '绩效奖金', '带薪年假', '节日福利', '定期团建']",1-3年
普车、普铣技工,广东为尔润智能装备有限公司,学历不限,4.5K-8K,"['五险一金', '绩效奖金', '加班补助', '包吃', '包住']",1-3年
涉外背景调查顾问（周末双休）,广东八方职信科技有限公司,本科,4K-6K,"['五险一金', '绩效奖金', '餐补', '带薪年假', '节日福利']",无经验
展览设计+绩效+提成+年终奖+出国游,圆桌国际展览有限公司,大专,6K-8K,"['社会保险', '带薪年假', '出国游', '全勤奖', '餐补']",1-3年
高薪双休知识产权销售,标局知识产权代理(广州)有限公司,学历不限,10K-15K,"['14薪', '创业公司', '每年多次调薪', '周末双休', '五险一金']",1-3年
咨询师课程顾问,广州中软职业技能培训有限公司,大专,6K-8K,"['五险一金', '绩效奖金', '带薪年假']",不限
底薪7200~招储备管理人员  朝九晚六  五险一金,深圳市乐有家控股集团有限公司,大专,10K-15K,"['五险一金', '绩效奖金', '房补', '餐补', '交通补助']",不限
电气安装工程监理工程师,广州昱阳工业设备安装工程有限公司,大专,5K-10K,"['五险一金', '交通补助', '餐补', '房补', '带薪年假']",1-3年
阿里运营,广州光希照明有限公司,大专,4K-6K,"['五险一金', '绩效奖金', '年终分红', '公司重点项目', '周末双休']",1-3年
唯品会模特,重庆雯晚文化传播有限公司,学历不限,6K-8K,['弹性工作'],不限
评价管理专员,广州自如资产管理有限公司,本科,6K-8K,"['五险一金', '年底双薪', '绩效奖金', '带薪年假', '餐补']",1-3年
亚马逊日本站运营,广州市九一贸易有限公司,本科,6K-8K,"['绩效奖金', '加班补助', '补充医疗保险', '节日福利', '创业公司']",1-3年
.Net(C#)高级软件工程师,广州市华标科技发展有限公司,大专,10K-15K,"['周末双休', '免费班车', '五险一金', '节日福利', '带薪年假']",3-5年
销售总监（15-25K）,北京合信云信息科技有限公司,本科,20K-30K,"['五险一金', '年底双薪', '绩效奖金', '年终分红', '餐补']",1年以下
市场运营主管（城市经理人）,广州市黄埔逸成教育培训中心,高中,10K-15K,"['绩效奖金', '员工旅游', '节日福利']",不限
短视频运营,广州市欣拓网络科技有限公司,大专,5K-8K,"['节日福利', '定期体检', '定期团建', '周末双休', '五险一金']",不限
研发经理,广州市雅麓福检测技术有限公司,大专,10K-15K,"['五险一金', '周末双休', '绩效奖金', '年终分红', '全勤奖']",3-5年
Amazon亚马逊主管,比欧(深圳)贸易有限公司,大专,8K-10K,"['员工旅游', '全勤奖', '带薪年假', '定期团建', '节日福利']",1-3年
c++开发工程师,广州市新文溯科技有限公司,本科,13K-20K,"['五险一金', '年底双薪', '绩效奖金', '交通补助', '餐补']",不限
临检技术员（质谱平台）,广州华银健康科技有限公司,大专,5K-8K,"['五险一金', '绩效奖金', '带薪年假', '定期体检']",不限
摄影师,广州市天润策划咨询有限公司,学历不限,6K-8K,"['绩效奖金', '年终分红', '餐补', '弹性工作', '节日福利']",不限
web前端游戏开发,厦门乘三乘五网络科技有限公司,大专,15K-30K,"['五险一金', '弹性工作', '绩效奖金', '员工旅游', '节日福利']",3-5年
仓库打包员,广州市凯丁觅科技有限公司,学历不限,4K-5K,"['五险一金', '年底双薪', '带薪年假', '弹性工作', '全勤奖']",不限
客服文员,广州方视文化传播有限公司,学历不限,3K-6K,"['节日福利', '员工旅游', '五险一金', '全勤奖', '定期体检']",无经验
研发工程师（化妆品）,广州欧博化妆品有限公司,大专,6K-8K,[],3-5年
财务主管,广州莎莎生物科技有限公司,大专,5K-8K,"['不加班', '年终分红', '带薪年假', '全勤奖', '绩效奖金']",3-5年
监理员（工作地点分别为珠海、汕头、广州),广州建筑工程监理有限公司,大专,4K-8K,"['五险一金', '定期体检', '节日福利']",1-3年
直营会计运营经理,北京公瑾科技有限公司,大专,14K-18K,"['五险一金', '绩效奖金', '餐补', '带薪年假', '节日福利']",5-10年
美甲师,十指玉(广州)生物科技有限公司,学历不限,2K-4K,"['绩效奖金', '全勤奖', '通讯补助', '带薪年假', '弹性工作']",不限
SEO推广专员（双休+朝九晚六）,晨氏(广东)健康科技有限公司,大专,6K-8K,"['绩效奖金', '周末双休', '节日福利', '带薪年假', '定期团建']",3-5年
外贸店面销售,广州市白云区龙归雅菲化妆刷制品厂,中技,3.5K-6K,"['员工旅游', '弹性工作', '不加班', '创业公司', '通讯补助']",1-3年
化妆品灌装工,广州市元旭药业有限公司,高中,3K-4K,"['包吃', '包住', '全勤奖', '绩效奖金']",1年以下
外贸业务员,广州市白云区龙归雅菲化妆刷制品厂,大专,3.6K-6K,"['员工旅游', '弹性工作', '不加班', '创业公司', '通讯补助']",1-3年
产品开发专员,广州市美铿摄影器材有限公司,大专,5.5K-10K,"['每年多次调薪', '绩效奖金', '节日福利', '五险齐', '项目奖金']",1-3年
产品开发专员,广州市常脉贸易有限公司,大专,6K-11K,"['五险一金', '绩效奖金', '大牛带队', '节日福利', '弹性工作']",1-3年
项目运营专员,北京赛惟咨询有限公司广州分公司,本科,5K-10K,"['五险一金', '绩效奖金', '餐补', '通讯补助', '带薪年假']",不限
ETL工程师（驻点黄浦）,广州九图信息科技有限公司,本科,7K-12K,"['五险一金', '年底双薪', '周末双休', '加班补助', '通讯补助']",3-5年
亚马逊产品开发（精品）,广州市常脉贸易有限公司,大专,5K-8K,"['五险一金', '绩效奖金', '大牛带队']",1-3年
防水工程项目施工员,广东天骄建材有限公司,学历不限,5K-8K,"['绩效奖金', '全勤奖', '带薪年假', '包住', '通讯补助']",1-3年
商务专员（制单员）,北京华亘安邦科技有限公司,大专,3.5K-4.5K,"['五险一金', '绩效奖金', '带薪年假', '定期体检', '节日福利']",1-3年
人事专员,中国平安人寿保险股份有限公司广州电话销售中心创新项目部,大专,4K-6K,"['五险一金', '绩效奖金', '带薪年假', '节日福利', '员工旅游']",不限
室内设计师,广州誉发装饰设计工程有限公司,大专,8K-10K,"['五险一金', '通讯补助', '定期体检', '弹性工作', '绩效奖金']",3-5年
软件测试工程师,广州卖家宝信息技术咨询有限公司,大专,10K-15K,"['五险一金', '带薪年假']",3-5年
大数据运维工程师,广州九图信息科技有限公司,本科,7K-12K,"['五险一金', '年底双薪', '周末双休', '加班补助', '通讯补助']",3-5年
初级药师,广东百源堂医药连锁有限公司,中专,3K-5K,"['五险一金', '绩效奖金', '带薪年假', '节日福利', '员工旅游']",1年以下
急！网上在线语文老师数学老师英语老师,上海起扶教育科技有限公司,本科,8K-16K,"['五险一金', '年底双薪', '绩效奖金', '加班补助', '全勤奖']",无经验
注册专员,广州富瑞健康科技有限公司,大专,6K-8K,"['年底双薪', '交通补助', '餐补', '通讯补助', '带薪年假']",1-3年
急招售后客服专员,广州美网智能科技有限公司,中技,4.5K-8K,"['五险一金', '年底双薪', '绩效奖金', '年终分红', '带薪年假']",1-3年
Java开发,北京信联互动科技有限公司,本科,10K-15K,"['五险一金', '带薪年假']",3-5年
软件测试讲师,广州中软职业技能培训有限公司,本科,10K-15K,"['五险一金', '绩效奖金', '带薪年假', '周末双休', '交通补助']",3-5年
实习Java开发五险一金,广东中威国祥休闲文化发展有限公司,中专,5K-7K,"['五险一金', '年底双薪', '绩效奖金', '定期体检', '带薪年假']",不限
工程监理,浙江德邻联合工程有限公司甘肃分公司,大专,2.5K-5K,"['餐补', '通讯补助', '高温补贴', '五险一金', '交通补助']",不限
研发工程师,广州莎莎生物科技有限公司,大专,8K-15K,"['不加班', '年终分红', '带薪年假', '全勤奖', '绩效奖金']",不限
空间设计师助理,广州风潮装饰设计有限公司,大专,3K-5K,"['绩效奖金', '全勤奖', '交通补助', '餐补', '通讯补助']",不限
系统运维工程师,广州九图信息科技有限公司,大专,7K-14K,"['五险一金', '年底双薪', '周末双休', '加班补助', '通讯补助']",1-3年
女装设计师,徐林光服饰(个体工商户),大专,6K-8K,[],3-5年
产品经理,广州美网智能科技有限公司,本科,8K-15K,"['五险一金', '年底双薪', '绩效奖金', '带薪年假', '全勤奖']",3-5年
课程顾问（五险一金+年度体检）,企鹅家族管理咨询(北京)有限责任公司,大专,6K-12K,"['五险一金', '餐补', '全勤奖', '绩效奖金', '带薪年假']",不限
生产文员跟单,广州市启昌电子科技有限公司,中技,3K-5K,"['包住', '包吃', '房补']",1-3年
销售顾问,广州晶鑫信息科技有限公司,高中,6K-12K,"['年底双薪', '绩效奖金', '加班补助', '全勤奖', '员工旅游']",1-3年
注册房地产估价师,深圳市世联土地房地产评估有限公司广州分公司,本科,12K-20K,"['五险一金', '绩效奖金', '带薪年假', '弹性工作', '定期体检']",5-10年
需求分析师,广州天资教育科技有限公司,大专,10K-15K,"['五险一金', '节日福利', '全勤奖', '带薪年假', '年终奖']",3-5年
话务销售员,国药控股广州有限公司,大专,4K-6K,"['五险一金', '年底双薪', '绩效奖金', '包吃', '交通补助']",不限
建模教师（提供宿舍 五险一金）c,广州潭州教育网络科技有限公司,大专,5K-10K,"['五险一金', '绩效奖金', '节日福利', '每年多次调薪', '带薪年假']",1年以下
产品开发助理,广州市赛酷睿软件有限公司,本科,4K-6K,"['五险一金', '绩效奖金', '全勤奖', '免费班车', '定期团建']",不限
打码员,广州相宜化妆品有限公司,中专,3K-4K,"['餐补', '房补', '定期体检', '加班补助', '全勤奖']",无经验
项目巡检专员,北京赛惟咨询有限公司广州分公司,本科,6.5K-10K,"['五险一金', '绩效奖金', '餐补', '通讯补助', '带薪年假']",1-3年
粉类化妆品研发工程师,浙江艳庄化妆品有限公司,大专,10K-20K,"['五险一金', '包吃', '包住', '带薪年假', '定期体检']",3-5年
语文/数学/英语/物理/化学教师,星火教育,本科,6K-10K,"['五险一金', '每周双休', '带薪年假', '每年多次调薪', '节日福利']",无经验
质检员,广州浚峰网络技术有限公司,中专,3.5K-4.5K,"['每年多次调薪', '五险一金', '绩效奖金', '全勤奖', '交通补助']",1-3年
执业药师,广东百源堂医药连锁有限公司,中专,6K-8K,"['五险一金', '绩效奖金', '带薪年假', '节日福利', '员工旅游']",1年以下
数据收集部质检员,北京赛惟咨询有限公司广州分公司,学历不限,4.5K-7K,"['五险一金', '餐补', '定期体检', '高温补贴', '带薪年假']",不限
初高中各学科教师(保底6-10万),星火教育,本科,6K-10K,"['五险一金', '每周双休', '提供住宿', '带薪年假', '每年多次调薪']",无经验
生产计划,广州市来利食品有限公司,大专,4K-7K,"['五险', '单双休', '包吃住', '全勤奖', '绩效奖金']",1-3年
IQC,广州市华标科技发展有限公司,大专,3.5K-5K,"['五险一金', '全勤奖', '定期体检', '年终分红', '带薪年假']",1-3年
销售经理（汽车）,上海众言网络科技有限公司,本科,8K-15K,"['五险一金', '绩效奖金', '弹性工作', '节日福利', '通讯补助']",3-5年
客服跟单（底薪+提成+周末双休）,广州艾才电子设备有限公司,中专,4K-6K,"['交通补助', '员工旅游', '节日福利', '全勤奖', '五险一金']",1-3年
皮带跟单QC,广州市沃普司进出口贸易有限公司,学历不限,4K-6K,"['五险一金', '交通补助', '员工旅游', '高温补贴', '节日福利']",1-3年
eBay德语销售专员,广州盛为电子商务有限公司,本科,5K-10K,"['五险一金', '绩效奖金', '全勤奖', '员工旅游', '节日福利']",1-3年
设计专员,广州万仕得涂料科技有限公司,大专,4.5K-6.5K,"['绩效奖金', '定期体检', '节日福利', '年终分红', '五险一金']",1-3年
声乐老师（提供住宿/补贴+五险一金）,广州潭州教育网络科技有限公司,中专,8K-10K,"['五险一金', '绩效奖金', '节日福利', '包住']",不限
市场专员渠道专员,广州韦文教育咨询有限公司,本科,8K-10K,"['创业公司', '五险一金', '弹性工作', '带薪年假', '绩效奖金']",3-5年
java软件工程师,广州市申迪计算机系统有限公司,本科,10K-20K,[],1-3年
客户专员/客户维系+周末双休+五险一金,青岛斯坦德检测股份有限公司,大专,5K-9K,"['五险一金', '绩效奖金', '餐补', '带薪年假', '节日福利']",1-3年
社工,上海华懋信息技术有限公司,学历不限,4K-6K,"['五险一金', '年底双薪', '周末双休', '不加班']",不限
土建资料员,广州市第二建筑工程有限公司,大专,5K-7K,"['五险一金', '全额公积金', '年底双薪', '补充医疗保险', '高温补贴']",3-5年
生产经理/厂长/总经理,广州市众博金属制品有限公司,大专,10K-15K,"['包吃', '包住', '定期团建', '公司重点项目', '节日福利']",5-10年
化妆品研发工程师,HFP,本科,10K-15K,"['五险一金', '年底双薪', '定期体检', '弹性工作', '创业公司']",3-5年
工程经理,广东立乔交通工程有限公司,本科,10K-15K,"['通讯补助', '带薪年假', '员工旅游']",5-10年
综合金融业务销售兼职（可合作/不上班）,中国平安人寿保险股份有限公司广州市天河支公司唐嘉慧,学历不限,8K-10K,"['周末双休', '绩效奖金', '弹性工作', '补充医疗保险', '定期体检']",不限
生产操作员、检验员,广州天极电子科技有限公司,学历不限,4K-6K,"['周末双休', '体检', '五险一金', '包住', '餐补']",不限
招聘专员（氛围轻松+交通便利）59,广州潭州教育网络科技有限公司,大专,5K-7K,"['五险一金', '绩效奖金', '带薪年假']",1-3年
3D模型讲师59（提供住宿）,广州潭州教育网络科技有限公司,学历不限,7K-9K,"['五险一金', '绩效奖金', '带薪年假']",不限
维修电工,广州起重机械有限公司,中专,6K-8K,"['五险一金', '交通补助', '带薪年假', '定期体检', '餐补']",1-3年
验房实习生,广州正霆工程技术有限公司,学历不限,2K-4K,"['包住', '交通补助', '带薪年假', '员工旅游', '高温补贴']",不限
检查员,广东华晨影视舞台专业工程有限公司,中专,3K-4K,"['五险一金', '年底双薪', '包吃', '包住', '周末双休']",无经验
外贸跟单员,广州哈利法贸易有限公司,大专,4K-6K,"['五险一金', '员工旅游', '绩效奖金', '包住']",1-3年
文案策划,广州市泰美互联网信息科技有限公司,大专,8K-10K,"['五险一金', '加班补助', '全勤奖', '节日福利', '员工旅游']",1-3年
产品运营,中科云能(广州)科技发展有限公司,本科,8K-15K,"['五险一金', '年终分红', '绩效奖金', '周末双休']",1-3年
室内设计师,广州叠尺设计有限公司,大专,4K-6K,"['五险一金', '年底双薪', '全勤奖', '补充医疗保险', '节日福利']",5-10年
工程监理,广州正霆工程技术有限公司,学历不限,2.8K-5K,"['包住', '交通补助', '带薪年假', '员工旅游', '高温补贴']",不限
Amazon/亚马逊 美工,广州盛为电子商务有限公司,大专,6K-9K,"['绩效奖金', '全勤奖', '包住', '房补', '员工旅游']",1-3年
Google运营 SEO海外推广,广州德立游艇码头工程有限公司,大专,4K-8K,"['全勤奖', '餐补', '带薪年假', '员工旅游', '包住']",1-3年
心理学助理/教务助理,广州市心月老心理咨询有限公司,大专,2.5K-5K,"['员工旅游', '年终分红', '节日福利', '五险一金']",不限
资料员文员,圣德威(广州)智能家具有限公司,学历不限,2K-4K,"['年底双薪', '绩效奖金', '加班补助', '全勤奖', '交通补助']",不限
测试主管,浙江臻善科技股份有限公司广东分公司,本科,8K-13K,"['节日福利', '五险一金', '绩效奖金', '餐补', '定期体检']",3-5年
化验员,贝恩医疗设备（广州）有限公司,大专,5K-6.5K,"['五险一金', '年底双薪', '绩效奖金', '包吃', '包住']",1-3年
施工员（外派项目）,金中天水利建设有限公司,大专,3.5K-4.5K,"['五险一金', '绩效奖金', '餐补', '带薪年假', '高温补贴']",1-3年
专业监理工程师,广州建筑工程监理有限公司,大专,5K-10K,"['五险一金', '包住', '包吃', '定期体检']",3-5年
高薪招聘焊工,广州双锐智能设备有限公司,中专,4K-6K,"['全勤奖', '包吃', '包住', '加班补助', '员工旅游']",1-3年
外贸单证员 六险一金 ,吉鼓利网络信息服务有限公司,大专,6K-8K,"['五险一金', '全勤奖', '周末双休', '节日福利', '不加班']",不限
销售业务专员,广东好又快法务管理咨询有限公司,学历不限,10K-20K,"['大牛带队', '绩效奖金', '每年多次调薪', '社保', '下午茶']",不限
测试工程师,广州优象文化用品有限公司,大专,5K-9K,"['绩效奖金', '加班补助', '全勤奖', '包吃', '带薪年假']",1-3年
云服务器销售经理,北京合信云信息科技有限公司,大专,15K-20K,"['五险一金', '年底双薪', '绩效奖金', '年终分红', '餐补']",1-3年
化妆品化验员,广州市轩颜化妆品有限公司,中技,3K-5K,"['年底双薪', '包吃', '全勤奖', '员工旅游', '每年多次调薪']",1-3年
品质现场主管,贝恩医疗设备（广州）有限公司,本科,7K-12K,"['五险一金', '包吃', '包住', '带薪年假', '定期体检']",3-5年
采购助理,广州市一卡通计算机服务有限公司,中专,3K-6K,"['绩效奖金', '全勤奖', '带薪年假', '节日福利', '不加班']",不限
设计副总监,广州市乘果品牌策划有限公司,大专,10K-15K,"['五险一金', '绩效奖金', '全勤奖', '弹性工作', '带薪年假']",3-5年
跟单助理,西安人瑞人力资源服务有限公司,大专,4K-6K,"['五险一金', '年底双薪', '绩效奖金', '定期体检', '定期团建']",不限
软件行业销售+诚聘,广州中软职业技能培训有限公司,大专,8K-10K,"['五险一金', '绩效奖金', '带薪年假', '交通补助']",不限
检验员,广州天极电子科技有限公司,中技,4K-6K,"['周末双休', '体检', '五险一金', '包住', '餐补']",1-3年
厂长,广州华进泳池灯具有限公司,大专,8K-15K,"['周末双休', '五险一金', '绩效奖金', '年终分红', '全勤奖']",5-10年
加工中心调试工程师,迈德乐喷雾系统广州有限公司,中技,4K-8K,"['五险一金', '年底双薪', '绩效奖金', '餐补', '房补']",1-3年
销售代表（4750+五险一金+双休+年底双薪+年终奖+各项补贴）,深圳市银达担保有限公司,大专,8K-10K,"['五险一金', '年底双薪', '交通补助', '通讯补助', '带薪年假']",1-3年
广告销售经理,广州合立正通信息科技有限公司,本科,7K-12K,"['周末双休', '五险一金', '全勤奖', '带薪年假', '节日福利']",3-5年
运维工程师,广东信尚安教育科技有限公司,大专,8K-15K,"['五险一金', '周末双休', '餐补', '交通补助', '通讯补助']",3-5年
华为销售,北京合信云信息科技有限公司,大专,15K-20K,"['五险一金', '年底双薪', '绩效奖金', '年终分红', '餐补']",1年以下
水果质检员,果然优-广州纯简网络科技有限公司,中专,4K-5K,"['节日福利', '弹性工作', '定期体检', '员工旅游', '健身俱乐部']",不限
包吃住外贸业务助理,广州达旺服装有限公司,大专,3K-4K,"['员工旅游', '节日福利', '房补', '包吃', '包住']",不限
工程经理/工程主管/工程监理,广州乐漫文化娱乐有限责任公司,大专,6K-8K,"['五险一金', '绩效奖金', '全勤奖', '包吃', '带薪年假']",1-3年
中级开发工程师,北京江融信科技有限公司,本科,10K-17K,"['五险一金', '年终分红', '加班补助', '弹性工作', '带薪年假']",3-5年
java开发工程师（接受实习生）,广州北珠联科技有限公司,中专,6K-8K,"['五险一金', '绩效奖金', '包吃', '带薪年假', '全勤奖']",不限
华为云销售经理,北京合信云信息科技有限公司,大专,20K-30K,"['五险一金', '年底双薪', '绩效奖金', '年终分红', '餐补']",1年以下
关务主管,中泰集团,本科,10K-15K,"['五险一金', '带薪年假', '定期体检', '节日福利', '周末双休']",5-10年
英语老师,企鹅家族管理咨询(北京)有限责任公司,大专,5K-8K,"['五险一金', '餐补', '全勤奖', '绩效奖金', '带薪年假']",不限
服装跟单助理/初级服装跟单,广州市丝帝莱贸易有限公司,中专,2K-4K,"['绩效奖金', '全勤奖', '包吃', '包住', '节日福利']",不限
医美美工,广州白百合化妆品有限公司,中专,5K-8K,"['带薪年假', '五险', '大小周']",1-3年
储备干部实习生,中国平安人寿保险股份有限公司广州电话销售中心营业六部,大专,4K-6K,"['五险一金', '全勤奖', '周末双休', '员工旅游', '节日福利']",不限
软件销售（广州）,北京北大软件工程股份有限公司,本科,15K-30K,"['五险一金', '交通补助', '餐补', '通讯补助', '带薪年假']",1-3年
品质工程师,贝恩医疗设备（广州）有限公司,本科,6K-7.5K,"['五险一金', '年底双薪', '绩效奖金', '包吃', '包住']",1-3年
文案策划,广州妆后生物科技有限公司,大专,5K-8K,"['房补', '餐补', '绩效奖金', '员工旅游', '下午茶']",1-3年
化妆品店店长,广州芊资化妆品有限公司,大专,4K-8K,"['节日福利', '员工旅游', '加班补助', '年终分红', '绩效奖金']",1-3年
中教老师（五险一金+年度体检）,企鹅家族管理咨询(北京)有限责任公司,本科,4K-7K,"['五险一金', '餐补', '全勤奖', '绩效奖金', '带薪年假']",1-3年
销售主管（五险一金+年度体检）,企鹅家族管理咨询(北京)有限责任公司,大专,10K-15K,"['五险一金', '餐补', '全勤奖', '绩效奖金', '带薪年假']",3-5年
特教老师（双休）,广州康蓓教育咨询有限公司,学历不限,5K-10K,"['加班补助', '包吃', '全勤奖', '带薪年假', '定期团建']",不限
企鹅家族英语中教老师,企鹅家族管理咨询(北京)有限责任公司,本科,5K-8K,"['五险一金', '绩效奖金', '全勤奖', '餐补', '带薪年假']",1年以下
化妆品研发工程师/研发总监,浙江艳庄化妆品有限公司,本科,15K-20K,"['五险一金', '包吃', '包住', '带薪年假', '定期体检']",5-10年
（科技项目申报）电话邀约顾问+五险一金+周末双休,广州市企晨科技信息咨询有限公司,高中,3.6K-7.2K,"['五险一金', '餐补', '带薪年假', '不加班', '周末双休']",不限
周末兼职可接受学生,广州尚度广告传媒有限公司,学历不限,6K-8K,['弹性工作'],不限
服装跟单员,广州市丝帝莱贸易有限公司,中专,4K-6K,"['每年多次调薪', '绩效奖金', '加班补助', '全勤奖', '包吃']",1-3年
高级建筑工程师,广东粤宣广告设计制作有限公司,大专,15K-20K,"['五险一金', '全勤奖', '交通补助', '弹性工作', '员工旅游']",5-10年
家具专卖店店长,广州简美现代家具有限公司,中专,15K-20K,"['绩效奖金', '带薪年假', '员工旅游', '节日福利', '五险']",1-3年
视频拍摄制作,广州市希蔓服装有限公司,大专,4K-6.5K,[],1-3年
化验检验员,广州舒雪健康科技有限公司,学历不限,4K-6K,"['包吃', '包住', '定期体检', '节日福利', '全勤奖']",1年以下
数据线业务员,广州董大电子科技有限公司,中专,6K-8K,"['包吃', '包住', '带薪年假', '全勤奖', '节日福利']",1年以下
美术教师（少儿美术）,广州立尚教育服务有限公司,本科,6K-10K,"['五险一金', '绩效奖金', '带薪年假', '员工旅游', '节日福利']",1-3年
渠道专员,广州凡科互联网科技股份有限公司,大专,4K-8K,"['带薪年假', '弹性工作', '定期体检', '补充医疗保险', '五险一金']",1-3年
英语老师,企鹅家族管理咨询(北京)有限责任公司,本科,5K-8K,"['五险一金', '绩效奖金', '年终分红', '弹性工作']",不限
招生老师,广州中软职业技能培训有限公司,大专,6K-8K,"['五险一金', '带薪年假', '周末双休', '补充医疗保险', '节日福利']",1-3年
抖音文案策划（互联网+月薪 5k-8k）,广州市易智职业技能培训有限公司,大专,5K-8K,"['绩效奖金', '节日福利', '员工旅游', '弹性工作', '双休']",不限
语文老师（双休+六险一金）,广州市易智职业技能培训有限公司,本科,6K-8K,"['带薪年假', '弹性工作', '员工旅游', '节日福利', '六险一金']",1-3年
检验员（六险，4-6k）,广东拓臣科技发展有限公司,中技,4K-6K,"['年底双薪', '绩效奖金', '全勤奖', '通讯补助', '带薪年假']",1-3年
工程项目经理,广东粤宣广告设计制作有限公司,大专,6K-8K,"['五险一金', '全勤奖', '交通补助', '弹性工作', '员工旅游']",1-3年
淘宝客服主管,广州市普今电子科技有限公司,大专,6K-8K,"['五险一金', '绩效奖金', '包住', '包吃', '全勤奖']",3-5年
（正佳冰雪主题乐园）储备店长/储备干部,广州乐漫文化娱乐有限责任公司,大专,3.5K-4.5K,"['全勤奖', '节日福利', '员工旅游', '生日惊喜', '午餐补贴']",不限
采样员,同创伟业(广东)检测技术股份有限公司,大专,3.5K-7K,"['周末双休', '节日福利', '餐补', '员工旅游', '带薪年假']",1-3年
销售经理（云产品）,北京合信云信息科技有限公司,大专,8K-10K,"['五险一金', '年底双薪', '绩效奖金', '年终分红', '餐补']",1年以下
人事文员,广州莎莎生物科技有限公司,中专,4K-4.5K,"['每年多次调薪', '餐补', '绩效奖金', '包吃', '包住']",1年以下
技术总监,广州天源信息科技股份有限公司,本科,25K-35K,"['五险一金', '股票期权', '周末双休', '员工旅游', '公司重点项目']",5-10年
Amazon亚马逊运营见习主管（服装）,比欧(深圳)贸易有限公司,大专,8K-15K,"['员工旅游', '全勤奖', '带薪年假', '定期团建', '节日福利']",1年以下
外贸（双休+带薪年假+六险）,广东拓臣科技发展有限公司,大专,10K-12K,"['全勤奖', '带薪年假', '节日福利', '五险一金', '员工旅游']",1-3年
项目主管、施工员,广州茗萃茶业有限公司,大专,8K-10K,[],5-10年
土建项目经理/包吃住、全额公积金、年终奖,深圳市嘉信建筑咨询有限公司,学历不限,20K-30K,"['五险一金', '年底双薪', '绩效奖金', '包吃', '包住']",不限
周末兼职接受学生党,广州尚度广告传媒有限公司,学历不限,6K-8K,[],不限
Facebook广告优化师（数据分析，广告投放）,广东天拓海汇科技有限公司,大专,6K-12K,"['创业公司', '五险一金', '年底双薪', '绩效奖金', '免费班车']",1-3年
产品经理（C端 ）,广州云移信息科技有限公司,本科,10K-15K,"['带薪年假', '节日福利', '五险一金', '扁平管理', '氛围好']",3-5年
华为渠道销售,北京合信云信息科技有限公司,大专,6K-8K,"['五险一金', '年底双薪', '绩效奖金', '年终分红', '餐补']",1-3年
华为方案销售,北京合信云信息科技有限公司,大专,8K-10K,"['五险一金', '年底双薪', '绩效奖金', '年终分红', '餐补']",1年以下
商务总监（手游/游戏商务）,北京合信云信息科技有限公司,大专,20K-30K,"['五险一金', '年底双薪', '绩效奖金', '年终分红', '餐补']",3-5年
专利工程师,广东永华知识产权管理有限公司,本科,8K-15K,"['五险一金', '员工旅游', '节日福利', '全勤奖', '绩效奖金']",1-3年
城市经理,上海信始投资管理有限公司,本科,10K-20K,"['周末双休', '五险一金', '带薪年假', '定期体检', '定期团建']",5-10年
销售主管（五险一金）,企鹅家族管理咨询(北京)有限责任公司,大专,10K-15K,"['五险一金', '绩效奖金', '年终分红', '弹性工作', '餐补']",3-5年
外籍教师,企鹅家族管理咨询(北京)有限责任公司,大专,6K-8K,"['五险一金', '绩效奖金', '年终分红', '弹性工作']",1-3年
外籍英语教师,企鹅家族管理咨询(北京)有限责任公司,大专,5K-8K,"['五险一金', '绩效奖金', '年终分红', '弹性工作']",1-3年
阿里巴巴操作员,广州市瑞尔服饰有限公司,大专,3K-4.5K,"['五险', '年底双薪', '全勤奖', '员工旅游', '节日福利']",不限
美工（跨境电商）,广州盛为电子商务有限公司,学历不限,6K-8K,"['绩效奖金', '全勤奖', '包住', '房补', '员工旅游']",1-3年
跟单QC,广州兰狮体育用品有限公司,大专,5K-7K,[],3-5年
外贸业务员（地铁附近+双休）,广东拓臣科技发展有限公司,大专,8K-10K,"['五险一金', '员工旅游', '周末双休', '每年多次调薪', '年底双薪']",1-3年
少儿英语老师,长颈鹿美语广州旗舰中心,本科,5K-8K,"['五险一金', '绩效奖金', '全勤奖', '带薪年假', '定期体检']",1年以下
质检员 QC 品质员 制程品检,广州董大电子科技有限公司,中技,4K-6K,"['包吃', '包住', '带薪年假', '全勤奖', '节日福利']",1年以下
IDC销售经理,北京合信云信息科技有限公司,大专,15K-20K,"['五险一金', '年底双薪', '绩效奖金', '年终分红', '餐补']",1-3年
抖音/视频模特,广州市怡大广告设计有限公司,中专,4K-6K,[],不限
高级软装设计师（项目负责人）,广州杜文彪装饰设计有限公司,本科,10K-15K,"['五险一金', '年底双薪', '绩效奖金', '加班补助', '交通补助']",5-10年
真功夫管培生（惠民广场店）,广州真功夫快餐连锁管理有限公司艺星大厦分公司,大专,2K-4K,"['五险一金', '年底双薪', '绩效奖金', '节日福利', '带薪年假']",不限
NIPT技术员,广州华银健康科技有限公司,本科,4K-8K,"['五险一金', '绩效奖金', '定期体检', '带薪年假']",不限
视频剪辑,广东天拓海汇科技有限公司,本科,6K-8K,"['五险一金', '年底双薪', '加班补助', '交通补助', '定期体检']",不限
施工员,上海罗顿装饰工程有限公司,中专,4.5K-8K,"['五险一金', '绩效奖金', '餐补', '定期体检', '员工旅游']",1-3年
客户端主程（工作地：厦门）,厦门梦加网络科技股份有限公司,本科,20K-25K,"['五险一金', '年底双薪', '绩效奖金', '加班补助', '全勤奖']",3-5年
语文学科带头人（年薪15万以上）,佛山市蓝图教育信息咨询有限公司,大专,15K-20K,"['五险一金', '包住', '交通补助', '通讯补助', '带薪年假']",3-5年
测试工程师,浙江臻善科技股份有限公司广东分公司,本科,6K-12K,"['节日福利', '五险一金', '绩效奖金', '餐补', '定期体检']",1-3年
市政工程师,广州建筑工程监理有限公司,大专,4K-6K,"['五险一金', '定期体检', '高温补贴', '节日福利']",不限
环保工程经理/总工程师,革润恩环境科技(广州)有限公司,本科,10K-15K,"['五险一金', '绩效奖金', '带薪年假', '定期体检', '员工旅游']",3-5年
游戏广告投放经理,上海先升品牌管理中心,大专,15K-20K,"['绩效奖金', '五险一金', '年底双薪', '餐补', '房补']",5-10年
IDC销售,北京合信云信息科技有限公司,大专,8K-10K,"['五险一金', '年底双薪', '绩效奖金', '年终分红', '餐补']",1年以下
新媒体运营（短视频方向）,广州智造思想品牌管理有限公司,大专,4K-6K,"['年底双薪', '五险一金', '每年多次调薪', '全勤奖', '带薪年假']",1-3年
维修技师,上海振智机械有限公司,学历不限,4K-6K,"['五险一金', '餐补']",不限
外贸跟单文员,广州全帆化妆用品有限公司,大专,4K-6K,"['全勤奖', '绩效奖金', '餐补', '房补', '通讯补助']",1年以下
急聘销售代表（高底薪+高提成+包吃住）,广东千喜企业管理有限公司,学历不限,8K-12K,"['绩效奖金', '全勤奖', '包吃', '包住', '免费班车']",不限
药店执业西药师-广州,成都医云科技有限公司,大专,4K-6K,"['五险一金', '绩效奖金', '交通补助', '通讯补助', '带薪年假']",1-3年
钢琴老师（白云）,广东智慧青少年宫教育发展有限公司,本科,6K-8K,"['全勤奖', '带薪年假', '定期体检', '员工旅游', '节日福利']",1-3年
驻店药师-广州,成都医云科技有限公司,大专,4K-6K,"['五险一金', '绩效奖金', '交通补助', '通讯补助', '带薪年假']",1-3年
销售主管,企鹅家族管理咨询(北京)有限责任公司,大专,15K-20K,"['五险一金', '绩效奖金', '年终分红', '弹性工作', '餐补']",不限
销售专员（云计算/大数据）,北京合信云信息科技有限公司,大专,4K-6K,"['五险一金', '年底双薪', '绩效奖金', '年终分红', '餐补']",1年以下
英语老师（少儿）,广东智慧青少年宫教育发展有限公司,大专,6K-8K,"['五险一金', '年底双薪', '带薪年假', '定期体检', '员工旅游']",1-3年
数据运营/数据分析/业务分析,上海先升品牌管理中心,大专,15K-30K,"['绩效奖金', '五险一金', '年底双薪', '餐补', '房补']",3-5年
客户总监 / 高级客户经理,博之林广告(北京)有限公司,大专,10K-18K,"['五险一金', '全勤奖', '带薪年假', '补充医疗保险', '定期体检']",5-10年
生产操作员 测量工序,广州天极电子科技有限公司,高中,4K-6K,"['周末双休', '体检', '五险一金', '包住', '餐补']",1-3年
维修工程师/售后工程师 （包住、暖通空调）,广州海源机电安装有限公司,中技,4K-8K,"['五险一金', '带薪年假', '定期体检', '员工旅游', '高温补贴']",不限
客服/客户服务/电话中心（代表/专员/助理）,上海先升品牌管理中心,学历不限,5K-8K,"['绩效奖金', '五险一金', '年底双薪', '餐补', '房补']",不限
新媒体运营,友创广告传媒有限公司,大专,6K-8K,"['五险一金', '年底双薪', '绩效奖金', '弹性工作', '带薪年假']",不限
技术工程师（双休，科学城上班）,广州南都电子科技有限公司,本科,6K-10K,"['餐补', '员工旅游', '节日福利', '房补', '免费停车']",3-5年
土建资料员,广东中鑫宏建设有限公司,大专,3K-5K,"['五险一金', '交通补助', '餐补', '房补', '通讯补助']",1-3年
工程经理/副经理（珠海、深圳、广州）,珠海横琴国开投资有限公司,大专,20K-30K,"['五险一金', '年底双薪', '绩效奖金', '包吃', '包住']",5-10年
平面设计总监,广州市一横一竖信息科技有限公司,大专,6K-8K,"['全勤奖', '五险一金', '年底双薪', '员工旅游', '周末双休']",1-3年
早教英文老师（TUTOR）,长颈鹿美语广州旗舰中心,本科,5K-8K,"['五险一金', '绩效奖金', '全勤奖', '带薪年假', '定期体检']",1年以下
客户服务总监,上海先升品牌管理中心,大专,15K-30K,"['绩效奖金', '五险一金', '年底双薪', '餐补', '房补']",不限
课程招生/销售精英（公司提供资源+校内办公）,广州学而好教育信息咨询有限公司,大专,6K-8K,"['不加班', '节日福利', '绩效奖金', '通讯补助']",不限
销售代表/大客户销售/客户经理（双休）,深圳市诚建通非融资性担保有限公司,大专,10K-15K,"['五险一金', '带薪年假', '补充医疗保险', '绩效奖金', '年终分红']",1-3年
淘宝美工,广州市策虎国际贸易有限公司,中专,4K-6K,"['包住', '节日福利', '绩效奖金']",1-3年
产品开发专员（Amazon）,广州盛为电子商务有限公司,大专,6K-12K,"['全勤奖', '节日福利', '带薪年假', '五险', '餐补']",1-3年
英语教师,长颈鹿美语广州旗舰中心,本科,5K-8K,"['五险一金', '绩效奖金', '全勤奖', '带薪年假', '定期体检']",1年以下
质检员,广州市科易达机电设备有限公司,中技,4K-6K,"['包吃', '包住', '房补', '员工旅游', '五险一金']",1-3年
Amazon 亚马逊运营/外贸主管,比欧(深圳)贸易有限公司,大专,8K-15K,"['绩效奖金', '全勤奖', '定期团建', '社保', '下午茶']",1-3年
装修施工员,广州睿璟装饰工程有限公司,大专,6K-8K,"['餐补', '通讯补助', '节日福利', '带薪年假', '员工旅游']",1-3年
助理,广州沃德音响设备制造有限公司,学历不限,4K-6K,[],不限
社群运营专员,优联优品(广州)网络科技有限公司,学历不限,6K-8K,"['五险一金', '年终分红', '创业公司', '股票期权', '带薪年假']",1-3年
家具设计师,广州市鹰牌陶瓷有限公司,大专,6K-10K,"['全勤奖', '绩效奖金', '带薪年假', '弹性工作', '补充医疗保险']",1-3年
唯品会在线客服（6K+五险一金）,广州打散达电子科技有限公司,学历不限,4K-6K,"['五险一金', '年底双薪', '绩效奖金', '加班补助', '全勤奖']",不限
内科医师(J12109),广州奥亚门诊部有限公司,中技,6K-8K,"['五险一金', '绩效奖金', '餐补', '节日福利', '员工旅游']",1-3年
Amazon亚马逊专员（美国&欧洲站点）,广州市键麒炫进出口贸易有限公司,学历不限,4K-8K,"['绩效奖金', '带薪年假', '定期体检', '员工旅游', '五险一金']",1-3年
注册专员,广州南都电子科技有限公司,本科,4K-8K,"['年底双薪', '房补', '定期体检', '员工旅游', '不加班']",1-3年
平安银行贷款专员（双休+高提成+免费培训）,中国平安人寿保险股份有限公司广州市天河支公司朱娟红,大专,10K-15K,"['绩效奖金', '年终分红', '定期体检', '员工旅游', '节日福利']",不限
电路板测试员,广州暨嘉智能设备有限公司,学历不限,3K-5K,"['五险一金', '全勤奖', '包吃', '高温补贴', '节日福利']",不限
java开发工程师（大数据产品）,广州市申迪计算机系统有限公司,本科,8K-15K,[],1-3年
数据库开发工程师,浙江臻善科技股份有限公司广东分公司,本科,8K-15K,"['五险一金', '绩效奖金', '餐补', '带薪年假', '弹性工作']",1-3年
监理工程师/包吃住、全额公积金、年终奖,深圳市嘉信建筑咨询有限公司,学历不限,20K-30K,"['五险一金', '年底双薪', '绩效奖金', '包吃', '包住']",不限
市政水利施工员,广东鹏裕建设有限公司,学历不限,6K-12K,"['绩效奖金', '包吃', '包住']",3-5年
项目经理,广州市凡程装饰工程有限公司,大专,10K-15K,['五险一金'],3-5年
小学/小初数学教师,广州立尚教育服务有限公司,大专,10K-15K,"['五险一金', '绩效奖金', '带薪年假', '员工旅游', '节日福利']",1年以下
教育行业销售,广州中软职业技能培训有限公司,大专,8K-10K,"['五险一金', '绩效奖金', '带薪年假', '交通补助']",不限
软件测试工程师,云宏信息科技股份有限公司,本科,10K-15K,"['五险一金', '年底双薪', '绩效奖金', '年终分红', '带薪年假']",1-3年
服装供应链管理,北京飞客互动信息技术有限公司,大专,5K-8K,"['带薪年假', '创业公司', '定期团建', '五险一金', '弹性工作']",不限
阿里巴巴国际站运营,广州市企浪网络科技有限公司,大专,5K-8K,"['五险一金', '全勤奖', '包住', '交通补助', '餐补']",1-3年
对日开发JAVA工程师（日语熟练）,广州市华矩商业信息科技有限公司,本科,15K-25K,"['周末双休', '五险一金', '绩效奖金', '带薪年假', '弹性工作']",3-5年
售后工程师,健和兴科技（苏州）有限公司,大专,4K-6K,"['五险一金', '带薪年假', '周末双休', '高温补贴', '员工旅游']",1-3年
少儿编程老师,广州慧耘教育咨询有限公司,大专,8K-15K,"['五险一金', '绩效奖金', '交通补助', '全勤奖', '通讯补助']",1-3年
3DMAX讲师P,广州潭州教育网络科技有限公司,大专,4K-6K,"['五险一金', '绩效奖金', '带薪年假', '节日福利', '住房补贴']",不限
M招聘专员-无责任底薪3000+五险,广州潭州教育网络科技有限公司,大专,4K-7K,"['五险一金', '绩效奖金', '节日福利']",1-3年
实验室技术员（广州）,广州嘉检医学检测有限公司,本科,5K-7.5K,"['五险一金', '带薪年假', '节日福利', '全勤奖', '员工旅游']",不限
食品厂急聘现场QC包食宿,广州市来利洪饼业有限公司,中专,3K-5K,"['包吃', '包住', '绩效奖金', '加班补助', '员工旅游']",不限
3D建模讲师,广州潭州教育网络科技有限公司,大专,5K-10K,"['五险一金', '弹性工作', '带薪年假', '绩效奖金', '定期体检']",不限
seo优化,广州协佳医院有限公司,学历不限,50K-70K,"['五险一金', '绩效奖金', '房补', '包住', '通讯补助']",1年以下
项目经理,浙江臻善科技股份有限公司广东分公司,大专,10K-15K,"['节日福利', '五险一金', '绩效奖金', '餐补', '定期体检']",3-5年
web测试助理/同事带,深圳博睿同创信息技术有限公司广州分公司,大专,5K-7K,"['五险一金', '绩效奖金', '全勤奖', '项目奖金', '高温补贴']",不限
市场部实习生,上海蔚来汽车有限公司,本科,2K-4K,[],不限
财务助理,华税税务师事务所(广东)有限公司,大专,2K-4K,"['节日福利', '带薪年假', '餐补', '周末双休', '五险一金']",不限
外贸客服（白云区）,广州联融资本管理集团有限公司,大专,5K-8K,"['带薪年假', '员工旅游', '节日福利']",1-3年
施工员（外派项目）,金中天水利建设有限公司,本科,4.5K-6K,"['五险一金', '绩效奖金', '餐补', '带薪年假', '高温补贴']",1-3年
暖通机电工程师,广州恒禧泰富机电材料设备有限公司,大专,5K-10K,"['周末双休', '五险一金', '加班补助', '带薪年假', '通讯补助']",3-5年
创意文案策划（短视频）,广州数字跳动信息科技有限公司,学历不限,5K-10K,"['节日福利', '绩效奖金', '五险一金', '弹性工作', '带薪年假']",不限
策划经理,广州市房企网络科技有限公司,大专,10K-15K,"['五险一金', '员工旅游', '节日福利']",3-5年
资深美术指导,上海先升品牌管理中心,大专,10K-16K,"['绩效奖金', '五险一金', '年底双薪', '餐补', '房补']",不限
理化检验员(000449),广州誉东健康制药有限公司,学历不限,4K-6K,[],1-3年
招采专员,广州敏捷新生活物业管理有限公司,大专,4K-6K,"['五险一金', '绩效奖金', '包吃', '包住', '带薪年假']",1-3年
总经理助理秘书,广州爵牌服装实业有限公司,大专,8K-16K,"['员工旅游', '节日福利', '包住', '交通补助', '年底双薪']",3-5年
注册监理工程师(具监理工程师注册证),广州建筑工程监理有限公司,大专,10K-15K,"['五险一金', '定期体检', '节日福利']",不限
物业客服主任（工作地：广东省内）,广州敏捷新生活物业管理有限公司,本科,6K-8K,"['节日福利', '五险一金', '绩效奖金', '包吃', '包住']",3-5年
机械自动化工程师,睿乔电缆(广州)有限公司,大专,5K-6.5K,"['周末双休', '五险一金', '年底双薪', '弹性工作', '节日福利']",无经验
行政特助/行政特别助理,广州市富诚装饰纸品有限公司,中专,3.5K-5K,"['绩效奖金', '全勤奖', '带薪年假', '包吃', '包住']",1-3年
注册专员,广州迈景基因医学科技有限公司,硕士,4K-8K,"['创业公司', '五险一金', '绩效奖金', '带薪年假', '员工旅游']",不限
仓管员,广州阿蔓尼生物科技有限公司,中专,3K-5K,"['全勤奖', '加班补助', '餐补', '房补', '年底双薪']",1-3年
班主任,广州市北大青鸟计算机职业培训学校,大专,4K-6K,"['五险一金', '绩效奖金', '全勤奖', '带薪年假', '员工旅游']",不限
电子工程师助理,广州长宇教育科技股份有限公司,大专,4K-6K,"['全勤奖', '房补', '五险一金', '节日福利', '定期体检']",1-3年
商务主管(双休、五险一金）,广东紫晶信息存储技术股份有限公司广州分公司,本科,6K-10K,"['节日福利', '周末双休', '五险一金', '绩效奖金', '餐补']",3-5年
书法老师（年薪12-15w+双休五险一金）,上海秦汉胡同教育培训有限公司,本科,6K-12K,"['五险一金', '年底双薪', '带薪年假', '绩效奖金', '定期体检']",1-3年
钢结构详图设计,广州玮莱房屋建筑有限公司,大专,8K-12K,"['五险一金', '年底双薪', '加班补助', '带薪年假', '全勤奖']",1-3年
ios开发工程师,广州武时亿网络科技有限公司,学历不限,10K-15K,"['包吃', '试用期全额', '带薪年假', '五险一金']",3-5年
文案编辑策划,深圳青逸医疗美容门诊部,大专,6K-8K,"['五险一金', '绩效奖金', '加班补助', '带薪年假', '员工旅游']",1-3年
食品品质检测员（高薪+社保）,广州市来利洪饼业有限公司,大专,3K-5K,"['包吃', '包住', '全勤奖', '节日福利', '绩效奖金']",1-3年
物业环境管理主任,广州敏捷新生活物业管理有限公司,大专,4K-6K,"['节日福利', '五险一金', '绩效奖金', '包吃', '包住']",不限
钟表维修师傅（工作地点广州天河）,迈拿钟表商贸(深圳)有限公司,中专,6K-8K,"['绩效奖金', '全勤奖', '餐补', '带薪年假', '弹性工作']",3-5年
招商副总监/招商总监（广东省）,珠海横琴国开投资有限公司,本科,15K-25K,"['五险一金', '年底双薪', '绩效奖金', '通讯补助', '带薪年假']",5-10年
铣工（ 年底双薪+团建+包吃+旅游）,广州市力瑞电气机械有限公司,中专,4K-8K,"['五险一金', '年底双薪', '全勤奖', '包吃', '员工旅游']",1-3年
电气技术员,广州起重机械有限公司,大专,6K-8K,"['五险一金', '交通补助', '餐补', '带薪年假', '定期体检']",1-3年
安防主管,广州保利商业物业发展有限公司,大专,7.5K-8K,"['餐补', '高温补贴', '节日福利', '五险一金', '年底双薪']",1-3年
客户经理（4750+五险一金+双休+年底双薪+年终奖+各项补贴）,深圳市银达担保有限公司,大专,10K-15K,"['五险一金', '年底双薪', '交通补助', '通讯补助', '带薪年假']",1-3年
环卫主管（增城、番禺）,广州敏捷新生活物业管理有限公司,大专,4K-6K,"['五险一金', '带薪年假', '免费班车', '节日福利', '餐补']",1-3年
信用卡发卡专员,广发银行股份有限公司广州分行,大专,10K-20K,"['五险一金', '带薪年假', '弹性工作', '定期体检', '员工旅游']",不限
实验室技术员（PCR/NGS）,广州嘉检医学检测有限公司,本科,5K-7.5K,"['五险一金', '带薪年假', '节日福利', '定期体检', '全勤奖']",1-3年
采购文员,广州马马先农业科技有限公司,中专,3.2K-3.5K,"['绩效奖金', '加班补助', '包吃', '餐补', '弹性工作']",不限
外贸业务经理/主管,广州佳叶贸易有限公司,大专,6K-8K,"['五险一金', '每年多次调薪', '全勤奖', '绩效奖金', '餐补']",1-3年
电商运营,云南山青花燃茶业有限公司,大专,10K-15K,"['五险一金', '周末双休', '绩效奖金', '节日福利', '员工旅游']",3-5年
学生服务主管,广州市番禺区启德教育培训中心,大专,10K-15K,"['五险一金', '定期体检', '带薪年假', '节日福利', '定期团建']",3-5年
采购总监,融捷股份有限公司,本科,15K-20K,"['五险一金', '餐补', '通讯补助', '带薪年假', '绩效奖金']",5-10年
销售顾问/导购/促销（华为手机体验店）,广州铭泽通信设备有限公司,中专,4K-8K,"['五险一金', '绩效奖金', '年终分红', '全勤奖', '餐补']",不限
IVD临床项目经理,广州迈景基因医学科技有限公司,本科,15K-25K,"['创业公司', '五险一金', '交通补助', '通讯补助', '补充医疗保险']",3-5年
生产组长,广州市韦尔讯信息科技有限公司,中专,3.5K-5K,"['绩效奖金', '五险齐全', '加班补助', '全勤奖', '节日福利']",1-3年
金融类系统测试储备岗,广州市铂桥信息科技有限公司,大专,4.3K-6.8K,"['绩效奖金', '带薪年假', '节日福利', '不加班', '员工旅游']",不限
淘宝运营/天猫京东店长,广州捷成工商财税代理有限公司,大专,5.5K-10K,"['社保', '年终分红', '大小周', '法定节假日']",1-3年
产品研发工程师,广州人福医疗设备有限公司,本科,6K-12K,"['五险一金', '交通补助', '定期体检', '高温补贴', '节日福利']",3-5年
监理员/实习生,广东重工建设监理有限公司,大专,2K-4K,"['包吃', '包住', '通讯补助', '定期体检', '高温补贴']",不限
内容运营（少儿阅读及教育方向）,中华商务贸易公司,本科,7K-12K,[],1-3年
产品经理,国安社区(广州)科技有限公司,本科,7K-10K,"['五险一金', '年底双薪', '绩效奖金', '交通补助', '餐补']",5-10年
质检员,广州人福医疗设备有限公司,中专,2.9K-3.5K,"['五险一金', '定期体检', '全勤奖', '不加班', '包住']",1-3年
安卓开发,广州宏博动漫科技有限公司,大专,8K-9K,[],1-3年
资深课程设计师,广州职赢未来信息科技有限公司,本科,7K-12K,[],3-5年
包袋跟单QC,广州市沃普司进出口贸易有限公司,学历不限,4K-6K,"['五险一金', '交通补助', '员工旅游', '高温补贴', '节日福利']",1-3年
采购员,广东睿峰电力物资有限公司,大专,4K-6K,"['五险一金', '全勤奖', '通讯补助', '节日福利']",1-3年
业务专员（4750+五险一金+周末双休+年底双薪+年终奖+福利）,深圳市银达担保有限公司,大专,8K-10K,"['五险一金', '年底双薪', '绩效奖金', '全勤奖', '交通补助']",不限
换电站操作工,中联利拓融资租赁股份有限公司,学历不限,4.5K-6K,"['五险一金', '绩效奖金', '加班补助']",不限
真功夫管培生（南航店）,广州真功夫快餐连锁管理有限公司艺星大厦分公司,大专,2K-4K,"['五险一金', '年底双薪', '绩效奖金', '节日福利', '带薪年假']",不限
高薪急聘销售顾问（高底薪+包吃住）,广东千喜企业管理有限公司,学历不限,8K-12K,"['绩效奖金', '包吃', '包住', '带薪年假', '免费班车']",不限
有机检测员,同创伟业(广东)检测技术股份有限公司,大专,3.5K-7K,"['周末双休', '节日福利', '餐补', '员工旅游', '带薪年假']",1-3年
全职美术老师,广州乐涂教育咨询有限公司,本科,6K-10K,"['包吃', '交通补助', '定期团建', '弹性工作', '年终分红']",1-3年
lazada运营专员,广州市汉客旅行用品有限公司,大专,4K-7K,"['绩效奖金', '全勤奖', '包吃', '带薪年假', '员工旅游']",1-3年
研发总监,广东履安实业有限公司,本科,25K-30K,"['绩效奖金', '通讯补助', '带薪年假', '员工旅游', '节日福利']",5-10年
销售代表（无责底薪）,学车了么(广州)汽车机动车驾驶员培训有限公司,学历不限,8K-10K,"['五险一金', '绩效奖金', '节日福利', '不加班', '定期团建']",不限
网络销售电子商务（手把手教导 专业培训）,广州伊蕾贸易有限公司,大专,8K-10K,"['年底双薪', '绩效奖金', '全勤奖', '带薪年假', '员工旅游']",无经验
品质工程师,广东华晨影视舞台专业工程有限公司,学历不限,4.5K-6K,"['五险一金', '年底双薪', '包吃', '包住', '周末双休']",1-3年
发行/商务总监,广州银汉科技有限公司,本科,20K-30K,"['健身俱乐部', '五险一金', '餐补', '带薪年假', '节日福利']",3-5年
店长/门店店长/书店/书吧店长,广州翰诚文化传播有限公司,大专,3.5K-5K,"['餐补', '高温补贴', '节日福利', '周末双休', '五险']",1-3年
硬件工程师,广州忠诚卫士电子有限公司,大专,6K-10K,"['创业公司', '全勤奖', '包吃', '包住', '绩效奖金']",1-3年
维保技术员,广东政安电气消防安全检测有限公司,中专,4K-6K,"['五险一金', '餐补', '高温补贴', '节日福利', '全勤奖']",1-3年
高级java软件工程师 社保+餐补+弹性,广州德汇贸易有限公司,大专,15K-20K,"['全勤奖', '餐补', '员工旅游', '节日福利', '社保']",5-10年
采购专员/印刷跟单员,广州市富兴商标彩色印制有限公司,中专,3.5K-4.5K,"['绩效奖金', '全勤奖', '包吃', '包住', '五险']",1-3年
成品检验员+包吃住+五险一金,广州可意光电科技有限公司,学历不限,3K-5K,"['五险一金', '绩效奖金', '包住', '餐补', '带薪年假']",不限
验房师,广州日盈环保科技有限公司,学历不限,3K-6K,"['包住', '全勤奖', '五险一金']",不限
急聘网络销售（无责任底薪3.3k起）,广东好又快法务管理咨询有限公司,中专,10K-15K,"['大牛带队', '绩效奖金', '每年多次调薪', '社保', '下午茶']",不限
环卫主管（增城、番禺）,广州敏捷新生活物业管理有限公司,大专,4K-6K,"['五险一金', '带薪年假', '免费班车', '节日福利', '餐补']",1-3年
金融客服专员（年轻化的团队+五险一金,广东光大普惠科技有限公司,大专,6K-8K,"['五险一金', '绩效奖金', '全勤奖', '通讯补助']",不限
软装设计师,广州纵臣文化传播有限公司,大专,8K-15K,"['五险一金', '绩效奖金', '加班补助', '全勤奖', '交通补助']",1-3年
3D建模讲师(包住宿+五险一金),广州潭州教育网络科技有限公司,大专,7K-10K,"['五险一金', '定期体检', '员工旅游', '定期团建', '包住']",无经验
美容顾问（正佳广场+中华广场+番禺万达）,广州科妍美容有限公司,学历不限,15K-30K,"['绩效奖金', '五险一金', '全勤奖', '加班补助', '节日福利']",1-3年
化妆品质检员（包吃包住）,广州市黄培昌化妆品有限公司,中专,3.5K-5K,"['绩效奖金', '全勤奖', '包吃', '包住', '带薪年假']",1-3年
品控员/质检员,广东新科农生物科技有限公司,大专,4K-6K,"['五险一金', '绩效奖金', '带薪年假', '定期体检', '员工旅游']",1-3年
文案经理／文案策划,广州传奇珠宝有限公司,大专,8K-12K,"['广州社保', '绩效奖金', '房补', '员工旅游', '带薪年假']",3-5年
急聘视频拍摄/剪辑5000+,广州导艺广告有限公司,学历不限,4K-8K,"['绩效奖金', '年终分红', '全勤奖', '交通补助', '餐补']",1-3年
室内设计教师,广州市蓝天技工学校,本科,4K-8K,"['绩效奖金', '免费班车', '高温补贴', '节日福利', '不加班']",不限
品牌创意总监,广州网络人科技有限公司,大专,15K-20K,"['年终分红', '带薪年假', '节日福利', '年底双薪', '周末双休']",3-5年
少儿英语老师/英语助教,广州小树熊国际教育咨询有限公司,大专,6K-8K,"['五险一金', '绩效奖金', '餐补', '房补', '弹性工作']",1-3年
业务咨询顾问（五险一金+周末双休）,广州市企晨科技信息咨询有限公司,学历不限,3.2K-6K,"['周末双休', '不加班', '节日福利', '带薪年假', '餐补']",不限
招聘主管,广州汛芯网络技术有限公司,大专,6K-8K,"['五险一金', '周末双休', '带薪年假', '定期团建', '节日福利']",3-5年
珠心算教学主管,广州市六壹文化传播有限公司,大专,6K-8K,"['绩效奖金', '餐补', '房补', '五险一金', '节日福利']",1-3年
阿里巴巴国际站运营/阿里运营,广州市联舟电子产品有限公司,大专,5K-10K,"['绩效奖金', '全勤奖', '带薪年假', '弹性工作', '节日福利']",1-3年
仓管员（包住+年终奖+分红金）,广州市明静舞台灯光设备有限公司,中专,3K-5K,"['包住', '加班补助', '全勤奖', '员工旅游', '节日福利']",1-3年
淘宝美工/天猫美工/平面设计,广州市饭饭邦贸易有限公司,学历不限,3K-5K,"['年底双薪', '绩效奖金', '节日福利', '全勤奖', '社保']",1年以下
美工设计,武汉华中人瑞人力资源服务有限公司,中专,8K-10K,"['五险一金', '年底双薪', '绩效奖金', '餐补', '周末双休']",不限
软件工程师,广东大成科技有限公司,大专,5.5K-7K,"['五险一金', '年底双薪', '带薪年假', '弹性工作', '定期体检']",无经验
全职美术老师,广州乐涂教育咨询有限公司,本科,6K-10K,"['包吃', '交通补助', '定期团建', '弹性工作', '年终分红']",1-3年
生产质检员[广州],广州迈景基因医学科技有限公司,本科,5K-8K,"['五险一金', '补充医疗保险', '定期体检', '带薪年假', '交通补助']",1-3年
初小数学老师,广州突破教育咨询有限公司,本科,7K-14K,"['五险一金', '绩效奖金', '年终分红', '带薪年假', '弹性工作']",3-5年
细胞生产主管,广州迈景基因医学科技有限公司,本科,8K-10K,"['创业公司', '绩效奖金', '五险一金', '交通补助', '餐补']",3-5年
仓管员,金丰宏溢科技(佛山)有限公司,中技,4K-6K,"['五险一金', '绩效奖金', '带薪年假', '定期体检', '创业公司']",3-5年
留学文案翻译（全职/实习）,琥珀教育广州公司,本科,4K-8K,"['周末双休', '五险一金', '年底双薪', '带薪年假', '弹性工作']",不限
英语老师,广州市易智职业技能培训有限公司,本科,6K-8K,"['弹性工作', '员工旅游', '节日福利', '六险一金', '带薪年假']",不限
医药学术代表（抗感染事业部华南）,重庆华邦制药有限公司,大专,5K-10K,"['周末双休', '五险一金', '绩效奖金', '带薪年假', '免费班车']",不限
项目仓管员,广东益诺欧环保股份有限公司,中专,4K-6K,"['节日福利', '五险一金', '加班补助', '餐补', '不加班']",不限
物业工程主管,广州市天河投资管理有限公司,学历不限,4K-6K,"['全勤奖', '通讯补助', '节日福利', '周末双休', '餐补']",1-3年
采购员,广东景寰建筑装饰工程有限公司,大专,4K-6K,"['每年多次调薪', '绩效奖金', '年终分红', '五险一金', '住房补贴']",1-3年
空间设计（广州急聘）,奥佳华品牌营销有限公司,大专,4K-6K,"['五险一金', '年底双薪', '全勤奖', '加班补助', '带薪年假']",不限
生产技术员,广州迈景基因医学科技有限公司,大专,4.5K-9K,"['五险一金', '补充医疗保险', '定期体检', '带薪年假', '交通补助']",不限
环卫主管（增城、番禺）,广州敏捷新生活物业管理有限公司,大专,4K-6K,"['五险一金', '带薪年假', '免费班车', '节日福利', '餐补']",1-3年
诚聘会计,广州市皇廷电子科技有限公司,中专,3.5K-4.5K,"['全勤奖', '包吃', '包住', '加班补助', '节日福利']",1-3年
广州区域 城市经理（二手车拍卖）,汽车街,大专,10K-15K,"['带薪年假', '高温补贴', '节日福利', '试用期全额', '五险一金']",5-10年
施工图深化设计,广州玮莱房屋建筑有限公司,大专,8K-10K,"['五险一金', '年底双薪', '加班补助', '带薪年假', '全勤奖']",1-3年
食品技术助理,广州市来利洪饼业有限公司,大专,4K-6K,[],1-3年
天猫数据运营,广州泉赢电子商务有限公司,大专,6K-8K,"['绩效奖金', '全勤奖', '带薪年假', '包吃', '员工旅游']",1-3年
韩语教师/外教/翻译Korean teacher/,广州汤尼教育科技有限公司,学历不限,6K-8K,[],不限
品管员,广州市恒发包装实业有限公司,中技,3K-4.5K,"['包住', '餐补', '带薪年假', '节日福利', '全勤奖']",1-3年
给排水工程师,广州新致晟环保科技有限公司,大专,4K-6K,"['五险一金', '绩效奖金', '餐补', '带薪年假', '定期体检']",无经验
网络销售,广州钻雅陶瓷有限公司,大专,5K-10K,"['年底双薪', '不加班', '节日福利']",不限
机械自动化工程师,睿乔电缆(广州)有限公司,大专,5K-6.5K,"['周末双休', '五险一金', '年底双薪', '弹性工作', '节日福利']",无经验
美高科目教研,广州爱课堂教育咨询有限公司,本科,8K-15K,"['五险一金', '绩效奖金', '周末双休', '出国游', '通讯补助']",1-3年
平面设计师,广州天之湘装饰材料有限公司,大专,4K-6K,"['五险一金', '绩效奖金', '加班补助', '包吃', '包住']",1-3年
IQC/来料检验员,广州市韦尔讯信息科技有限公司,学历不限,3.5K-5K,"['年底双薪', '绩效奖金', '加班补助', '全勤奖', '带薪年假']",不限
临检技术员（驻点门诊）,广州达安临床检验中心有限公司,大专,4K-6K,"['五险一金', '带薪年假', '定期体检', '免费班车', '高温补贴']",不限
项目经理/项目现场负责人,广州市捍御者信息科技有限公司,大专,10K-15K,"['五险一金', '包吃', '通讯补助', '定期体检', '节日福利']",5-10年
餐厅主管（广州、深圳、武汉）,马上诺餐饮(上海)有限公司,中专,4K-6K,[],1-3年
总图高级工程师,广东省电信规划设计院有限公司,本科,20K-30K,"['五险一金', '节日福利', '通讯补助', '交通补助', '餐补']",5-10年
报证专员,广州迈景基因医学科技有限公司,本科,10K-20K,"['五险一金', '补充医疗保险', '定期体检', '带薪年假', '交通补助']",1-3年
资深美术指导,广州市奔步广告有限公司,学历不限,10K-15K,"['五险一金', '年底双薪', '带薪年假', '弹性工作', '定期体检']",5-10年
QC/品质技术员,广州市番禺区旧水坑牛尾电机厂,大专,4K-6K,"['每年多次调薪', '五险一金', '周末双休', '年底双薪', '绩效奖金']",1-3年
品质工程师,松下·万宝（广州）压缩机有限公司,本科,5.5K-6.5K,"['14薪', '五险一金', '包住', '交通补助', '餐补']",不限
工程监理员,广州智造思想品牌管理有限公司,学历不限,4K-6K,"['五险一金', '每年多次调薪', '全勤奖', '带薪年假', '弹性工作']",1-3年
教务老师,广州市八骏宏图教育科技有限公司,大专,4K-6K,"['五险一金', '绩效奖金', '全勤奖', '员工旅游', '节日福利']",1-3年
室内设计师,广州市居然佳饰建材有限公司,大专,6K-8K,"['年底双薪', '绩效奖金', '加班补助', '通讯补助', '带薪年假']",不限
置业顾问,广东省广州国际医药港有限公司,大专,6K-10K,"['五险一金', '绩效奖金', '交通补助', '补充医疗保险', '免费班车']",1-3年
资深网络编辑,好家网,大专,4K-6K,"['员工旅游', '全勤奖', '绩效奖金', '加班补助', '餐补']",1-3年
.NET开发工程师,广东美电贝尔科技集团股份有限公司,大专,7K-14K,"['节日福利', '每年多次调薪', '周末双休', '五险一金', '年底双薪']",1-3年
新媒体运营,广州高才博后信息咨询服务有限公司,大专,5K-6K,"['五险一金', '绩效奖金', '全勤奖', '通讯补助', '带薪年假']",1-3年
短视频主管,广州朴尔因子生物科技有限公司,大专,10K-15K,"['加班补助', '全勤奖', '带薪年假', '员工旅游', '节日福利']",3-5年
蔚来顾问实习生,上海蔚来汽车有限公司,本科,2K-4K,[],不限
软件工程师,广东大成科技有限公司,大专,5.5K-7K,"['五险一金', '年底双薪', '带薪年假', '弹性工作', '定期体检']",无经验
渗透测试工程师,广东安创信息科技开发有限公司,本科,6K-10K,"['五险一金', '带薪年假', '定期体检', '员工旅游', '大牛带队']",1-3年
淘宝买手,广州金颐装饰设计工程有限公司,学历不限,4K-6K,"['通讯补助', '带薪年假', '五险一金', '交通补助']",1-3年
监理员,广州市穗高工程监理有限公司,大专,2.5K-4K,"['五险一金', '员工旅游', '节日福利', '定期体检', '补充医疗保险']",无经验
人力实习生（招聘、培训）,广东芬尼克兹节能设备有限公司,大专,2K-4K,"['绩效奖金', '定期体检', '餐补', '通讯补助', '带薪年假']",无经验
注册监理工程师,广州市穗高工程监理有限公司,大专,8K-12K,"['五险一金', '包吃', '包住', '带薪年假', '补充医疗保险']",3-5年
品质保证工程师,广州市世达密封实业有限公司,本科,5K-8K,"['包吃', '包住', '加班补助', '弹性工作', '员工旅游']",1-3年
小学/小升初语文教师（六险一金）,广州立尚教育服务有限公司,本科,6K-8K,"['五险一金', '绩效奖金', '带薪年假', '员工旅游', '节日福利']",不限
班主任（就业方向）,广州市北大青鸟计算机职业培训学校,大专,4K-6K,"['五险一金', '绩效奖金', '全勤奖', '带薪年假', '员工旅游']",1年以下
销售工程师,北京卡本工程技术研究所有限公司,本科,10K-15K,"['五险一金', '绩效奖金', '全勤奖', '带薪年假', '定期体检']",1-3年
工程管理员（大型工装上市企业）,浙江亚厦装饰股份有限公司,大专,8K-10K,"['五险一金', '交通补助', '餐补', '通讯补助', '高温补贴']",5-10年
机电施工员,中太城市建设工程有限责任公司广州分公司,大专,10K-15K,"['包住', '包吃']",5-10年
QC,广州隆超/广州维联/广州合口美有限公司,高中,4K-6K,"['五险一金', '包住', '带薪年假']",1-3年
商务专员（美术外包维护）,广州乐牛软件科技有限公司,本科,6K-10K,"['五险一金', '年底双薪', '全勤奖', '包吃', '交通补助']",不限
总工(地下综合管廊),深圳市三达通路桥建设有限公司,大专,15K-23K,"['包吃', '包住']",5-10年
实习生、资料员、监理员、专业监理工程师,广东重工建设监理有限公司,大专,2K-4K,"['五险一金', '包吃', '包住', '通讯补助', '年底双薪']",不限
初级室内设计师助理+双休,广州青翼技术服务有限公司,中专,4K-6K,"['五险一金', '年底双薪', '绩效奖金', '全勤奖', '定期体检']",不限
新媒体运营,广州市溢丰电子科技有限公司,大专,6K-8K,"['五险一金', '绩效奖金', '全勤奖', '员工旅游', '带薪年假']",1-3年
外贸业务员（精通英语）,广州市三十贸易有限公司,大专,8K-10K,"['五险一金', '绩效奖金', '全勤奖', '通讯补助', '带薪年假']",1年以下
品质工程师,利民(番禺南沙)电器发展有限公司,大专,6K-8K,"['五险一金', '餐补', '包住', '带薪年假', '高温补贴']",3-5年
售后服务总监,广州市锦龙汽车发展有限公司,大专,10K-15K,"['全勤奖', '绩效奖金', '五险一金', '包吃', '带薪年假']",1-3年
实验室主管,广州迈景基因医学科技有限公司,本科,13K-25K,"['创业公司', '五险一金', '交通补助', '通讯补助', '补充医疗保险']",不限
物业案场经理,华南区中海物业管理公司,大专,8K-15K,"['五险一金', '包吃', '带薪年假', '定期体检', '高温补贴']",1-3年
品质主管,广州齐达材料科技有限公司,大专,8K-10K,"['五险一金', '年底双薪', '绩效奖金', '全勤奖', '包吃']",1-3年
专利代理人助理,北京润泽恒知识产权代理有限公司广州分公司,本科,4K-8K,"['五险一金', '定期体检', '周末双休', '大牛带队', '餐补']",无经验
外贸业务员/有五险,广州佳叶贸易有限公司,大专,4K-8K,"['五险一金', '全勤奖', '餐补', '带薪年假', '节日福利']",不限
外贸业务员+高提成,广州阳通电子有限公司,大专,8K-10K,"['绩效奖金', '全勤奖', '带薪年假', '定期体检', '员工旅游']",不限
驻厂QC,Vibram China 广州市巍跋然胶业有限公司,中专,6K-8K,"['五险一金', '年底双薪', '绩效奖金', '包吃', '包住']",5-10年
平面设计师,广州智造思想品牌管理有限公司,大专,8K-10K,"['年底双薪', '五险一金', '每年多次调薪', '全勤奖', '带薪年假']",1-3年
园建施工员,广东品泓园林环境工程有限公司,大专,6K-8K,"['包住', '餐补', '每年多次调薪']",3-5年
高薪聘请+教学主管_广州,哈利乔感统(广州)儿童智能发展有限公司,大专,8K-15K,"['年底双薪', '绩效奖金', '带薪年假', '弹性工作', '员工旅游']",5-10年
学习督导,长颈鹿美语广州旗舰中心,本科,5K-8K,"['五险一金', '绩效奖金', '全勤奖', '带薪年假', '定期体检']",1年以下
仓储物流主管,石家庄珂蓝美容服务有限公司,大专,5K-7K,"['节日福利', '五险一金', '周末双休', '加班补助', '员工旅游']",3-5年
设计,广州市白云区龙归雅菲化妆刷制品厂,大专,4.5K-6K,"['绩效奖金', '员工旅游', '加班补助', '弹性工作', '不加班']",1年以下
电商运营专员,广州市雄山科技有限公司,本科,6K-8K,"['五险一金', '绩效奖金', '股票期权', '全勤奖', '节日福利']",1-3年
高级设计师,广东颜芝堡生物科技有限公司,大专,10K-15K,"['节日福利', '五险一金', '带薪年假', '绩效奖金', '年终分红']",3-5年
质检员（Qc ）,广州富瑞健康科技有限公司,大专,3K-5K,"['年底双薪', '餐补', '补充医疗保险', '五险一金', '房补']",不限
天猫 京东电商运营,广州市谷膳好贸易有限公司,大专,6K-8K,"['五险一金', '定期团建', '节日福利', '绩效奖金', '弹性工作']",1-3年
amazon运营,广州易展信息技术有限公司,大专,6K-8K,"['五险一金', '绩效奖金', '全勤奖', '带薪年假', '周末双休']",3-5年
销售经理,广州翼维舞台设备科技有限公司,中专,8K-10K,"['通讯补助', '年底双薪', '员工旅游', '节日福利']",不限
市政总工（涵洞、管道）,深圳市三达通路桥建设有限公司,大专,15K-20K,"['包吃', '包住']",5-10年
营运主管,广州海景城商场管理有限公司,大专,4.5K-6K,"['员工旅游', '节日福利', '弹性工作', '绩效奖金', '全勤奖']",1-3年
销售主管,长颈鹿美语广州旗舰中心,大专,15K-20K,"['五险一金', '绩效奖金', '全勤奖', '带薪年假', '定期体检']",1-3年
导购营业员,广州金坊建筑材料有限公司,学历不限,4K-6K,"['五险一金', '年底双薪', '绩效奖金', '定期体检', '员工旅游']",1-3年
技术部主管（工作地点：丽水）,广州市顶刮刮汽配供应链有限公司,大专,6K-10K,"['社保五险', '年底双薪', '绩效奖金', '餐补', '带薪年假']",3-5年
数控车床师傅,广州智为工创科技有限公司,中技,6K-8K,"['住房补贴', '绩效奖金', '全勤奖', '项目奖金', '节日福利']",3-5年
教学督导,香江控股,本科,15K-20K,"['五险一金', '定期体检', '绩效奖金', '带薪年假']",5-10年
QA专员,广州康瑞泰药业有限公司,本科,4K-8K,"['五险一金', '加班补助', '全勤奖', '餐补', '房补']",1-3年
车工/铣工,广州鞍好机电设备工程有限公司,中专,5K-6K,"['五险一金', '年底双薪', '餐补', '房补', '不加班']",1-3年
平面设计主管,广州市天珺姿贸易有限公司,中专,7K-9K,"['绩效奖金', '员工旅游', '节日福利', '全勤奖', '五险一金']",5-10年
3D建模讲师w【五险一金+住宿/补贴】,广州潭州教育网络科技有限公司,中专,8K-10K,"['五险一金', '包住', '房补', '节日福利']",不限
工程设计总监,国安社区(广州)科技有限公司,本科,6K-12K,"['五险一金', '绩效奖金', '交通补助', '餐补', '住房补贴']",3-5年
项目管理员,广州市孚克展示策划有限公司,学历不限,4K-6K,"['绩效奖金', '加班补助', '交通补助', '餐补', '补充医疗保险']",不限
市政道路施工员,广州市金峻机电设备安装工程有限公司,大专,8K-15K,"['五险一金', '绩效奖金', '补充医疗保险', '全勤奖', '年终分红']",3-5年
bd专员,北京车智汇通信息技术有限公司,大专,10K-15K,"['创业公司', '周末双休', '五险一金', '绩效奖金', '弹性工作']",不限
品质工程师,广州市世达密封实业有限公司,大专,6K-8K,"['包吃', '包住', '房补', '带薪年假', '年底双薪']",1-3年
高薪福利+不定时培训+资深感统师,哈利乔感统(广州)儿童智能发展有限公司,大专,8K-10K,"['五险一金', '年底双薪', '绩效奖金', '带薪年假', '弹性工作']",3-5年
稽查文员,广州佳之源贸易有限公司,学历不限,4K-6K,"['全勤奖', '员工旅游', '住房补贴', '出国游', '定期团建']",不限
日语老师/日语培训师（番禺市桥）,樱花国际日语,本科,6K-8K,"['五险一金', '绩效奖金', '带薪年假', '弹性工作', '定期团建']",1-3年
有声小说编辑,广东畅读信息科技有限公司,本科,5K-10K,"['五险一金', '绩效奖金', '员工旅游', '节日福利', '弹性工作']",1-3年
产品开发专员,广州宜鑫皮具有限公司,学历不限,4K-8K,"['五险一金', '年底双薪', '绩效奖金', '年终分红', '带薪年假']",不限
web前端培训讲师w,广州潭州教育网络科技有限公司,大专,8K-10K,"['五险一金', '包住', '房补', '节日福利']",1-3年
行政专员,广州米娜非云咨询有限公司,大专,3K-4.5K,"['每年多次调薪', '周末双休', '五险一金', '绩效奖金', '全勤奖']",1年以下
高级php开发工程师,广州市申迪计算机系统有限公司,本科,10K-20K,"['五险一金', '绩效奖金', '包住']",3-5年
麻醉科（兼外科）医生(J13033),广州奥亚门诊部有限公司,大专,8K-10K,"['五险一金', '绩效奖金', '餐补', '节日福利', '员工旅游']",3-5年
实验室化验员,广州市巴络克信息技术有限公司,大专,2K-4K,"['绩效奖金', '通讯补助', '带薪年假', '员工旅游', '节日福利']",1年以下
客户经理,北京车智汇通信息技术有限公司,大专,8K-10K,"['创业公司', '五险一金', '绩效奖金', '每年多次调薪', '带薪年假']",不限
Google运营/SEO海外推广/外贸推广,广州宝利动漫科技有限公司,大专,8K-10K,"['绩效奖金', '包吃', '全勤奖', '节日福利', '五险一金']",1-3年
专利代理人,北京润泽恒知识产权代理有限公司广州分公司,本科,6K-12K,"['五险一金', '餐补', '定期体检', '节日福利', '大牛带队']",1-3年
传播主管,上海蔚来汽车有限公司,本科,10K-20K,"['五险一金', '股票期权', '定期体检', '带薪年假']",5-10年
培训主管/经理,佛山市袁亮宏餐饮管理有限公司,大专,8K-15K,"['绩效奖金', '全勤奖', '包吃', '包住', '五险']",3-5年
业务支持（科技方向）,鸿泰鼎石资产管理有限责任公司,本科,6K-10K,"['五险一金', '绩效奖金', '节日福利', '试用期全额', '带薪年假']",无经验
火锅店店长 餐厅店长,广州市摩尔儿童游乐设备有限公司,学历不限,5K-10K,"['绩效奖金', '全勤奖', '包住', '包吃', '餐补']",3-5年
生产经理,广州国屹建筑工程有限公司,大专,12K-16K,"['五险一金', '绩效奖金', '年终分红', '全勤奖', '带薪年假']",5-10年
资深平面设计师,广州道客网络科技有限公司,大专,7K-12K,"['五险一金', '通讯补助', '绩效奖金', '每年多次调薪', '带团队']",3-5年
采购主管（化妆品+双休）,广州优理氏生物科技有限公司,大专,7K-9K,"['五险一金', '年终分红', '带薪年假', '每年多次调薪', '包吃']",3-5年
课程顾问（广州）,鼎佑教育科技(北京)有限公司,大专,5K-10K,[],1-3年
ebay产品开发专员,广东天拓海汇科技有限公司,大专,4K-8K,"['五险一金', '年底双薪', '绩效奖金', '带薪年假', '定期体检']",1-3年
急招招商经理（月入15000-20000）,广东千喜企业管理有限公司,中专,8K-15K,"['绩效奖金', '加班补助', '包吃', '包住', '带薪年假']",1-3年
销售员/销售代表,广州纷享科技发展有限公司,大专,10K-20K,"['创业公司', '节日福利', '员工旅游', '带薪年假', '包吃']",不限
php开发工程师,广州市申迪计算机系统有限公司,大专,5K-10K,"['五险一金', '绩效奖金', '包住']",不限
招聘专员（五险一金+无责底薪）c,广州潭州教育网络科技有限公司,大专,3K-6K,"['五险一金', '绩效奖金', '节日福利', '每年多次调薪', '带薪年假']",1年以下
行政人事主管（工作地址：丽水）,广州市顶刮刮汽配供应链有限公司,大专,6K-10K,"['社保五险', '年底双薪', '绩效奖金', '餐补', '带薪年假']",3-5年
信用卡销售+双休,广州农村商业银行股份有限公司天河支行,大专,10K-15K,"['五险一金', '绩效奖金', '年终分红', '带薪年假', '定期体检']",1-3年
高级室内设计师,广州泰玖空间设计有限公司,大专,7K-9K,"['五险一金', '绩效奖金', '全勤奖', '员工旅游', '节日福利']",5-10年
资料员,中大建设股份有限公司广州分公司,大专,6K-10K,"['五险一金', '包吃', '带薪年假', '定期体检', '节日福利']",3-5年
超声医师(J12103),广州奥亚门诊部有限公司,中技,6K-8K,"['五险一金', '绩效奖金', '餐补', '节日福利', '员工旅游']",1-3年
测试工程师,北京宝润兴业科技股份有限公司,本科,6K-10K,"['五险一金', '绩效奖金', '定期体检', '带薪年假', '节日福利']",1-3年
采购专员,广州易航电子有限公司,学历不限,4K-6K,"['全勤奖', '包吃', '房补', '定期体检']",不限
体系专员,广州淘思塔贸易有限公司,大专,6K-8K,"['每年多次调薪', '全勤奖', '高温补贴', '餐补']",不限
供应链经理/招商经理（周末双休）,广州视拼购信息技术有限公司,大专,8K-16K,"['五险一金', '年底双薪', '全勤奖', '带薪年假', '节日福利']",3-5年
别墅公寓管家,广州旅途易物业管理有限公司,学历不限,4K-8K,"['绩效奖金', '通讯补助', '员工旅游', '大牛带队', '带薪年假']",不限
项目经理--建筑,中煤江南建设发展有限公司花都分公司,大专,8K-10K,"['五险一金', '年底双薪', '绩效奖金', '餐补', '包住']",3-5年
操作经理,深圳市海马物流有限公司,大专,5K-10K,"['五险一金', '通讯补助', '绩效奖金', '包住']",3-5年
高级动效设计师,广州多融信息科技有限公司,大专,15K-20K,"['五险一金', '年底双薪', '绩效奖金', '周末双休', '包吃']",3-5年
早期教育老师,广州瀚那捷客科技有限公司,本科,5K-8K,"['五险一金', '餐补', '节日福利', '定期体检', '绩效奖金']",3-5年
高中数学教师-广州(J11401),广州学大教育技术有限公司,本科,8K-10K,"['五险一金', '绩效奖金', '带薪年假', '弹性工作', '员工旅游']",1-3年
QC主管,广东花芽时尚产业有限公司,大专,7K-12K,"['五险一金', '年底双薪', '全勤奖', '带薪年假', '高温补贴']",3-5年
行政助理,广州人福医疗设备有限公司,大专,4K-6K,"['五险一金', '绩效奖金', '定期体检', '员工旅游', '节日福利']",1-3年
运营主管/专员（双休）,广州快兔物流科技有限公司,本科,5K-7K,"['五险一金', '餐补', '带薪年假', '节日福利', '绩效奖金']",3-5年
生产主管,广州齐达材料科技有限公司,大专,10K-12K,"['五险一金', '年底双薪', '绩效奖金', '全勤奖', '包吃']",3-5年
运营推广专员,广州市雄山科技有限公司,本科,6K-10K,"['五险一金', '绩效奖金', '年终分红', '股票期权', '全勤奖']",1-3年
生产操作员,广州天极电子科技有限公司,学历不限,4K-6K,"['周末双休', '体检', '五险一金', '包住', '餐补']",不限
品质工程师qe,广州市鸿利智显科技有限公司,大专,8K-10K,"['五险一金', '年底双薪', '餐补', '带薪年假', '定期体检']",3-5年
新媒体编辑（少儿阅读）,中华商务贸易公司,本科,7K-10K,['周末双休'],1-3年
跟单员,广州市型邦化妆品有限公司,中技,4.5K-6.5K,"['绩效奖金', '年终分红', '全勤奖', '不加班', '员工旅游']",1-3年
毛织生产跟单 (MJ000858),广州希音供应链管理有限公司,学历不限,6K-11K,"['每年多次调薪', '周末双休', '五险一金', '绩效奖金', '餐补']",不限
渠道主管,亚滴新能源,本科,7K-13.5K,"['五险一金', '通讯补助', '定期体检', '带薪年假', '节日福利']",3-5年
一级市政建造师（带B证）,金中天水利建设有限公司,大专,15K-20K,"['五险一金', '绩效奖金', '餐补', '带薪年假', '节日福利']",1-3年
土建监理工程师,广州市东建工程建设监理有限公司,大专,6K-9K,"['五险一金', '绩效奖金', '高温补贴', '节日福利', '定期体检']",3-5年
教学管理培训生,长颈鹿美语广州旗舰中心,本科,8K-12K,"['五险一金', '绩效奖金', '全勤奖', '带薪年假', '定期体检']",1-3年
Java高级开发工程师,广东医群科技有限公司,大专,15K-30K,"['创业公司', '全勤奖', '五险一金', '周末双休', '带薪年假']",5-10年
房务清洁员,广州市致友月子中心有限公司,高中,3K-3.5K,"['包吃', '社保', '节日福利', '包住', '免费班车']",1-3年
仓库管理员,广州市纳闵电子科技有限公司,大专,4K-6K,"['五险一金', '年底双薪', '绩效奖金', '餐补', '带薪年假']",1-3年
网络推广员,广州市中业化工有限公司,学历不限,4K-6K,"['不加班', '节日福利', '员工旅游', '每年多次调薪', '全勤奖']",不限
平面设计/美工,广州视拼购信息技术有限公司,大专,6K-12K,"['五险一金', '年底双薪', '全勤奖', '带薪年假', '每年多次调薪']",3-5年
少儿口才老师,广州市番禺区智慧外语培训学校,大专,4K-6K,"['五险一金', '绩效奖金', '员工旅游', '节日福利', '年终分红']",1-3年
质检员,广州市白云清洁用品有限公司,中专,4K-6K,"['餐补', '社保', '节日福利', '员工公寓']",1-3年
工程项目专员,广州遇见小面餐饮管理有限公司,大专,6K-8K,"['绩效奖金', '全勤奖', '交通补助', '员工旅游', '节日福利']",1-3年
pe工程师,广州市艾索电子产品有限公司,大专,3K-5K,"['五险一金', '每年多次调薪', '补充医疗保险', '定期体检', '节日福利']",1-3年
采购主管,广州视拼购信息技术有限公司,大专,6K-12K,"['五险一金', '年底双薪', '全勤奖', '定期团建', '带薪年假']",3-5年
广州分公司  项目施工员,青岛温泉建设集团有限公司,大专,8K-10K,"['五险一金', '包住', '带薪年假', '定期体检', '绩效奖金']",3-5年
化妆品工程师,广州市海诗生物科技有限公司,大专,10K-15K,"['高温补贴', '节日福利', '五险一金', '通讯补助', '包吃']",1-3年
工程监理或主管,广州市韦之士装饰工程有限公司,大专,6K-8K,"['周末双休', '餐补', '弹性工作', '节日福利', '补充医疗保险']",3-5年
调剂员,广东大翔药业有限公司,中专,3.5K-4.5K,"['五险一金', '绩效奖金', '定期体检', '包住', '包吃']",1-3年
资深美术指导,广州市乘果品牌策划有限公司,本科,70K-100K,"['五险一金', '年底双薪', '绩效奖金', '员工旅游', '节日福利']",3-5年
生产主管（新事业部）,卡尔蔡司光学（中国）有限公司,本科,10K-15K,"['五险一金', '年底双薪', '包吃', '包住', '带薪年假']",3-5年
DM美术指导,广州市奔步广告有限公司,学历不限,10K-15K,"['五险一金', '年底双薪', '绩效奖金', '带薪年假', '弹性工作']",5-10年
采购助理,广州莲荃电子产品有限公司,大专,3K-4.5K,"['节日福利', '全勤奖', '不加班', '加班补助']",不限
高级团队总监,广州锦鹊信息咨询有限公司,大专,20K-30K,"['五险一金', '绩效奖金', '年终分红', '带薪年假', '节日福利']",3-5年
总监理工程师,河南创达建设工程管理有限公司广东省分公司,本科,7K-9K,['五险一金'],5-10年
设备工程师,广东大成科技有限公司,大专,4K-6K,"['五险一金', '年底双薪', '带薪年假', '弹性工作', '定期体检']",不限
Unity3D主程,广州银汉科技有限公司,大专,35K-60K,"['健身俱乐部', '五险一金', '餐补', '带薪年假', '节日福利']",5-10年
店长·储备店长,广州智造思想品牌管理有限公司,大专,4K-7K,"['年底双薪', '五险一金', '每年多次调薪', '全勤奖', '带薪年假']",1-3年
质检人員,唐德贸易(上海)有限公司广州分公司,大专,4.5K-6K,"['五险一金', '节日福利', '高温补贴']",1-3年
Java开发主管,迅天软件有限公司,本科,18K-24K,[],不限
客服跟单,杰丽斯(广东)日用品有限公司,中专,3.8K-5K,"['五险一金', '年底双薪', '包吃', '定期体检', '免费班车']",不限
气相气质实验室分析员,同创伟业(广东)检测技术股份有限公司,大专,3.5K-5K,"['周末双休', '节日福利', '餐补', '员工旅游', '带薪年假']",1-3年
CAD绘图员,广州市五羊艺冠声学材料有限公司,大专,4K-6K,"['节日福利', '五险一金', '绩效奖金', '包吃', '包住']",1-3年
Android研发工程师,广州莫昆信息科技有限公司,本科,10K-15K,"['五险一金', '加班补助', '餐补', '弹性工作', '定期体检']",1-3年
全案项目总监,广州建众文化传播有限公司,本科,30K-60K,"['五险一金', '餐补', '通讯补助', '定期体检', '员工旅游']",5-10年
检验员,广州市嘉韩中药饮片有限公司,大专,3K-5K,"['加班补助', '包住', '定期体检', '五险一金', '包吃']",1-3年
焊工/切割,广州颂拓专用设备有限公司,学历不限,4K-6K,"['五险一金', '绩效奖金', '年终分红', '包吃', '包住']",不限
英文服装跟单员,广州然捷贸易有限公司,学历不限,6K-9K,"['六险', '包吃', '上班时间可选', '9点至18点', '10至19点']",不限
早教老师（高德置地英文老师）双休五险一金,广州市小马广茂文化发展有限公司,大专,6K-8K,"['每周双休', '五险一金', '年底双薪', '绩效奖金', '全勤奖']",1-3年
质检/品检,广州市兴世机械制造有限公司,学历不限,4K-6K,"['包吃', '包住', '全勤奖', '五险', '节日福利']",1-3年
客诉处理工程师 ,广州市世达密封实业有限公司,大专,6K-8K,"['包吃', '包住', '房补', '带薪年假', '年底双薪']",3-5年
速卖通客服/外贸客服/外贸业务员助理,广州凯拓汽车配件有限公司,学历不限,4K-6K,"['年终分红', '全勤奖', '员工旅游', '节日福利', '五险一金']",不限
面料开发,广州蓝墨贸易有限公司,大专,6K-8K,"['带薪年假', '年底双薪', '员工旅游', '节日福利']",3-5年
测绘质检工程师,广州慧图信息科技有限公司,大专,8K-12K,"['五险一金', '年底双薪', '绩效奖金', '包住']",3-5年
COCOS2D-X主程,广州汶颢信息技术有限公司,大专,20K-25K,"['五险一金', '绩效奖金', '弹性工作', '员工旅游', '节日福利']",3-5年
策划经理,博之林广告(北京)有限公司,大专,8K-15K,"['14薪', '周末双休', '五险一金', '绩效奖金', '全勤奖']",3-5年
电商美工,广州添奇日用品有限公司,学历不限,4K-6K,"['五险一金', '弹性工作', '创业公司']",不限
预算主管,重庆三原色节能建筑工程有限公司,本科,6K-8K,"['节日福利', '每年多次调薪', '五险一金', '绩效奖金', '定期体检']",1年以下
中高级java开发工程师,名创优品股份有限公司,本科,15K-25K,"['五险一金', '周末双休', '每年多次调薪', '餐补', '年底双薪']",3-5年
质检,广州市联盈日用化妆品有限公司,中技,6K-8K,"['节日福利', '年底双薪', '绩效奖金', '员工旅游', '全勤奖']",1-3年
客户经理 （AM）,博之林广告(北京)有限公司,大专,7K-12K,"['五险一金', '全勤奖', '带薪年假', '补充医疗保险', '定期体检']",3-5年
一级公路建造师（带B证）,金中天水利建设有限公司,大专,15K-20K,"['五险一金', '绩效奖金', '餐补', '带薪年假', '节日福利']",1-3年
平面设计 / 电商美工,英诗佳(广州)实业有限公司,大专,6K-8K,"['五险', '绩效奖金', '全勤奖', '员工旅游', '节日福利']",1-3年
IT技术专员培训加上岗,深圳过期更新信息技术有限公司,大专,4K-6K,"['五险一金', '年底双薪', '绩效奖金', '带薪年假', '员工旅游']",不限
阿里巴巴国内站运营专员,广州温麦商贸有限公司,大专,4K-8K,"['年底双薪', '年终分红', '全勤奖', '包吃', '带薪年假']",1-3年
Sketchup建模设计师,广州美一森旅游规划设计有限公司,本科,6K-9K,"['住房补贴', '每年多次调薪', '周末双休', '五险一金', '绩效奖金']",1-3年
首席内容运营官,广东省出版集团数字出版有限公司,本科,15K-30K,"['五险一金', '定期体检', '年底双薪', '绩效奖金', '定期团建']",10年以上
天猫店长,广州洪兴服饰有限公司,大专,10K-15K,"['五险一金', '绩效奖金', '全勤奖', '带薪年假', '员工旅游']",3-5年
饮品店店长,广州源津食品有限公司,中专,6K-8K,"['五险一金', '房补', '交通补助', '节日福利', '带薪年假']",1-3年
SEO,广州共享洁车科技有限公司,本科,5K-10K,"['五险一金', '餐补', '带薪年假', '员工旅游', '节日福利']",1-3年
话务员（招商加盟）,广州汇致捷企业管理有限公司,学历不限,4K-6K,[],1-3年
英语编辑,广东天拓海汇科技有限公司,大专,4K-8K,"['创业公司', '五险一金', '年底双薪', '绩效奖金', '带薪年假']",1-3年
建筑场景渲染师,广州九舞数字科技有限公司,学历不限,4K-8K,"['五险一金', '弹性工作', '定期体检', '员工旅游', '节日福利']",不限
航空测绘技术员,广州建通测绘地理信息技术股份有限公司,本科,6K-8K,"['五险一金', '绩效奖金', '餐补', '定期体检', '员工旅游']",不限
项目经理[精装修],中海怡高建设集团股份有限公司,大专,10K-18K,"['五险一金', '定期体检', '节日福利']",5-10年
销售管理培训生,长颈鹿美语广州旗舰中心,大专,15K-20K,"['五险一金', '绩效奖金', '全勤奖', '带薪年假', '定期体检']",1-3年
通信工程项目经理助理（主管）,广东云熹科技有限公司,中专,6K-8K,"['绩效奖金', '包住', '弹性工作', '定期体检', '带薪年假']",1-3年
广州区域主管,广东八加一医药有限公司,大专,5K-9.9K,"['五险一金', '绩效奖金', '带薪年假', '节日福利', '弹性工作']",1-3年
监理员,广州市东建工程建设监理有限公司,大专,3K-6K,"['五险一金', '绩效奖金', '带薪年假', '定期体检', '高温补贴']",不限
中/高级php开发工程师,陕西五一易货网络科技有限责任公司,大专,10K-15K,"['五险一金', '节日福利', '周末双休', '带薪年假', '全勤奖']",3-5年
CT技师(J12627),广州奥亚门诊部有限公司,学历不限,6K-8K,"['五险一金', '绩效奖金', '餐补', '节日福利', '员工旅游']",1-3年
外围清洁,广州市致友月子中心有限公司,高中,3.5K-4K,"['包吃', '免费班车', '社保', '包住', '加班补助']",1-3年
资料员,广州市雅苑园林绿化工程有限公司,大专,5K-8K,"['周末双休', '包住', '交通补助', '节日福利']",1-3年
亚马逊/amazon/跨境电商运营,广州海玲服饰有限公司,大专,7K-14K,['节日福利'],1-3年
审图员/拆单员,广州市鹰牌陶瓷有限公司,中专,4K-8K,"['五险一金', '绩效奖金', '年终分红', '全勤奖', '带薪年假']",不限
网络信息安全技术经理,广州安亿信软件科技有限公司,本科,12K-20K,"['周末双休', '五险一金', '绩效奖金', '节日福利', '大牛带队']",5-10年
初中数学教师,广州市花都区雅美佳外语培训中心,本科,6K-12K,"['每年多次调薪', '五险一金', '加班补助', '带薪年假', '节日福利']",不限
安卓软件开发工程师,广州泰宣科技有限公司,学历不限,6K-12K,"['五险一金', '餐补', '住房补贴', '带薪年假', '创业公司']",不限
业务代表/销售业务员,广州纷享科技发展有限公司,大专,12K-18K,"['节日福利', '员工旅游', '带薪年假', '包吃', '五险一金']",不限
seo网络推广,广州欧诺洁个人护理用品有限公司,大专,4K-6K,"['全勤奖', '补充医疗保险', '节日福利', '五险一金', '绩效奖金']",1-3年
机电一体化教师,广州市蓝天技工学校,本科,4K-8K,"['周末双休', '定期体检', '免费班车', '高温补贴', '节日福利']",1-3年
java中级开发工程师,广州忘平信息科技有限公司,本科,11K-15K,"['五险一金', '周末双休', '定期体检', '员工旅游', '绩效奖金']",3-5年
软件工程师技术总监,深圳菲梵仙子化妆品有限公司,本科,20K-30K,"['五险一金', '股票期权', '年终分红', '包住', '绩效奖金']",5-10年
测量施工员,广州亿客隆基础工程有限公司,大专,5K-8K,"['弹性工作', '通讯补助', '五险一金', '补充医疗保险', '高温补贴']",1-3年
装修工程监理,广州市富馨祥核商贸有限公司,大专,4K-6K,"['周末双休', '五险一金', '年底双薪', '绩效奖金', '带薪年假']",1-3年
游戏客服经理,广州乐牛软件科技有限公司,本科,20K-30K,"['五险一金', '年底双薪', '绩效奖金', '包吃', '带薪年假']",3-5年
供应链主管/招商主管（周末双休）,广州视拼购信息技术有限公司,大专,6K-10K,"['五险一金', '年底双薪', '全勤奖', '带薪年假', '节日福利']",1-3年
品质主管/品质经理,广州易航电子有限公司,大专,6K-8K,"['包吃', '包住', '年终分红', '绩效奖金', '员工旅游']",1-3年
新媒体运营,广州市雄山科技有限公司,本科,6K-8K,"['五险一金', '绩效奖金', '年终分红', '股票期权', '全勤奖']",1-3年
项目经理（一级建造师）,广东晟祥建设有限公司,大专,10K-15K,[],不限
品牌设计总监,广州差异化品牌管理有限公司,本科,10K-12K,"['五险一金', '年底双薪', '绩效奖金', '全勤奖']",10年以上
天猫店长/网店店长,广州子笙家居有限公司,大专,8K-10K,"['年底双薪', '绩效奖金', '股票期权', '带薪年假', '通讯补助']",1-3年
亚马逊销售,广州赢动力网络科技有限公司,学历不限,4K-7K,"['不加班', '全勤奖']",不限
"外贸业务员（手袋,双休五险一金）",广州市锐铭施进出口有限公司,大专,5K-10K,"['全勤奖', '五险一金', '年底双薪', '包吃', '包住']",1-3年
项目主管,广州市孚克展示策划有限公司,学历不限,4K-6K,"['五险一金', '绩效奖金', '加班补助', '餐补', '员工旅游']",不限
家居建材智业项目营销咨询师,广州建众文化传播有限公司,本科,10K-15K,"['节日福利', '五险一金', '绩效奖金', '包吃', '包住']",3-5年
理化检验员（中勤检测）,同创伟业(广东)检测技术股份有限公司,大专,3.5K-4.5K,"['五险一金', '餐补', '房补', '定期体检', '绩效奖金']",1年以下
早教教学督导,广州美格教育信息咨询有限公司,大专,6K-8K,"['五险一金', '绩效奖金', '加班补助', '全勤奖', '交通补助']",5-10年
产品经理（平台开发）,广州透真生物科技有限公司,大专,15K-25K,"['绩效奖金', '全勤奖', '带薪年假', '弹性工作', '员工旅游']",3-5年
招聘主管,广州快兔物流科技有限公司,大专,6K-8K,"['五险一金', '年底双薪', '餐补', '带薪年假', '节日福利']",3-5年
屈臣氏项目质检员,广州浚峰网络技术有限公司,学历不限,3.5K-4K,"['每年多次调薪', '五险一金', '绩效奖金', '全勤奖', '交通补助']",1年以下
项目总监,广州快兔物流科技有限公司,本科,20K-30K,"['五险一金', '年底双薪', '餐补', '带薪年假', '节日福利']",5-10年
渗透测试实习生,广东安创信息科技开发有限公司,本科,2K-4K,"['五险一金', '带薪年假', '定期体检', '员工旅游', '大牛带队']",不限
园林造价负责人,广州众寻企业管理咨询有限公司,中专,10K-15K,"['绩效奖金', '餐补', '加班补助', '全勤奖']",3-5年
平安银行贷款专员（底薪5400＋双休+高提成＋免费旅游）,中国平安人寿保险股份有限公司广州市天河支公司黄建豪,大专,5.4K-10.5K,"['不加班', '周末双休', '每年多次调薪', '带团队', '定期团建']",不限
技术总监,深圳市世联土地房地产评估有限公司广州分公司,本科,15K-20K,"['五险一金', '年底双薪', '绩效奖金', '交通补助', '通讯补助']",5-10年
产品开发助理,广州华臻源网络科技有限公司,大专,3.5K-5K,"['创业公司', '全勤奖', '加班补助', '带薪年假', '员工旅游']",不限
文员（靠近地铁口）,广州凯齐化妆品有限公司,大专,3.5K-5K,"['绩效奖金', '加班补助', '带薪年假', '全勤奖', '节日福利']",1-3年
运力管理经理,广州快兔物流科技有限公司,本科,10K-15K,"['五险一金', '年底双薪', '绩效奖金', '年终分红', '股票期权']",5-10年
语文老师（做五休二+包吃+可应届生）,广州市子睿教育科技有限公司,本科,6K-9K,"['年底双薪', '补充医疗保险', '节日福利', '餐补', '弹性工作']",1年以下
阿里巴巴国际运营专员,广州昌木环保科技有限公司,大专,3K-6K,"['全勤奖', '不加班', '加班补助', '通讯补助', '绩效奖金']",不限
编导,广州多融信息科技有限公司,大专,6K-9K,"['五险一金', '年底双薪', '绩效奖金', '周末双休', '包吃']",1-3年
活动执行,广州创领传媒股份有限公司,本科,4K-6K,"['五险一金', '绩效奖金', '员工旅游', '节日福利']",1-3年
商务经理,广州银汉科技有限公司,大专,14K-20K,[],3-5年
电子商务采购助理（宠物用品 ）,广州华臻源网络科技有限公司,大专,3.5K-4.5K,"['全勤奖', '年底双薪', '带薪年假', '加班补助', '员工旅游']",不限
ebay德语客服,广州华臻源网络科技有限公司,大专,4K-6K,"['创业公司', '年底双薪', '全勤奖', '带薪年假', '员工旅游']",不限
办公室文员,广州市龙宇机械设备有限公司,学历不限,4K-6K,"['五险一金', '年底双薪', '年终分红', '加班补助', '全勤奖']",1-3年
视频制作,广州市韩金靓电子商务有限公司,大专,4K-6K,"['五险一金', '绩效奖金', '加班补助', '带薪年假', '员工旅游']",1-3年
中小学数学老师,广州市易智职业技能培训有限公司,本科,6K-10K,"['绩效奖金', '弹性工作', '员工旅游', '节日福利', '六险一金']",不限
SEM推广/SEO专员搜索引擎优化,广东团博科技有限公司,大专,5K-10K,"['绩效奖金', '带薪年假', '节日福利', '年终分红', '创业公司']",1-3年
环保管家,广东泓耀环保工程有限公司,本科,4K-7K,"['五险一金', '绩效奖金', '年终分红', '餐补', '带薪年假']",1-3年
档案管理主管,高新兴科技集团股份有限公司,本科,6K-10K,"['五险一金', '年底双薪', '绩效奖金', '包吃', '带薪年假']",3-5年
土建造价负责人,广州众寻企业管理咨询有限公司,中技,10K-15K,"['绩效奖金', '餐补', '加班补助', '全勤奖']",3-5年
食品研发师（广州研发中心）,泰安市海之润食品有限公司,本科,8K-15K,"['五险一金', '绩效奖金', '加班补助', '包住', '餐补']",3-5年
成品质检员,广州经行纵迹家居用品有限公司,中专,3.5K-4.5K,"['节日福利', '绩效奖金', '全勤奖', '缴纳五险', '餐补']",1年以下
大健康驻点员,广州白云山和记黄埔中药有限公司,本科,4K-6.5K,"['带薪年假', '节日福利', '免费班车', '包吃', '五险一金']",不限
CAD绘图员,广州瀚普威环保科技有限公司,学历不限,3K-6K,"['年底双薪', '全勤奖', '带薪年假']",不限
客服人员+奖金,广州市信甄财务咨询有限公司,中专,2K-4K,"['五险一金', '年底双薪', '全勤奖', '绩效奖金', '员工旅游']",1年以下
策划经理/主管,广州新片场文化传媒有限公司,大专,6K-8K,"['弹性工作', '年终分红', '创业公司', '定期团建', '项目奖金']",1-3年
产品经理,广州云移信息科技有限公司,本科,10K-15K,"['五险一金', '弹性工作', '带薪年假', '节日福利', '定期团建']",1-3年
SQE工程师,英联斯特(广州)餐饮设备有限公司,本科,8K-12K,"['周末双休', '五险一金', '员工旅游', '节日福利']",3-5年
文控管理员,广州易航电子有限公司,大专,6K-8K,"['全勤奖', '包吃', '房补', '定期体检']",1-3年
研发,广州白云山和记黄埔中药有限公司,博士,10K-20K,"['带薪年假', '节日福利', '免费班车', '包吃', '五险一金']",不限
检测员（周末双休/五险一金/绩效奖金）,广州海洋汽车零部件有限公司,中专,4K-4.5K,"['五险一金', '绩效奖金', '全勤奖', '房补', '带薪年假']",1-3年
检测技术员,洪崖建筑工程检测有限公司,大专,4K-7K,"['五险一金', '绩效奖金', '包吃', '包住', '交通补助']",不限
一级港口航道建造师（带B证）,金中天水利建设有限公司,大专,15K-20K,"['五险一金', '绩效奖金', '餐补', '带薪年假', '节日福利']",1-3年
珠心算老师,广州市六壹文化传播有限公司,大专,4K-6K,"['绩效奖金', '餐补', '房补', '五险一金', '节日福利']",1-3年
资深品牌设计师,广州差异化品牌管理有限公司,本科,6K-8K,"['五险一金', '年底双薪', '绩效奖金', '全勤奖']",5-10年
自控工程技术人员,广州市捍御者信息科技有限公司,大专,8K-15K,"['五险一金', '包吃', '通讯补助', '带薪年假', '定期体检']",3-5年
电商设计师/设计主管,广州网狐网络科技有限公司,学历不限,8K-10K,"['全勤奖', '包吃', '包住', '绩效奖金', '员工旅游']",1年以下
楼面经理,广州海记餐饮企业管理有限公司,学历不限,6K-8K,"['年底双薪', '绩效奖金', '加班补助', '全勤奖', '包吃']",1-3年
预结算员,广州市层饰建筑装饰设计工程有限公司,大专,6K-9K,"['五险一金', '绩效奖金', '交通补助', '员工旅游', '餐补']",3-5年
游戏客服组长/主管,广州乐牛软件科技有限公司,大专,8K-15K,"['五险一金', '年底双薪', '绩效奖金', '包吃', '交通补助']",1-3年
高薪高福利+感统早教老师,哈利乔感统(广州)儿童智能发展有限公司,大专,6K-8K,"['五险一金', '年底双薪', '绩效奖金', '带薪年假', '弹性工作']",3-5年
医疗类软件测试储备岗,广州市铂桥信息科技有限公司,大专,4.3K-6.5K,"['住房补贴', '五险一金', '不加班', '每年多次调薪', '包住']",不限
品保经理,广州市纳闵电子科技有限公司,大专,8K-12K,"['五险一金', '年底双薪', '绩效奖金', '餐补', '带薪年假']",5-10年
教学主管,广州市八骏宏图教育科技有限公司,本科,8K-16K,"['五险一金', '绩效奖金', '全勤奖', '餐补', '员工旅游']",3-5年
数学老师,广州市花都区雅美佳外语培训中心,本科,6K-12K,"['住房补贴', '五险一金', '绩效奖金', '加班补助', '带薪年假']",不限
QA,广州富瑞健康科技有限公司,大专,4K-6K,"['年底双薪', '绩效奖金', '餐补', '节日福利', '员工旅游']",不限
干线运营经理（周末双休）,广州快兔物流科技有限公司,大专,9K-11K,"['餐补', '节日福利', '五险一金', '年底双薪', '绩效奖金']",5-10年
采购,广州艾乐教育网络科技有限公司,大专,3K-5K,"['五险一金', '员工旅游', '节日福利', '周末双休']",1-3年
分子生物学研发助理,星阵(广州)基因科技有限公司,大专,5K-8K,"['五险一金', '周末双休', '绩效奖金']",不限
安全工程师/安全员/安全管理员 2,深圳市鹏劳人力资源管理有限公司,大专,6K-10K,"['五险一金', '绩效奖金', '提供食宿']",无经验
市场专员,北京方圆众合教育科技有限公司,大专,4K-8K,"['五险一金', '带薪年假', '定期体检', '节日福利', '定期团建']",1-3年
外贸业务员（服装辅料类）(职位编号：994),广州市锐铭施进出口有限公司,大专,6.6K-12.5K,"['五险一金', '全勤奖', '包吃', '包住', '年底双薪']",1-3年
外贸跟单/包吃住/包培训/4k,广东雅格莱灯光音响有限公司,大专,4K-4.5K,"['全勤奖', '包吃', '包住', '补充医疗保险', '节日福利']",1年以下
欧洲出境团队咨询顾问,北京吉途咨询有限公司上海分公司,大专,6K-8K,"['五险一金', '年底双薪', '加班补助', '带薪年假', '补充医疗保险']",不限
南沙招仓库操作员 (MJ001152),广州希音供应链管理有限公司,学历不限,5K-7K,"['五险一金', '绩效奖金', '餐补', '带薪年假', '加班补助']",不限
企业培训师,深圳市中教文化传播有限公司广州分公司,大专,6K-8K,"['五险一金', '年底双薪', '加班补助', '交通补助', '全勤奖']",1年以下
化妆品配方工程师,广州市海诗生物科技有限公司,大专,10K-15K,[],无经验
测量技术负责人（市政分公司）,广州建通测绘地理信息技术股份有限公司,本科,8K-12K,"['五险一金', '绩效奖金', '定期体检', '节日福利', '高温补贴']",3-5年
亚马逊运营助理/专员,广州市壹敏信科技有限公司,大专,6K-8K,['创业公司'],不限
cocos2d-x 开发工程师,广州汶颢信息技术有限公司,大专,10K-15K,"['五险一金', '年底双薪', '绩效奖金', '全勤奖', '弹性工作']",1-3年
诚聘跨境电商美工/网页设计,广州市徽翔电子科技有限公司,大专,4K-6K,"['节日福利', '员工旅游', '不加班', '五险一金', '绩效奖金']",1-3年
不动产项目经理,广州建通测绘地理信息技术股份有限公司,大专,5K-10K,"['五险一金', '绩效奖金', '餐补', '定期体检', '员工旅游']",3-5年
项目经理,广州建通测绘地理信息技术股份有限公司,大专,6K-12K,"['五险一金', '绩效奖金', '餐补', '定期体检', '员工旅游']",3-5年
装配/总装/组装/接线,广州市暨华医疗器械有限公司,中技,5K-8K,"['五险一金', '餐补', '通讯补助', '带薪年假', '定期体检']",不限
营业（日语）,广州关西涂料有限公司,大专,5K-10K,"['五险一金', '绩效奖金', '全勤奖', '带薪年假', '补充医疗保险']",不限
品质经理/物业经理,广州普诚物业经营管理有限公司,大专,9K-12K,"['五险一金', '绩效奖金', '通讯补助', '带薪年假', '定期体检']",5-10年
ebay电商销售、运营,广州丰知永科技有限公司,大专,4K-6K,"['全勤奖', '带薪年假', '节日福利']",不限
采购跟单,广州市白云清洁用品有限公司,大专,4K-6K,"['包住', '餐补', '社保', '节日福利', '工作居住证']",不限
客服主管,广州壹零软件技术有限公司,大专,6K-8K,"['五险一金', '带薪年假', '定期体检', '员工旅游', '定期团建']",3-5年
电子商务教师,广州市蓝天技工学校,本科,4.5K-8K,"['保险', '定期体检', '免费班车', '高温补贴', '周末双休']",不限
大客户经理（五险一金）,广州快兔物流科技有限公司,大专,15K-20K,"['五险一金', '年底双薪', '餐补', '带薪年假', '节日福利']",1-3年
食品研发工程师（单双休，底薪+提成，享受国内外旅游）,广州市珠江莲蓉食品有限公司,本科,10K-15K,"['五险一金', '包吃', '包住', '通讯补助', '加班补助']",3-5年
包材采购员,广州市锐铭施进出口有限公司,学历不限,4K-5.5K,"['五险一金', '全勤奖', '包吃', '包住', '年底双薪']",1-3年
物业管家,华南区中海物业管理公司,大专,4.3K-6K,"['五险一金', '绩效奖金', '包吃', '带薪年假', '员工旅游']",1-3年
广州分公司 项目技术总工,青岛温泉建设集团有限公司,大专,10K-12K,"['五险一金', '包住', '带薪年假', '定期体检', '绩效奖金']",3-5年
汽车销售5000+番禺大北路,广州东有正汽车销售有限公司,高中,4K-6K,"['每年多次调薪', '年底双薪', '餐补', '包住', '带薪年假']",不限
QA主管,广州威溶特医药科技有限公司,本科,8K-10K,"['五险一金', '交通补助', '带薪年假', '定期体检', '年底双薪']",3-5年
汽车类系统测试工程师储备岗,广州市铂桥信息科技有限公司,大专,4K-6.3K,"['住房补贴', '五险一金', '不加班', '每年多次调薪', '带薪年假']",1年以下
