销售代表（大小周，培训体系完善晋升快，五险）,广州捷开五金制品有限公司,学历不限,6K-8K,"['年底双薪', '绩效奖金', '全勤奖', '带薪年假', '节日福利']",1-3年
体系专员,广州淘思塔贸易有限公司,大专,6K-8K,"['每年多次调薪', '全勤奖', '高温补贴', '餐补']",不限
KA销售经理（自然派集团KA体系）,深圳市晋年贸易有限公司,学历不限,15K-20K,[],不限
体系专员,广东得源能源物流发展股份有限公司,大专,4K-6K,"['包住', '节日福利', '加班补助', '免费班车', '员工旅游']",不限
体系工程师,广州由我科技股份有限公司,大专,6K-8K,"['包住', '节日福利', '员工旅游', '带薪年假', '周末双休']",3-5年
广州KA销售代表（自然派集团--KA体系）,深圳市晋年贸易有限公司,大专,6K-8K,[],3-5年
体系工程师,广州市白云清洁用品有限公司,大专,7K-9K,"['包住', '餐补', '五险', '节日福利', '工作居住证']",3-5年
营运督导（广州区直营体系）,深圳市晋年贸易有限公司,大专,5K-7K,"['五险一金', '绩效奖金', '带薪年假']",5-10年
体系专员,广州市香雪制药股份有限公司,大专,4.5K-7.5K,"['五险一金', '绩效奖金', '带薪年假', '节日福利', '周末双休']",1-3年
质量体系工程师,广州健新科技股份有限公司,本科,6K-8.5K,"['五险一金', '包吃', '高温补贴', '节日福利', '定期体检']",1-3年
体系审核员,北京鉴衡认证中心有限公司,本科,7K-10K,"['五险一金', '节日福利', '定期体检', '定期团建', '交通补助']",不限
体系工程师,广州迪澳生物科技有限公司,本科,5K-8K,"['五险一金', '交通补助', '餐补', '带薪年假', '定期体检']",不限
质量体系工程师,广州智择电子科技有限公司,大专,6K-10K,"['五险一金', '加班补助', '餐补', '房补', '带薪年假']",3-5年
底薪6k买社保/名企直招销售管培生,贝壳找房(北京)科技有限公司,大专,10K-15K,"['绩效奖金', '弹性工作', '五险一金', '定期体检', '定期团建']",不限
软件销售专员,广州闻乐教育科技有限公司,中专,4K-5K,"['绩效奖金', '带薪年假', '通讯补助']",1-3年
3D建模讲师＋五险一金＋提供住宿P,广州潭州教育网络科技有限公司,大专,4K-6K,"['五险一金', '绩效奖金', '带薪年假', '节日福利', '住房补贴']",不限
客户关系专员/主管,融创(深圳)房地产有限公司,本科,10K-15K,"['五险一金', '商业险', '年度体检', '年终奖', '周末双休']",3-5年
区域销售经理,广州闻乐教育科技有限公司,大专,6K-11K,"['绩效奖金', '带薪年假', '创业公司', '员工旅游', '通讯补助']",1-3年
软件销售实习生,广州闻乐教育科技有限公司,大专,4K-5K,"['绩效奖金', '带薪年假', '补充医疗保险', '通讯补助']",不限
项目经理,广州美品苏打网络科技有限公司,本科,15K-25K,"['免费班车', '员工旅游', '健身俱乐部', '公司重点项目', '定期团建']",3-5年
客户经理,广州银点通网络科技有限公司,学历不限,6K-8K,"['节日福利', '定期团建', '五险一金', '年终分红', '周末双休']",不限
广州质控专员,海南飞迅达电子商务有限公司,学历不限,4K-6K,"['五险一金', '全勤奖', '带薪年假']",不限
英语教师4-6名（幼儿/小学/初中）,广州市番禺区优越教育培训中心,大专,3.5K-7K,"['五险一金', '绩效奖金', '年终分红', '节日福利', '带薪年假']",不限
商业地产顾问（广州国际金融中心分部销售代表）,深圳盛勤商业地产代理有限公司,学历不限,4K-8K,"['年底双薪', '绩效奖金', '全勤奖', '带薪年假', '定期体检']",1-3年
交易员（公司提供资金）,广州一篮子信息科技有限公司,大专,15K-20K,"['定期团建', '周末双休', '不加班', '节日福利', '弹性工作']",1-3年
环境技术支持,广东万德检测技术股份有限公司,本科,6K-8K,"['包住', '餐补', '带薪年假', '节日福利', '五险一金']",1-3年
底薪加房补四千起/金沙洲/房产销售顾问,贝壳找房(北京)科技有限公司,学历不限,4K-8K,"['带薪年假', '弹性工作', '绩效奖金', '通讯补助', '房补']",无经验
产品开发助理/专员,广州米烁贸易有限公司,大专,4K-8K,"['全勤奖', '周末双休', '年终分红', '绩效奖金', '加班补助']",不限
底薪5k+各种福利+团队活动+贝壳大平台房,贝壳找房(北京)科技有限公司,学历不限,6K-8K,"['五险一金', '带薪年假', '弹性工作', '补充医疗保险']",不限
客服,广州良一仓网络科技有限公司,中专,4K-6K,"['全勤奖', '带薪年假', '节日福利', '购买五险']",不限
行政前台,广州玳尔化妆品有限公司,中专,2K-4K,"['年底双薪', '带薪年假', '节日福利', '周末双休', '不加班']",不限
网店客服（上下班不打卡）,广州埃自造网络科技有限公司,中专,6K-8K,"['弹性工作', '节日福利', '带薪年假', '员工旅游', '五险']",1年以下
微生物检测员,广东万德检测技术股份有限公司,大专,4K-8K,"['餐补', '带薪年假', '节日福利', '五险一金', '包住']",1-3年
房地产置业顾问/网络销售-就近安排-高提成,贝壳找房(北京)科技有限公司,学历不限,10K-15K,"['五险一金', '绩效奖金', '定期体检', '弹性工作', '节日福利']",不限
链家置业顾问-有灵魂有自我的网络销售,贝壳找房(北京)科技有限公司,学历不限,8K-10K,"['绩效奖金', '带薪年假', '员工旅游', '定期团建', '五险一金']",不限
房建项目副经理（兼总工）（五险一金+包吃包住）,广东航鑫咨询有限公司,大专,8K-12K,"['五险一金', '绩效奖金', '全勤奖', '包吃', '包住']",5-10年
java开发工程师（中级）,广州赛森软件开发有限公司,大专,8K-12K,"['五险一金', '年底双薪', '绩效奖金', '员工旅游']",1-3年
HRBP,广州云移信息科技有限公司,本科,6K-8K,"['带薪年假', '节日福利', '五险一金', '扁平管理', '氛围好']",1-3年
QC主管,广州泛恩生物科技有限公司,本科,8.5K-15K,"['创业公司', '周末双休', '五险一金', '绩效奖金', '带薪年假']",3-5年
电子工程师/技术员,广州市森跃电子有限公司,学历不限,4K-8K,"['五险一金', '年底双薪', '绩效奖金', '年终分红', '包吃']",不限
诚聘旅游顾问---【南湖国旅】,广州南湖粤途国际旅行社有限公司,学历不限,8K-10K,"['带团队', '员工旅游', '弹性工作']",不限
采样工程师,广东万德检测技术股份有限公司,大专,4K-8K,"['五险一金', '包住', '餐补', '带薪年假', '通讯补助']",不限
销售代表（底薪4000+高提成+周末双休）,广东鼎信卓越企业管理有限公司,大专,8K-10K,"['五险一金', '周末双休', '全勤奖', '绩效奖金', '不加班']",1-3年
外派财务总监（广州增城）,银龙水务投资有限公司,大专,10K-15K,"['五险一金', '年终分红', '包住', '包吃', '弹性工作']",5-10年
高级猎头顾问,广州市科飞特营养健康咨询有限公司,本科,16K-25K,"['五险一金', '绩效奖金', '年终分红', '加班补助', '全勤奖']",3-5年
网络推广,广州银佰翔投资咨询有限公司,本科,15K-20K,"['五险一金', '全勤奖', '包吃', '绩效奖金']",1-3年
销售/业务员（大专应届生优先）,广州森农食品有限公司,大专,8K-10K,"['五险一金', '包吃', '包住', '全勤奖', '餐补']",无经验
国内市场销售代表,广东利宸进出口有限公司,大专,15K-20K,"['五险一金', '绩效奖金', '周末双休', '节日福利', '带薪年假']",不限
环境监测采样人员,广东粤风环保有限公司,大专,4K-7K,"['周末双休', '包吃', '带薪年假', '员工旅游', '补充医疗保险']",不限
储备干部/储备经理+住宿+带薪培训+内部晋升,广州星火世纪网络科技有限公司,学历不限,8K-10K,"['年底双薪', '绩效奖金', '包住', '带薪年假', '弹性工作']",不限
文案策划,广州天橙广告有限公司,学历不限,4K-6K,"['社保', '包吃', '全勤奖', '年底双薪', '节日福利']",1-3年
信息流优化师,广州九淘信息科技有限公司,大专,6K-8K,"['绩效奖金', '全勤奖', '弹性工作', '节日福利', '员工旅游']",1-3年
客服 （有提成、分红）,广东亿卡付信息技术有限公司,学历不限,4K-6K,"['社保', '绩效奖金', '全勤奖', '员工旅游', '创业公司']",无经验
安全员（驻项目）,广东永和建设集团有限公司,中专,6K-8K,"['五险一金', '绩效奖金', '加班补助', '全勤奖', '带薪年假']",3-5年
亚马逊产品开发专员（地铁上盖）,广州莲荃电子产品有限公司,大专,6K-10K,"['周末双休', '五险一金', '绩效奖金']",1-3年
电话客服,广州银点通网络科技有限公司,学历不限,6K-8K,"['节日福利', '定期团建', '五险一金', '绩效奖金', '周末双休']",不限
人事专员包吃住,广州嘉茂信汽车用品有限公司,大专,3K-3.5K,"['包吃', '包住', '不加班', '全勤奖']",1-3年
导购,广东亚材门窗幕墙有限公司,中专,3.5K-7K,"['弹性工作', '带薪年假', '五险一金', '定期团建', '每年多次调薪']",不限
网络营销/提供住宿/3.5K＋五险一金,广州潭州教育网络科技有限公司,中专,4K-6K,"['五险一金', '绩效奖金', '带薪年假', '节日福利', '住房补贴']",不限
电话销售,金账本会计服务(广东)有限公司,学历不限,5K-10K,"['五险一金', '每年多次调薪', '公司重点项目', '定期团建', '绩效奖金']",不限
大学城高薪诚聘快递员+免费配车,德邦物流股份有限公司,高中,5K-8K,"['高温补贴', '绩效奖金', '弹性工作', '交通补助', '带薪年假']",不限
越秀区高薪诚聘快递员+免费配车,德邦物流股份有限公司,学历不限,5K-8K,"['高温补贴', '绩效奖金', '弹性工作', '交通补助', '带薪年假']",不限
西塱鹤洞大桥高薪诚聘快递员+免费配车,德邦物流股份有限公司,学历不限,5K-8K,"['高温补贴', '绩效奖金', '弹性工作', '交通补助', '带薪年假']",不限
 包住销售助理/市场营销/推广专员/业务员,广州智联房地产有限公司,高中,6K-10K,"['五险一金', '绩效奖金', '交通补助', '带薪年假', '员工旅游']",不限
环境评价技术员,广东恩维乐环境科技有限公司,大专,3.5K-5K,"['五险一金', '餐补', '加班补助', '绩效奖金', '创业公司']",不限
销售咨询（均薪8000+准上市公司）超好工作气氛,升学教育,大专,8K-15K,"['五险一金', '绩效奖金', '带薪年假', '弹性工作', '员工旅游']",不限
招生老师（底薪+高提成+带薪年假）,广州艾雯思教育信息咨询有限公司,学历不限,4K-6K,"['节日福利', '五险一金', '绩效奖金', '年终分红', '全勤奖']",不限
会计老师,金账本会计服务(广东)有限公司,大专,4.5K-9K,"['五险一金', '每年多次调薪', '公司重点项目', '定期团建', '绩效奖金']",1-3年
急聘行政助理,广州本至装饰设计有限公司,大专,3K-4K,"['年底双薪', '五险一金', '全勤奖', '带薪年假', '员工旅游']",不限
原油交易员,广州添利投资有限责任公司,学历不限,30K-50K,"['五险一金', '绩效奖金', '带薪年假', '弹性工作', '交通补助']",不限
招商经理,金账本会计服务(广东)有限公司,学历不限,5K-10K,"['五险一金', '每年多次调薪', '公司重点项目', '定期团建', '绩效奖金']",不限
合伙创业英语老师,韶关市十五分钟教育科技有限公司,本科,10K-20K,"['包住', '年终分红', '员工旅游']",不限
人力资源经理/人事行政经理,广州森农食品有限公司,大专,6K-10K,"['包吃', '包住', '绩效奖金', '通讯补助', '社保五险']",3-5年
客户代表,广州市音桥电子科技有限公司,中专,3K-6K,"['五险一金', '绩效奖金', '加班补助', '全勤奖', '包住']",不限
行政人事主管,广东领卓能源科技有限公司,大专,4K-7K,"['五险一金', '餐补', '带薪年假', '创业公司']",不限
财务经理,广州市妙佩品牌管理有限公司,大专,7K-10K,"['五险一金', '包吃住', '员工旅游', '绩效奖金', '年底双薪']",1-3年
线下拓展运营6000起,广州摩尚优品科技有限公司,大专,6K-8K,"['五险一金', '绩效奖金', '节日福利', '员工旅游', '包住']",1年以下
金沙洲广佛资源/高底薪/五险房产销售,贝壳找房(北京)科技有限公司,学历不限,10K-15K,"['绩效奖金', '带团队', '定期团建', '带薪年假', '全勤奖']",不限
实验室助理,北京莱盟君泰国际医疗技术开发有限公司,大专,6K-8K,"['五险一金', '周末双休', '带薪年假', '节日福利', '补充医疗保险']",1-3年
IFA独立理财规划师,深圳市前海辰宇投资咨询有限公司,本科,8K-10K,"['创业公司', '14薪', '五险一金', '员工旅游', '弹性工作']",不限
课程顾问,优势体育(深圳)有限公司,大专,8K-13K,"['五险一金', '通讯补助', '餐补', '弹性工作', '高温补贴']",不限
业务助理,广州市博展展览有限公司,中专,6K-8K,"['包住', '绩效奖金', '员工旅游', '节日福利', '五险一金']",不限
销售助理,广州粤纵置业有限公司,学历不限,4K-6K,"['五险一金', '绩效奖金', '通讯补助', '带薪年假', '住房补贴']",不限
储备主管（双休+高提成）,中国人寿保险股份有限公司广州市黄埔支公司周汉森营业部,中技,8K-10K,"['绩效奖金', '周末双休', '项目奖金', '带团队', '出国游']",不限
抗震支架销售经理,深圳市固耐达科技有限公司,本科,10K-15K,"['五险一金', '绩效奖金', '年终分红', '餐补', '项目奖金']",1-3年
java中级开发工程师,广州好酷信息科技有限公司,大专,12K-15K,"['五险一金', '绩效奖金', '加班补助', '全勤奖', '交通补助']",3-5年
人事部副主任,广州百视通眼镜有限公司,大专,5K-7K,"['全勤奖', '通讯补助', '带薪年假', '节日福利', '不加班']",1-3年
药店店长,国药控股广州有限公司,大专,6K-8K,"['五险一金', '绩效奖金', '交通补助', '通讯补助', '带薪年假']",1-3年
硬笔字书法老师,广州市黄埔区鑫峰室内儿童游艺厅,大专,6K-8K,"['包住', '包吃', '全勤奖', '通讯补助']",不限
采购,广州泛恩生物科技有限公司,大专,5K-8K,"['五险一金', '房补', '带薪年假', '创业公司', '周末双休']",1-3年
理财顾问,深圳市前海辰宇投资咨询有限公司,本科,6K-8K,"['创业公司', '14薪', '五险一金', '员工旅游', '弹性工作']",不限
工控类电子 硬件工程师,广州得麦电子科技有限公司,本科,12K-15K,"['定期体检', '节日福利', '定期团建', '弹性工作', '带薪年假']",3-5年
商标代理人,金账本会计服务(广东)有限公司,学历不限,4K-8K,"['五险一金', '每年多次调薪', '公司重点项目', '定期团建', '绩效奖金']",不限
高级预算员（安装）,广州众为工程咨询有限公司,本科,5.8K-10K,"['节日福利', '五险一金', '绩效奖金', '全勤奖', '交通补助']",3-5年
今日头条广告销售,北京字节跳动科技有限公司,大专,8K-14K,"['六险一金', '餐补', '节日福利', '每年多次调薪', '试用期全额']",不限
qa质量管理,广州泛恩生物科技有限公司,本科,6.5K-10K,"['创业公司', '周末双休', '五险一金', '绩效奖金', '带薪年假']",3-5年
留学文案（周末双休）,广州藤路教育信息咨询有限公司,本科,6K-8K,"['周末双休', '五险一金', '节日福利']",1-3年
总经理助理/总助/总裁助理（五险一金）,广州欧诺洁个人护理用品有限公司,大专,6K-10K,"['五险一金', '绩效奖金', '全勤奖', '餐补', '带薪年假']",3-5年
质量负责人,广东万洋药业有限公司,大专,8K-10K,"['年底双薪', '全勤奖', '包吃', '包住', '员工旅游']",3-5年
健康管理师,广州怀众健康科技有限公司,大专,5K-10K,"['五险一金', '年底双薪', '绩效奖金', '交通补助', '带薪年假']",1-3年
外贸采购,广州和百亮国际贸易有限公司,大专,4K-6K,"['节日福利', '带薪年假', '餐补', '加班补助', '五险一金']",1-3年
嵌入式硬件工程师 生产管理,广州得麦电子科技有限公司,大专,10K-12K,"['定期体检', '节日福利', '定期团建', '弹性工作', '带薪年假']",5-10年
招商经理,广州市小柠檬体育发展有限公司,大专,4K-8K,"['全勤奖', '高温补贴', '五险一金', '创业公司', '免费班车']",1-3年
品牌经理,广州中扬生物科技有限公司,大专,8K-15K,"['绩效奖金', '年底双薪', '员工旅游', '大牛带队', '全勤奖']",1-3年
1688诚信通运营,广州市韩妃化妆品有限公司,大专,5K-6.5K,"['包吃', '包住', '员工旅游', '节日福利', '弹性工作']",1-3年
项目专员/助理（双休+五险）,广东好又贷互联网信息服务有限公司,大专,4K-6K,"['五险一金', '绩效奖金', '加班补助', '带薪年假', '定期体检']",1-3年
金融衍生品交易员,广州一篮子信息科技有限公司,大专,8K-10K,"['定期团建', '周末双休', '不加班', '节日福利', '弹性工作']",1年以下
财务主管,广州樟木网络科技有限公司,本科,4K-6K,"['周末双休', '社保']",3-5年
【贝壳找房】旗下房产经纪人（高底薪+提成/可应届,贝壳找房(北京)科技有限公司,中专,7K-10K,"['五险一金', '绩效奖金', '带薪年假', '员工旅游', '弹性工作']",不限
需求分析师,南京擎盾信息科技有限公司,本科,8K-15K,"['五险一金', '定期体检', '全勤奖', '周末双休']",3-5年
云业务销售实习生,广东瑞普科技股份有限公司,大专,3K-4K,"['节日福利', '五险一金', '绩效奖金', '带薪年假', '周末双休']",无经验
中小学语文老师（线上教学+双休）,广州市易智职业技能培训有限公司,本科,6K-8K,"['绩效奖金', '带薪年假', '员工旅游', '节日福利', '六险一金']",不限
人事主管,广州由我科技股份有限公司,大专,8K-10K,"['包住', '节日福利', '员工旅游', '带薪年假', '周末双休']",3-5年
旅游销售,广东省中国青年旅行社沿江中路分社,大专,8K-10K,"['绩效奖金', '餐补', '弹性工作', '定期体检', '周末双休']",1-3年
外贸销售助理,广州和百亮国际贸易有限公司,大专,4K-6K,"['交通补助', '节日福利', '带薪年假', '餐补', '加班补助']",不限
培训师讲师,广州欧诺洁个人护理用品有限公司,大专,8K-10K,"['五险一金', '全勤奖', '餐补', '弹性工作', '带薪年假']",1-3年
网络客服（地铁直达）,广州埃自造网络科技有限公司,中专,6K-8K,"['弹性工作', '节日福利', '带薪年假', '员工旅游', '五险']",1年以下
全盘会计（地铁直达）,广州埃自造网络科技有限公司,大专,6K-8K,"['弹性工作', '节日福利', '带薪年假', '员工旅游', '五险']",1-3年
销售代表,贝壳找房(北京)科技有限公司,中专,8K-10K,"['五险一金', '绩效奖金', '带薪年假', '员工旅游', '节日福利']",无经验
【底薪4K】销售顾问/金沙洲上班,贝壳找房(北京)科技有限公司,中专,4K-8K,"['绩效奖金', '弹性工作', '带薪年假', '定期体检', '员工旅游']",无经验
贝壳-链家6000底薪+高提成/房地产销售,贝壳找房(北京)科技有限公司,大专,8K-10K,"['员工旅游', '大牛带队', '项目奖金', '定期团建', '五险一金']",不限
测绘助理（双休+高薪）,广东南粤房地产土地资产评估与规划测绘有限公司,大专,8K-10K,"['五险一金', '绩效奖金', '餐补', '交通补助', '通讯补助']",1-3年
质量负责人,广州赛晖检测技术有限公司,大专,8K-10K,"['住房补贴', '五险一金', '绩效奖金', '不加班', '全勤奖']",1-3年
底薪7200诚招实习销售+小区宿舍,深圳市乐有家控股集团有限公司,大专,9K-12K,"['五险一金', '绩效奖金', '房补', '餐补', '交通补助']",不限
施工员,深圳金德诚建设有限公司,学历不限,5K-9K,"['五险一金', '包吃', '包住', '交通补助', '餐补']",1-3年
java高级工程师,广东南方海岸科技服务有限公司,大专,8K-15K,"['五险一金', '年底双薪', '绩效奖金', '餐补', '带薪年假']",3-5年
人事助理（固定双休非销售）,中国人寿保险股份有限公司广州市分公司第七营销服务部,中专,4K-6K,"['节日福利', '不加班', '员工旅游', '补充医疗保险']",不限
原画讲师＋五险一金＋提供住宿P,广州潭州教育网络科技有限公司,大专,4K-6K,"['五险一金', '绩效奖金', '带薪年假', '节日福利', '住房补贴']",不限
产品经理,南京擎盾信息科技有限公司,本科,8K-14K,"['五险一金', '定期体检', '全勤奖', '周末双休']",3-5年
方案设计师,广州本至装饰设计有限公司,本科,5K-8K,"['年底双薪', '五险一金', '全勤奖', '带薪年假', '员工旅游']",3-5年
项目经理PM（售前顾问，CRM产品）,广州鼎资软件科技有限公司,本科,16K-30K,"['五险一金', '年底双薪', '绩效奖金', '股票期权', '餐补']",3-5年
促销主管,广州茂德公文化传播有限公司,中专,6K-8K,"['年底双薪', '定期体检', '带薪年假', '员工旅游', '包中餐包住']",1-3年
早教中心  课程顾问（招生）,广东古格集团有限公司,大专,3.5K-7K,"['员工旅游', '五险一金', '带薪年假', '全勤奖', '节日福利']",不限
日语讲师（住宿+五险一金+绩效+可应届生）sy,广州潭州教育网络科技有限公司,学历不限,8K-10K,"['五险一金', '绩效奖金', '节日福利', '员工旅游', '带薪试岗']",不限
文案策划,广州市茶甘生物科技有限公司,大专,6K-8K,"['五险一金', '带薪年假', '节日福利', '绩效奖金', '通讯补助']",1-3年
行政人事经理,和聚产业控股有限公司,本科,8K-15K,"['五险一金', '年底双薪', '绩效奖金', '全勤奖', '加班补助']",1-3年
急聘前台主管/大堂经理,广州韩妃医学美容门诊部有限公司,大专,5K-7K,"['每年多次调薪', '五险一金', '绩效奖金', '包吃', '餐补']",3-5年
保险代理人客户经理,中国人民人寿保险股份有限公司广州分公司黄埔区支公司新立方部,中专,10K-15K,"['绩效奖金', '全勤奖', '弹性工作', '不加班', '无试用期']",不限
HRBP(研发),广东珠江智联信息科技股份有限公司,本科,6K-9K,"['周末双休', '五险一金', '绩效奖金', '餐补', '带薪年假']",1-3年
产品金融部-业务总监,国泰君安证券股份有限公司广东分公司,本科,20K-30K,"['五险一金', '绩效奖金', '周末双休', '节日福利', '带薪年假']",5-10年
售前/产品经理（研学、文旅、物流海运）,广州天源信息科技股份有限公司,本科,15K-22K,"['五险一金', '带薪年假', '节日福利', '带团队', '周末双休']",3-5年
急聘速卖通运营/外贸业务员 -地铁口,广州凯拓汽车配件有限公司,大专,4K-8K,"['绩效奖金', '年终分红', '员工旅游', '带薪年假', '节日福利']",不限
数据分析顾问(需求分析),智联招聘,本科,6K-8K,"['五险一金', '年底双薪', '带薪年假', '补充医疗保险', '定期体检']",不限
设计经理,广州市蔻波生物科技有限公司,本科,8K-10K,"['五险一金', '年底双薪', '全勤奖', '带薪年假', '补充医疗保险']",3-5年
云业务销售顾问,广东瑞普科技股份有限公司,大专,8K-10K,"['节日福利', '五险一金', '绩效奖金', '带薪年假', '周末双休']",1-3年
海外投放,广州市智蓝电子商务有限公司,大专,5K-10K,"['每年多次调薪', '五险一金', '绩效奖金', '全勤奖', '带薪年假']",1-3年
底薪6k买社保/名企直招销售管培生,贝壳找房(北京)科技有限公司,大专,10K-15K,"['五险一金', '绩效奖金', '房补', '带薪年假', '弹性工作']",不限
钢琴中心校长（南沙）,广州市易弹信息服务有限公司,本科,15K-20K,"['五险一金', '带薪年假', '定期体检', '节日福利', '员工活动']",5-10年
急聘销售+高提成+包吃住,广州妙膳餐饮管理服务有限公司,学历不限,6K-8K,"['包住', '包吃', '房补', '全勤奖', '年底双薪']",不限
大客户销售（林和西+双休+五险一金）,北京大成方略纳税人俱乐部有限公司广东分公司,中技,6K-8K,"['周末双休', '五险一金', '年底双薪', '餐补', '带薪年假']",1-3年
.net高级工程师,广州市新橙信息科技有限公司,大专,10K-16K,"['五险一金', '年底双薪', '包住', '餐补', '带薪年假']",3-5年
电话销售无责底薪4900+提成（包五险一金）,深圳市乐有家控股集团有限公司,大专,8K-16K,"['五险一金', '绩效奖金', '带薪年假', '弹性工作', '每年多次调薪']",不限
分销主管,广州市音桥电子科技有限公司,学历不限,5K-10K,"['五险一金', '绩效奖金', '加班补助', '包住', '通讯补助']",1-3年
淘宝售前客服,广州小成电子商务有限公司,中专,3K-5K,"['五险一金', '绩效奖金', '加班补助', '全勤奖', '包吃']",1-3年
招聘绩效专员,广州肌润生物科技有限公司,大专,5K-7K,"['定期团建', '节日福利', '每年多次调薪', '弹性工作', '年终分红']",1-3年
安全工程师,深圳市朗坤环境集团股份有限公司,大专,8K-10K,"['绩效奖金', '包住', '餐补', '通讯补助', '带薪年假']",3-5年
会计（五险+地铁口）,金账本会计服务(广东)有限公司,学历不限,2K-4K,"['五险一金', '每年多次调薪', '公司重点项目', '定期团建', '绩效奖金']",不限
业务管理岗,平安普惠投资咨询有限公司广州东风东路分公司,本科,8K-10K,"['五险一金', '员工旅游', '定期团建', '定期体检']",1-3年
资产保全部经理,融捷投资控股集团有限公司,大专,10K-15K,"['五险一金', '绩效奖金', '餐补', '通讯补助', '节日福利']",5-10年
BD拓展,广州银点通网络科技有限公司,学历不限,6K-8K,"['节日福利', '定期团建', '五险一金', '周末双休', '全勤奖']",不限
钢琴老师（海珠区总校）,珠江钢琴艺术中心,大专,8K-10K,"['五险一金', '绩效奖金', '员工旅游', '带薪年假', '节日福利']",1-3年
急聘硬装设计助理,广州本至装饰设计有限公司,大专,3.5K-6K,"['每年多次调薪', '全勤奖', '加班补助', '绩效奖金', '年底双薪']",不限
质量部经理,广东国药医药有限公司,大专,5K-6.5K,[],1-3年
品牌客户经理（广州）,大家智合(北京)网络科技股份有限公司,大专,12K-22K,[],3-5年
污水处理工程师,广东恩维乐环境科技有限公司,大专,4K-6K,"['五险一金', '餐补', '加班补助', '绩效奖金', '创业公司']",不限
项目专员,赛业(广州)生物科技有限公司,本科,6K-8K,"['五险一金', '年底双薪', '绩效奖金', '交通补助', '餐补']",不限
人事专员,金账本会计服务(广东)有限公司,学历不限,3K-6K,"['五险一金', '每年多次调薪', '公司重点项目', '定期团建', '绩效奖金']",不限
销售（底薪&amp;提成&amp;分红）,广东亿卡付信息技术有限公司,学历不限,4K-6K,"['社保', '绩效奖金', '全勤奖', '员工旅游', '创业公司']",无经验
销售经理,广州市睿盈化妆品有限公司,大专,6K-8K,"['五险一金', '绩效奖金', '加班补助', '全勤奖', '交通补助']",3-5年
外贸运营/阿里巴巴国际站运营/自主网站运营 （提成+五险）双休,广州浩同信息技术有限公司,大专,10K-15K,"['五险一金', '年底双薪', '带薪年假', '绩效奖金', '员工旅游']",1-3年
活动运营（弹性工作）,广州埃自造网络科技有限公司,中专,6K-8K,"['弹性工作', '节日福利', '带薪年假', '社保', '员工旅游']",1-3年
运营督导总监,广州百援精养汽车服务有限公司,大专,8K-12K,"['弹性工作', '绩效奖金', '定期体检']",5-10年
金融销售（底薪4500+各项福利）,宜信普惠信息咨询(北京)有限公司广州中泰国际广场分公司,大专,6K-8K,"['周末双休', '带薪年假', '弹性工作', '五险一金', '餐补']",不限
成本会计,广州市永鸿表业技术发展有限公司,大专,6K-8K,"['定期体检', '员工旅游', '节日福利', '全勤奖', '带薪年假']",3-5年
大客户代表 名校同事+9K底薪+房补快晋升 J10288,居理新房,本科,10K-15K,"['高学历同事', '9k起薪', '500房补', '电商平台', '双线晋升']",不限
销售经理,广州市雄瀚建材有限公司,学历不限,8K-10K,"['五险一金', '不加班', '出国游', '试用期全额', '员工旅游']",1-3年
客户经理+包餐+双休,德晟(广州)投资咨询有限公司,大专,6K-9K,"['周末双休', '包吃', '节日福利', '员工旅游', '绩效奖金']",1-3年
售前顾问,广州市泰富信通科技有限公司,大专,12K-18K,"['全勤奖', '交通补助', '通讯补助', '带薪年假', '绩效奖金']",3-5年
客户经理+带薪培训+内部晋升+免费住宿,广州星火世纪网络科技有限公司,学历不限,5K-10K,"['五险一金', '员工旅游', '弹性工作', '节日福利', '绩效奖金']",不限
设计师/电商设计师,广州小成电子商务有限公司,大专,8K-10K,"['五险一金', '定期体检', '员工旅游', '年底双薪', '包吃']",1-3年
人事主管,广州市高老庄商贸有限公司,大专,6K-8K,"['包吃', '节日福利', '健身俱乐部', '房补']",3-5年
销售精英 名校同事9K底薪+房补+晋升快 J10288,居理新房,本科,10K-15K,"['高学历同事', '9k起薪', '500房补', '电商平台', '双线晋升']",不限
人力资源助理,中国人寿保险股份有限公司广州市黄埔支公司周汉森营业部,大专,4K-6K,"['绩效奖金', '补充医疗保险', '定期体检', '周末双休']",不限
天河区销售储干 底薪5K起  五险一金,深圳市乐有家控股集团有限公司,大专,8K-10K,"['五险一金', '绩效奖金', '房补', '餐补', '通讯补助']",不限
销售代表/餐饮BD,客如云科技(成都)有限责任公司广州分公司,大专,8K-10K,"['五险一金', '绩效奖金', '员工旅游', '每年多次调薪', '节日福利']",1年以下
IOS工程师,深圳菲梵仙子化妆品有限公司,大专,10K-15K,"['五险一金', '股票期权', '年终分红', '绩效奖金', '出国游']",3-5年
管理培训生 管理实习生 应届毕业生,广州星火世纪网络科技有限公司,学历不限,8K-10K,"['五险一金', '绩效奖金', '年终分红', '包住', '弹性工作']",不限
底薪6k买社保/名企直招销售管培生,贝壳找房(北京)科技有限公司,大专,10K-15K,"['五险一金', '绩效奖金', '弹性工作', '定期体检', '节日福利']",不限
产品管理专员,广州市乐华鸿盛贸易有限公司,大专,6K-12K,"['全勤奖', '绩效奖金', '弹性工作', '节日福利', '员工旅游']",1-3年
广发银行诚聘电话销售经理（广州）,广发银行股份有限公司信用卡中心,大专,5K-8K,"['五险一金', '绩效奖金', '带薪年假', '补充医疗保险', '定期体检']",不限
文员,广州市汉康铧仓储设备有限公司,大专,4K-6K,"['五险一金', '绩效奖金', '包住', '包吃', '定期体检']",1-3年
内容运营/主管,广州市瑞尔服饰有限公司,大专,6K-12K,"['五险', '年底双薪', '全勤奖', '员工旅游', '节日福利']",1-3年
人事实习生,广东珠江智联信息科技股份有限公司,大专,2K-3K,"['周末双休', '五险一金', '绩效奖金', '餐补', '带薪年假']",无经验
销售跟单员（月入6000以 上  包住）,广州市纵望智能科技有限公司,学历不限,6K-10K,"['绩效奖金', '全勤奖', '包住', '带薪年假', '弹性工作']",不限
6K底薪/新房销售/晋升快/房补,贝壳找房(北京)科技有限公司,本科,10K-15K,"['绩效奖金', '五险一金', '带薪年假', '节日福利', '项目奖金']",不限
行政文员/行政助理,广州市富诚装饰纸品有限公司,中专,2.5K-3.5K,[],不限
房地产销售（包住+月收入2万以上+资源）,广州智联房地产有限公司,中专,8K-15K,"['五险一金', '绩效奖金', '交通补助', '带薪年假', '员工旅游']",不限
外贸跟单员,广东北朝南贸易有限公司,大专,4K-8K,"['年底双薪', '绩效奖金', '餐补', '带薪年假', '弹性工作']",不限
业务员（五险一金）,学车了么(广州)汽车机动车驾驶员培训有限公司,学历不限,6K-8K,"['五险一金', '绩效奖金', '节日福利', '不加班', '定期团建']",不限
小游戏软件测试+项目奖金,深圳市精杰科技有限公司,大专,6K-12K,"['年终分红', '五险一金', '年底双薪', '绩效奖金', '带薪年假']",不限
销售储备干部+带薪培训+保底4000+免费住宿,广州星火世纪网络科技有限公司,学历不限,8K-10K,"['五险一金', '员工旅游', '弹性工作', '节日福利', '绩效奖金']",不限
银行信贷专员（天河区）,广州阿里优贷投资咨询有限公司,学历不限,8K-10K,"['包住', '员工旅游', '周末双休', '生日会', '节日福利']",不限
急聘财务助理/会计出纳,武汉华中人瑞人力资源服务有限公司,大专,6K-8K,"['餐补', '绩效奖金', '节日福利', '带薪年假', '员工旅游']",1-3年
销售储备干部+带薪培训+内部晋升+免费住宿,广州星火世纪网络科技有限公司,学历不限,8K-10K,"['绩效奖金', '年底双薪', '带薪年假', '包住', '员工旅游']",不限
市场销售,广州美漾信息科技有限公司,学历不限,2K-4K,"['员工旅游', '全勤奖', '绩效奖金', '年终分红']",不限
客户专员+带薪培训+内部晋升+免费住宿,广州星火世纪网络科技有限公司,学历不限,8K-10K,"['五险一金', '员工旅游', '弹性工作', '节日福利', '绩效奖金']",不限
原画讲师C（五险一金高底薪）,广州潭州教育网络科技有限公司,大专,8K-10K,"['五险一金', '绩效奖金', '节日福利', '每年多次调薪', '带薪年假']",不限
6K底薪/五险一金/销售专员/就近分配,贝壳找房(北京)科技有限公司,大专,6K-8K,"['五险一金', '定期体检', '出国游', '公司重点项目', '带薪年假']",不限
行政人事助理,中国人寿保险股份有限公司广州市越秀支公司黄艳琼部门,学历不限,4K-5K,['周末双休'],不限
底薪7200！大学生绿色通道/公司直招,深圳市乐有家控股集团有限公司,大专,8K-13K,"['五险一金', '绩效奖金', '房补', '餐补', '交通补助']",不限
销售业务（双休 地铁口）,广州政弘信息科技有限公司,大专,6K-10K,"['五险一金', '绩效奖金', '交通补助', '通讯补助', '周末双休']",不限
平安银行贷款/信用卡客户经理,中国平安人寿保险股份有限公司广州市天河支公司黄钧达,大专,8K-10K,"['弹性工作', '员工旅游', '绩效奖金', '周末双休', '五险一金']",不限
见习外贸主管,广州亚能能源科技有限公司,本科,6K-8K,"['绩效奖金', '带薪年假', '员工旅游', '五险一金', '14薪']",3-5年
金融分析师助理（五险一金+底薪3千起+技术指导）,广州汇骏信息咨询服务有限公司,本科,3K-6K,"['五险一金', '定期团建', '不加班', '绩效奖金', '周末双休']",不限
6K社保直聘/房产销售/五险一金,贝壳找房(北京)科技有限公司,大专,10K-15K,"['五险一金', '绩效奖金', '定期体检', '弹性工作', '带薪年假']",无经验
五险双休销售精英,广州月老文化传播有限公司,大专,10K-15K,"['绩效奖金', '周末双休', '弹性工作', '节日福利', '员工旅游']",1-3年
课程销售咨询师 （专业培训+五险一金）,升学教育,大专,6K-12K,"['五险一金', '年底双薪', '带薪年假', '节日福利', '每年多次调薪']",不限
不限经验/快速入职-地产置业顾问/销售专员/网络营销,贝壳找房(北京)科技有限公司,学历不限,6K-10K,"['五险一金', '绩效奖金', '全勤奖', '带薪年假', '弹性工作']",不限
房产销售底薪5000加高提成,贝壳找房(北京)科技有限公司,学历不限,8K-10K,"['完善培训体系', '绩效奖金', '通讯补助', '房补', '弹性工作']",不限
贝壳找房大平台：链家品牌销售顾问6000底薪/高提成,贝壳找房(北京)科技有限公司,学历不限,10K-15K,"['带薪年假', '弹性工作', '绩效奖金', '交通补助', '房补']",不限
无责底薪5000置业顾问/销售代表/贝壳大平台,贝壳找房(北京)科技有限公司,学历不限,8K-10K,"['完善培训体系', '绩效奖金', '通讯补助', '房补', '弹性工作']",不限
贝壳找房大平台本科6000底薪加提成 ,贝壳找房(北京)科技有限公司,学历不限,8K-10K,"['带薪年假', '弹性工作', '绩效奖金', '交通补助', '房补']",不限
贝壳大平台销售代表6000底薪+提成 五险一金,贝壳找房(北京)科技有限公司,学历不限,8K-10K,"['带薪年假', '弹性工作', '绩效奖金', '交通补助', '房补']",不限
试用期6K/贝壳找房/新房经理/商业顾问,贝壳找房(北京)科技有限公司,本科,10K-15K,"['五险一金', '带薪年假', '节日福利', '项目奖金', '定期团建']",不限
猎头顾问（欢迎17、18届）--天河区,上海埃摩森资产管理中心(有限合伙),本科,6K-8K,"['五险一金', '每年多次调薪', '节日福利', '员工旅游', '绩效奖金']",不限
无责任底薪5k-10k起销售专员,广州星火世纪网络科技有限公司,学历不限,8K-15K,"['包住', '绩效奖金', '年底双薪', '弹性工作', '节日福利']",不限
管理培训生 名校同事+9K底薪+房补快晋升 J10288,居理新房,本科,10K-15K,"['高学历同事', '9k基本工资', '500房补', '电商平台', '双线晋升']",不限
销售高薪/高提/社保/业绩奖/,广州汇邦财税咨询有限公司,大专,8K-10K,"['五险一金', '绩效奖金', '全勤奖', '餐补', '房补']",不限
商务拓展专员 9k底薪+高额奖金+年轻化团队,居理新房,本科,10K-15K,"['电商平台', '全90后团队', '客源稳定', '绩效奖金', '五险一金']",不限
广州链家置业顾问代表,广东链家房地产经纪有限公司,大专,5K-10K,"['五险一金', '绩效奖金', '弹性工作', '每年多次调薪']",不限
项目营销经理 9K无责底薪+高额提成+高学历年轻团队,居理新房,本科,9K-15K,"['电商平台', '全90后团队', '客源稳定', '绩效奖金', '五险一金']",不限
中国人寿优才计划,中国人寿保险股份有限公司广州市分公司精英营销部,大专,20K-30K,"['年底双薪', '绩效奖金', '补充医疗保险', '弹性工作', '带薪年假']",1-3年
核对助理文员,广州勤学教育信息咨询有限公司,大专,4K-6K,"['五险一金', '绩效奖金', '全勤奖', '带薪年假', '定期团建']",1-3年
新房一手房销售专家+9K底薪名校同事快晋升 J10288,居理新房,本科,10K-15K,"['高学历同事', '9k起薪', '500房补', '电商平台', '双线晋升']",不限
广东省区域经理,西安百跃羊乳集团有限公司,中专,6K-8K,"['通讯补助', '餐补', '交通补助', '弹性工作']",1-3年
销售代表（高薪6000-12000+五险一金+包吃）,广州市好孝心医疗器械有限公司,学历不限,6K-12K,"['五险一金', '包吃', '全勤奖', '绩效奖金', '员工旅游']",1-3年
储备干部（管理/应届生） ,广州锦跃网络科技有限公司,学历不限,4K-8K,"['五险一金', '绩效奖金', '全勤奖', '包吃', '包住']",不限
销售代表 9K底薪房补+名校同事+晋升快 J10288,居理新房,本科,10K-15K,"['高学历同事', '9k基本工资', '500房补', '电商平台', '双线晋升']",不限
大客户销售经理,广州灿谷汽车信息咨询服务有限公司,本科,8K-10K,"['五险一金', '带薪年假', '补充医疗保险', '员工旅游', '高温补贴']",1-3年
销售顾问,广州学邦信息技术有限公司,大专,5K-10K,"['每年多次调薪', '带薪年假', '弹性工作', '绩效奖金', '年底双薪']",1-3年
销售顾问 名校同事9K底薪+房补+晋升快 J10288,居理新房,本科,10K-15K,"['高学历同事', '9k起薪', '500房补', '电商平台', '双线晋升']",不限
销售经理,广州市小萤成像技术有限公司,中技,6K-8K,"['绩效奖金', '创业公司', '员工旅游', '每年多次调薪', '大牛带队']",不限
网络/电子商务销售（无经验亦可）,广州伊风贸易有限公司,大专,4K-6K,"['绩效奖金', '年终分红', '节日福利', '创业公司', '出国游']",不限
市场专员 名校同事9K底薪+房补+晋升快 J10288,居理新房,本科,10K-15K,"['高学历同事', '9k起薪', '500房补', '电商平台', '双线晋升']",不限
营销经理,中国平安人寿保险股份有限公司广东分公司,大专,10K-15K,"['绩效奖金', '年终分红', '弹性工作', '补充医疗保险', '定期体检']",1-3年
市场营销,广州市义德贸易有限公司,大专,8K-10K,"['绩效奖金', '创业公司', '年终分红', '弹性工作', '员工旅游']",1-3年
大区经理,云南山青花燃茶业有限公司,本科,10K-15K,"['员工旅游', '带薪年假', '年终分红', '绩效奖金', '五险一金']",3-5年
班级高中历史-20届校招-广州教师岗,广州市卓越里程教育科技有限公司,本科,6K-8K,"['五险一金', '年底双薪', '带薪年假', '房补', '补充医疗保险']",不限
助教,星火教育,本科,6K-8K,"['每年多次调薪', '五险一金', '带薪年假', '定期体检', '员工旅游']",不限
学而思1对1（爱智康）英语教师,北京世纪好未来教育科技有限公司,本科,8K-15K,"['五险一金', '弹性工作', '定期体检', '员工旅游', '节日福利']",不限
国寿售后服务,中国人寿保险股份有限公司广州市分公司蔡广盛,大专,6K-8K,"['周末双休', '五险一金', '不加班']",无经验
世界500强 储备主管,中国人寿保险股份有限公司广州市分公司蔡广盛,大专,6K-12K,"['周末双休', '弹性工作', '补充医疗保险', '员工旅游']",1-3年
班课教师(保底年薪8-12万),星火教育,本科,8K-12K,"['五险一金', '每周双休', '提供住宿', '带薪年假', '每年多次调薪']",无经验
急聘-亚马逊运营专员,广州莲荃电子产品有限公司,大专,4K-6K,"['周末双休', '五险一金', '绩效奖金']",1-3年
数据运营专员,广州尊斌计算机科技有限公司,大专,4K-6K,"['五险一金', '年底双薪', '包吃', '包住', '加班补助']",不限
暖通设计师（暖通、空调）,广州申鸿机电设备有限公司,大专,4K-6K,"['五险一金', '绩效奖金', '全勤奖', '通讯补助', '弹性工作']",1-3年
坦桑尼亚散货海运包税拼箱,深圳市海铁物流有限公司广州分公司,大专,6K-8K,"['五险一金', '绩效奖金', '交通补助', '餐补', '通讯补助']",3-5年
销售商务,广州大恒系统工程有限公司,大专,4K-6K,"['周末双休', '五险一金', '员工旅游', '节日福利', '不加班']",1-3年
销售顾问（宝马/七险一金/高提成）,广州市昌宝汽车销售服务有限公司（BMW宝马店）,大专,8K-15K,"['七险一金', '包吃', '绩效奖金', '带薪年假', '员工旅游']",1-3年
顾问行销渠道 寿险营销代理制寿险规划师,中美联泰大都会人寿保险有限公司广东分公司海浪部,大专,10K-20K,"['绩效奖金', '弹性工作', '补充医疗保险', '项目奖金', '定期团建']",1-3年
化学分析研究员,广州安岩仁医药科技有限公司,本科,5K-7K,"['节日福利', '年终分红', '旅游', '定期体检', '生日会']",3-5年
加工厂质量经理,HFP,本科,10K-15K,"['五险一金', '年底双薪', '定期体检', '弹性工作', '创业公司']",3-5年
业务代表,广州雄菱制冷设备有限公司,中技,6K-8K,"['全勤奖', '五险一金', '节日福利', '员工旅游', '绩效奖金']",1-3年
淘宝运营主管（包吃）,广州云西数码科技有限公司,大专,8K-10K,"['全勤奖', '包吃', '带薪年假', '弹性工作', '员工旅游']",1-3年
质量负责人,广州市歌丽丝化妆品有限公司,大专,8K-10K,"['员工旅游', '定期体检', '绩效奖金', '节日福利', '餐补']",3-5年
招0基础健身教练,广州人人健身体育有限公司,学历不限,4K-6K,"['加班补助', '包住', '包吃', '弹性工作', '健身俱乐部']",不限
客服文员（双休+五险一金）,广州启泽网络科技有限公司,大专,4K-6K,"['五险一金', '绩效奖金', '员工旅游', '节日福利', '周末双休']",1-3年
速卖通主管,广州骅路赢电子有限公司,大专,6K-8K,"['五险一金', '绩效奖金', '全勤奖', '带薪年假', '节日福利']",1-3年
情感分析师（双休高提成）,广州月老文化传播有限公司,大专,15K-30K,"['每年多次调薪', '绩效奖金', '周末双休', '弹性工作', '节日福利']",1-3年
员工关系专员,广州丰渡科技有限公司,大专,4.5K-6K,"['绩效奖金', '全勤奖', '带薪年假', '弹性工作', '节日福利']",不限
销售代表（4000底薪+超高提成+周末双休）,广东鼎信卓越企业管理有限公司,大专,8K-12K,"['五险一金', '周末双休', '项目奖金', '全勤奖', '绩效奖金']",1-3年
注册专员,广州永士达医疗科技有限责任公司,本科,8K-10K,"['五险一金', '带薪年假', '定期体检', '员工旅游', '周末双休']",1-3年
经营分析师,广西东呈酒店管理有限公司,本科,10K-15K,"['五险一金', '员工旅游', '定期体检', '周末双休']",3-5年
团队管理助理（奖金+包住）,广州摩一智能科技有限公司,大专,5K-8K,"['五险一金', '绩效奖金', '员工旅游', '高温补贴', '节日福利']",无经验
客服主管,广州六一信息科技有限公司,本科,6K-8K,"['五险一金', '带薪年假', '定期体检', '周末双休', '餐补']",3-5年
售前顾问（五险+双休）,广州大恒系统工程有限公司,本科,4K-6K,"['周末双休', '五险一金', '节日福利', '员工旅游', '带薪年假']",1-3年
金融专员（双休+五险一金+技术岗）,广州汇骏信息咨询服务有限公司,大专,3K-6K,"['五险一金', '定期团建', '不加班', '绩效奖金', '周末双休']",不限
超级经理人（晋升快、提成奖金高、自由）,中信保诚人寿保险有限公司广东省分公司,大专,80K-150K,"['绩效奖金', '弹性工作', '公司重点项目', '项目奖金', '创业公司']",不限
软件助理工程师,深圳悦美科技有限公司,大专,7K-14K,"['周末双休', '绩效奖金', '每年多次调薪', '五险一金', '加班补助']",不限
业务助理,中国人民人寿保险股份有限公司广州分公司黄埔区支公司新立方部,大专,6K-8K,"['绩效奖金', '社保补贴', '全勤奖', '弹性工作', '补充医疗保险']",不限
高级运营经理/运营专家,北京宝润兴业科技股份有限公司,本科,20K-30K,"['五险一金', '绩效奖金', '定期体检', '带薪年假', '节日福利']",5-10年
销售客服,广州五二零茶企业管理有限公司,中专,3K-5K,"['绩效奖金', '包吃', '包住', '节日福利', '定期团建']",不限
项目经理 9K底薪+高额提成+名校同事,居理新房,本科,9K-15K,"['电商平台', '全90后团队', '客源稳定', '绩效奖金', '五险一金']",不限
阿里巴巴国际站站运营专员,广州楚香工艺品有限公司,大专,5K-10K,"['全勤奖', '加班补助', '绩效奖金', '带薪年假', '每年多次调薪']",1-3年
初高中各学科教师（双休+包住）,星火教育,本科,6K-10K,"['五险一金', '每周双休', '带薪年假', '每年多次调薪', '住房补贴']",无经验
企业管理咨询师,广州市义德贸易有限公司,大专,10K-15K,"['绩效奖金', '创业公司', '每年多次调薪', '年终分红', '弹性工作']",1-3年
售后服务专员,中国人寿保险股份有限公司广州市分公司第十九营销服务部综合销售精英部,大专,10K-15K,"['年底双薪', '带薪年假', '补充医疗保险', '绩效奖金', '全勤奖']",1-3年
新零售招商专员,广州广大嘉华生物医药科技有限公司,中专,2.8K-5K,"['绩效奖金', '带薪年假', '员工旅游', '节日福利', '大小周']",不限
企业内部培训师（兼职）-月薪2-3万,广州市长丰企业有限公司,本科,20K-30K,"['绩效奖金', '公司重点项目', '全勤奖', '年底双薪']",10年以上
外贸销售,广州亚能能源科技有限公司,本科,10K-15K,"['绩效奖金', '加班补助', '包住', '餐补', '带薪年假']",3-5年
带薪培训+五险+销售代表,广州智联房地产有限公司,中专,10K-15K,"['五险一金', '房补', '带薪年假', '弹性工作', '员工旅游']",不限
招聘主管,广州脉琪体育用品有限公司,大专,8K-10K,"['绩效奖金', '全勤奖', '包住', '带薪年假', '员工旅游']",5-10年
标准质检经理,广西东呈酒店管理有限公司,本科,8K-10K,"['五险一金', '年底双薪', '加班补助', '餐补', '交通补助']",不限
寻找游戏爱好者+空调办公室+高提成包住,广东天启网络科技开发有限公司,学历不限,6K-10K,"['绩效奖金', '全勤奖', '包住', '带薪年假', '弹性工作']",不限
课程顾问,广州全美瑞信息科技有限公司,中专,5K-10K,"['绩效奖金', '带薪年假', '弹性工作', '员工旅游', '节日福利']",不限
销售文员/跟单包吃住+奖金+旅游,广州九牛贸易有限公司,学历不限,4K-8K,"['五险一金', '全勤奖', '包住', '带薪年假', '创业公司']",不限
顾问式销售 名校同事+9K底薪+房补快晋升 J10288,居理新房,本科,10K-15K,"['高学历同事', '9k基本工资', '500房补', '电商平台', '双线晋升']",不限
销售（4100底薪+高提成+五险）,北京华兴汇河文化交流有限公司,大专,6K-8K,"['五险一金', '绩效奖金', '交通补助', '餐补', '通讯补助']",不限
课程顾问(萝岗、白云万达，绿地）,广州全美瑞信息科技有限公司,中技,5K-10K,"['员工旅游', '绩效奖金', '年底双薪', '带薪年假', '弹性工作']",1-3年
底薪5000置业顾问/销售业务/实习生/,贝壳找房(北京)科技有限公司,大专,5K-10K,"['五险一金', '绩效奖金', '弹性工作', '带薪年假', '员工旅游']",不限
资料员,深圳时代装饰股份有限公司,学历不限,4K-6K,"['五险一金', '年底双薪', '包住', '带薪年假', '弹性工作']",1-3年
房产销售,广东链家房地产经纪有限公司,大专,6K-8K,"['五险一金', '大牛带队', '节日福利', '团队年轻', '工作氛围好']",不限
急聘人事专员 立即上岗 周末双休,欧特科科技有限公司,大专,6K-8K,"['五险一金', '加班补助', '房补', '餐补', '交通补助']",不限
仓库主管,广州市奥鑫美塑胶有限公司,中专,6K-8K,"['包吃', '包住', '绩效奖金', '五险一金']",5-10年
人事主管兼出纳（广州公司）,深圳前海兴邦商业保理有限公司,本科,8K-10K,"['绩效奖金', '五险一金', '交通补助', '餐补', '通讯补助']",1-3年
销售经理,广州市康迅包装设备有限公司,学历不限,6K-8K,"['五险一金', '带薪年假', '员工旅游', '节日福利', '年终分红']",3-5年
管培生 名校同事9K底薪 房补+快速晋升 J10288,居理新房,本科,10K-15K,"['高学历同事', '9k基本工资', '500房补', '电商平台', '双线晋升']",不限
市场营销师 名校同事+9K底薪+房补快晋升 J10288,居理新房,本科,10K-15K,"['高学历同事', '9k基本工资', '500房补', '电商平台', '双线晋升']",不限
盛勤商业地产（广州国际金融中心分部）销售经理+高提成50%+10%,深圳盛勤商业地产代理有限公司,学历不限,10K-15K,"['年底双薪', '绩效奖金', '全勤奖', '带薪年假', '节日福利']",1-3年
幼教老师,广州林非教育咨询有限公司,学历不限,3K-6K,"['包住', '五险一金', '包吃', '全勤奖', '弹性工作']",不限
电话催收专员6000以上,广东浩传管理服务有限公司广州分公司,中专,6K-12K,"['五险一金', '年终分红', '7小时工作制', '员工旅游', '带薪年假']",不限
速卖通客服 跨境电商 外贸,广州梓鲲电子有限公司,大专,4K-6K,"['无试用期', '五险一金', '年底双薪', '绩效奖金', '弹性工作']",1-3年
诚聘行政客服专员（广州）,北京华兴汇河文化交流有限公司,大专,3.1K-4K,"['绩效奖金', '年终分红', '交通补助', '通讯补助', '带薪年假']",不限
思维教研主管,广州远大信息发展有限公司,本科,10K-20K,"['五险一金', '绩效奖金', '股票期权', '包住', '餐补']",3-5年
管理培训生 名校同事+9K底薪+房补快晋升 J10288,居理新房,本科,10K-15K,"['高学历同事', '9k基本工资', '500房补', '电商平台', '双线晋升']",不限
网络销售6K起+包住宿,深圳市乐有家控股集团有限公司,学历不限,8K-10K,[],不限
电销主管（五险，弹性工作),广州霸图网络科技有限公司,大专,15K-20K,"['五险一金', '年底双薪', '年终分红', '全勤奖', '带薪年假']",1-3年
法规注册经理,广州永士达医疗科技有限责任公司,本科,10K-15K,[],无经验
医疗器械注册经理,广州永士达医疗科技有限责任公司,本科,10K-15K,"['五险一金', '带薪年假', '定期体检', '员工旅游', '周末双休']",3-5年
广发银行诚聘电话销售经理（广州）,广发银行股份有限公司信用卡中心,大专,5K-8K,"['五险一金', '绩效奖金', '带薪年假', '补充医疗保险', '定期体检']",1-3年
情感心理分析师15-20k,广州月老文化传播有限公司,大专,15K-30K,"['每年多次调薪', '绩效奖金', '周末双休', '弹性工作', '节日福利']",1-3年
销售老虎招募中！！（5.1K+高提成）,北京华兴汇河文化交流有限公司,大专,5.1K-10K,"['绩效奖金', '全勤奖', '交通补助', '餐补', '房补']",不限
海外销售专员,广州亚能能源科技有限公司,本科,8K-10K,"['绩效奖金', '加班补助', '包住', '餐补', '带薪年假']",1-3年
大客户经理 名校同事+9K底薪+房补快晋升 J10288,居理新房,本科,10K-15K,"['高学历同事', '9k基本工资', '500房补', '电商平台', '双线晋升']",不限
贷款顾问5K底薪+高提成,德晟(广州)投资咨询有限公司,中专,10K-15K,"['包吃', '节日福利', '员工旅游', '带薪年假', '弹性工作']",不限
RP3 CBD银行保险客户维系专员,诚伯信息有限公司,大专,3K-5K,"['带薪年假', '六险一金', '朝九晚六', '周末双休']",不限
设备工程师,广东益诺欧环保股份有限公司,大专,8K-12K,"['五险一金', '包吃', '节日福利', '带薪年假', '每年多次调薪']",3-5年
安全管理员（和翔）,广东大翔药业有限公司,大专,4K-6K,"['五险一金', '包吃', '包住', '免费班车', '定期体检']",1-3年
财务经理,广州七十二街餐饮连锁发展有限公司,大专,8K-10K,"['节日福利', '员工旅游', '包吃', '带薪年假', '五险一金']",5-10年
新房咨询师9k起薪+房补+名校同事J10288,居理新房,本科,10K-15K,"['高学历同事', '9k基本工资', '500房补', '电商平台', '双线晋升']",不限
商务经理/销售经理,广州学邦信息技术有限公司,大专,10K-15K,"['五险一金', '年底双薪', '年终分红', '弹性工作', '定期体检']",1-3年
保险销售经理,中国人寿保险股份有限公司广州市分公司天银营业部,大专,10K-15K,"['绩效奖金', '弹性工作']",1-3年
网络推广,广州稳达科技有限公司,学历不限,6K-12K,['创业公司'],不限
媒介专员,HFP,本科,4.5K-6.5K,"['五险一金', '年底双薪', '定期体检', '弹性工作', '创业公司']",1-3年
公寓精英召唤令（月均8K-12K，晋升快）,广州自如资产管理有限公司,本科,8K-12K,"['绩效奖金', '餐补', '节日福利', '带薪年假', '每年多次调薪']",不限
售后客服专员,广州浚峰网络技术有限公司,学历不限,3K-4K,"['五险一金', '绩效奖金', '全勤奖', '交通补助', '带薪年假']",不限
职业经理人,广州贝乐斯餐饮有限公司,大专,20K-30K,"['绩效奖金', '带薪年假', '弹性工作', '员工旅游', '无试用期']",1-3年
市场专员/市场推广,广州全美瑞信息科技有限公司,中专,5K-10K,"['每年多次调薪', '绩效奖金', '弹性工作', '带薪年假', '节日福利']",不限
销售工程师,广州闻乐教育科技有限公司,中专,4K-5K,"['五险一金', '绩效奖金', '带薪年假', '补充医疗保险', '通讯补助']",1-3年
管理培训生储备干部,广州市诺米家居五金有限公司,大专,4K-6K,"['绩效奖金', '包吃', '房补', '员工旅游', '住房补贴']",1-3年
管培生 名校同事9K底薪 房补+快速晋升+J10288,居理新房,本科,10K-15K,"['高学历同事', '9k基本工资', '500房补', '电商平台', '双线晋升']",不限
人事行政主管,广州市启风网络科技有限公司,大专,6K-8K,"['弹性工作', '绩效奖金', '带薪年假', '员工旅游', '定期团建']",3-5年
化妆品质量经理/品质经理,浙江艳庄化妆品有限公司,大专,10K-15K,"['五险一金', '包吃', '包住', '带薪年假', '定期体检']",3-5年
速卖通客服,广州梓鲲电子有限公司,大专,4.5K-7K,"['五险一金', '年底双薪', '绩效奖金', '弹性工作', '带薪年假']",不限
（底薪5000）销售助理/销售专员,贝壳找房(北京)科技有限公司,大专,5K-8K,"['绩效奖金', '弹性工作', '带薪年假', '定期体检', '员工旅游']",不限
大客户销售经理/销售主管[广州-天河区],广州学邦信息技术有限公司,本科,10K-20K,"['五险一金', '年底双薪', '年终分红', '弹性工作', '定期体检']",3-5年
行政人事,北京华兴汇河文化交流有限公司,大专,3.1K-4.5K,"['绩效奖金', '年终分红', '交通补助', '通讯补助', '带薪年假']",不限
电商运营主管,HFP,本科,8K-10K,"['五险一金', '年底双薪', '定期体检', '弹性工作', '创业公司']",1-3年
线下班主任/面授教务,北京光环致成国际管理咨询股份有限公司,本科,6K-8K,"['节日福利', '五险一金', '全勤奖', '餐补', '带薪年假']",1-3年
客服文员,广州快加易计算机科技有限公司,中专,3K-4K,"['六险', '定期体检', '员工旅游', '全勤奖', '年终奖金']",1年以下
培训专员,云南山青花燃茶业有限公司,大专,6K-8K,"['周末双休', '绩效奖金', '五险一金', '带薪年假', '员工旅游']",不限
网络销售/微信客服,广州玛尚健康科技股份有限公司,学历不限,6K-8K,"['每年多次调薪', '五险一金', '绩效奖金', '全勤奖', '包吃']",不限
资质业务员/销售代表/资质顾问（周末双休）,广州禄荣企业管理咨询有限公司,中专,6K-12K,"['周末双休', '五险一金', '全勤奖', '员工旅游', '节日福利']",不限
招生顾问 （20天带薪春节假期）,广州管会教育科技有限公司,大专,8.5K-15K,"['五险一金', '绩效奖金', '加班补助', '全勤奖', '带薪年假']",1-3年
网络推广,广州福启生物科技有限公司,大专,4K-8K,"['五险一金', '绩效奖金', '年终分红', '全勤奖', '带薪年假']",1-3年
企业文化主管,广东太阳神集团有限公司,本科,8K-10K,"['五险一金', '带薪年假', '定期体检', '高温补贴', '周末双休']",3-5年
网络推广,广州福启生物科技有限公司,大专,4K-8K,"['五险一金', '绩效奖金', '年终分红', '全勤奖', '带薪年假']",1-3年
测试经理/主管,广州市申迪计算机系统有限公司,本科,10K-20K,"['五险一金', '年底双薪', '交通补助', '餐补', '通讯补助']",3-5年
新媒体文案编辑,HFP,本科,8K-10K,"['五险一金', '年底双薪', '定期体检', '弹性工作', '创业公司']",1-3年
销售业务跟单/提成+住宿,广州众觉一贸易有限公司,学历不限,4K-8K,"['绩效奖金', '包住', '节日福利', '高温补贴', '不加班']",不限
新媒体文案编辑,HFP,本科,8K-10K,"['五险一金', '年底双薪', '定期体检', '弹性工作', '创业公司']",1-3年
销售专员/6000加社保/经验不限/就近分配,贝壳找房(北京)科技有限公司,大专,10K-15K,"['五险一金', '定期体检', '出国游', '公司重点项目', '交通补助']",不限
销售经理/大客户销售经理/软件销售,广州学邦信息技术有限公司,大专,10K-15K,"['五险一金', '年终分红', '带薪年假', '弹性工作', '员工旅游']",1-3年
资深策划,广州颜一生物科技有限公司,本科,10K-15K,"['五险一金', '带薪年假', '年底双薪', '加班补助', '节日福利']",3-5年
品宣经理,广东微诚地产集团,本科,10K-15K,[],3-5年
人事主管,广州米内可酒业有限公司,本科,8K-10K,"['五险一金', '带薪年假', '定期体检', '员工旅游', '节日福利']",5-10年
财务经理,云南山青花燃茶业有限公司,大专,10K-15K,"['周末双休', '绩效奖金', '五险一金', '带薪年假', '员工旅游']",5-10年
客户顾问,宜信普惠信息咨询(北京)有限公司广州增城分公司,大专,8K-15K,"['周末双休', '五险一金', '补充医疗保险', '定期体检', '定期团建']",不限
平安冠军团队/合伙人（高薪）,中国平安人寿保险股份有限公司广东分公司,大专,20K-40K,"['节日福利', '年底双薪', '绩效奖金', '年终分红', '补充医疗保险']",不限
房地产销售人员(月入上万）,广州遇缘房地产代理有限公司,大专,10K-15K,"['每年多次调薪', '弹性工作', '员工旅游', '绩效奖金', '带薪年假']",1-3年
制造品质工程师（PQE）,广州市诺米家居五金有限公司,大专,6K-8.5K,"['绩效奖金', '包吃', '房补', '员工旅游', '住房补贴']",3-5年
高级外贸业务员,广东盈浩工艺制品有限公司,本科,8K-10K,"['五险一金', '年底双薪', '餐补', '带薪年假', '定期体检']",3-5年
商务渠道助理（周末双休）,广东好又贷互联网信息服务有限公司,大专,4K-5K,"['带薪年假', '定期体检', '定期团建', '节日福利', '全勤奖']",1-3年
大区销售经理,杭州初灵信息技术股份有限公司,学历不限,15K-25K,"['五险一金', '绩效奖金', '带薪年假', '定期体检', '员工旅游']",5-10年
LAZADA 运营销售,广州圣唯辰生物科技有限公司,大专,6K-8K,"['五险一金', '绩效奖金', '全勤奖', '带薪年假', '补充医疗保险']",1-3年
销售总监/经理（智慧医疗）,广州昶通医疗科技有限公司,大专,8K-15K,"['绩效奖金', '五险一金', '股票期权']",3-5年
应届大学生储备干部6k-8k,深圳市乐有家控股集团有限公司,大专,6.4K-7.2K,"['五险一金', '绩效奖金', '房补', '餐补', '弹性工作']",不限
外派出差员6000+,广州博一鑫网络科技有限公司,学历不限,6K-8K,"['创业公司', '五险一金', '绩效奖金', '包住', '员工旅游']",不限
区域销售经理（广州）,江苏三步云视信息技术有限公司,大专,6K-10K,"['五险一金', '周末双休', '绩效奖金', '餐补', '节日福利']",1-3年
人力资源经理,广东子光轮胎连锁经营集团有限公司,本科,10K-15K,"['五险一金', '年底双薪', '绩效奖金', '全勤奖', '带薪年假']",3-5年
均薪8K销售代表/岗前带薪培训/无需开发客源,升学教育,中专,6K-8K,"['五险一金', '绩效奖金', '带薪年假', '定期团建', '弹性工作']",不限
高薪销售代表,帆摄影,学历不限,8K-12K,"['健身俱乐部', '五险一金', '绩效奖金', '全勤奖', '包住']",不限
京东运营专员,HFP,本科,4K-6K,"['五险一金', '年底双薪', '定期体检', '弹性工作', '创业公司']",1-3年
财务会计/ 朝九晚六 五险一金,丽水亿诚电子商务有限公司,大专,6K-8K,"['五险一金', '年底双薪', '餐补', '周末双休', '项目奖金']",不限
新手业务-展览展会（社保+提成）,广州至上展览策划有限公司,大专,4K-6K,"['五险一金', '年底双薪', '绩效奖金', '加班补助', '弹性工作']",不限
办公室办公+五险一金+高底薪高提成+大学生团队,深圳市乐有家控股集团有限公司,学历不限,6K-8K,"['五险一金', '绩效奖金', '餐补', '弹性工作', '员工旅游']",不限
人力资源猎头顾问,牛人猎头(深圳)有限公司广州分公司,学历不限,8K-10K,"['社保', '年底双薪', '绩效奖金', '加班补助', '创业公司']",不限
底薪5K-房产销售-管培生-置业顾问,贝壳找房(北京)科技有限公司,大专,5K-10K,"['五险一金', '绩效奖金', '弹性工作', '带薪年假', '员工旅游']",不限
外贸销售/业务员（周末双休）,广州亚能能源科技有限公司,大专,5K-7K,"['全勤奖', '餐补', '带薪年假', '员工旅游', '节日福利']",1-3年
红酒销售,广州汇帝进出口贸易有限公司,学历不限,4K-8K,"['五险一金', '绩效奖金', '带薪年假', '节日福利']",不限
市场策划总监,广州科信咨询有限公司,大专,20K-30K,"['五险一金', '年底双薪', '绩效奖金', '全勤奖', '带薪年假']",3-5年
区域销售总监,广州中科智巡科技有限公司,本科,15K-25K,"['创业公司', '周末双休', '五险一金', '年底双薪', '绩效奖金']",3-5年
平安冠军团队/客户经理（无责任底薪3千）,中国平安人寿保险股份有限公司广东分公司,大专,15K-30K,"['年终分红', '补充医疗保险', '员工旅游', '不加班', '带团队']",1-3年
长租白领公寓工程监理（室内装修配置部分）,广州自如资产管理有限公司,本科,6K-8K,"['五险一金', '绩效奖金', '带薪年假', '餐补', '定期体检']",不限
财务经理,广州圣幸健康科技有限公司,本科,10K-15K,"['五险一金', '全勤奖', '带薪年假', '节日福利', '丰厚年张奖']",5-10年
销售总监,广州天鹏计算机科技有限公司,本科,25K-35K,"['周末双休', '加班补助', '全勤奖', '五险一金', '餐补']",10年以上
网络销售专员（微信+轻松工作氛围）,广州五二零茶企业管理有限公司,学历不限,6K-8K,"['绩效奖金', '包吃', '包住', '节日福利', '定期团建']",不限
业务主管/销售主管,广州艾雯思教育信息咨询有限公司,大专,10K-15K,"['五险一金', '绩效奖金', '全勤奖', '带薪年假', '节日福利']",3-5年
金融销售5K底薪+奖金,德晟(广州)投资咨询有限公司,大专,10K-15K,"['周末双休', '包吃', '住房补贴', '交通补助', '节日福利']",1-3年
设计助理,广州市博展展览有限公司,大专,3.5K-5K,"['包住', '绩效奖金', '员工旅游', '节日福利', '带薪年假']",不限
课程销售顾问（底薪+提成）,广州善手教育科技有限公司,中专,10K-20K,"['五险一金', '节日福利', '员工旅游', '定期体检', '绩效奖金']",1-3年
安卓软件测试储备岗,广州市铂桥信息科技有限公司,大专,4.3K-6.3K,"['住房补贴', '五险一金', '弹性工作', '加班补助', '不加班']",不限
托管老师,广州林非教育咨询有限公司,学历不限,4K-6K,"['包住', '五险一金', '包吃', '全勤奖', '弹性工作']",不限
业务代理人,广东六沐超市管理有限公司广州分公司,中专,20K-30K,"['弹性工作', '不加班']",1-3年
策划经理,广州颜一生物科技有限公司,本科,15K-20K,"['五险一金', '绩效奖金', '全勤奖', '带薪年假', '定期团建']",5-10年
房地产销售顾问+琶洲地铁口,广州尚业房地产代理有限公司,大专,8K-10K,"['年底双薪', '绩效奖金', '全勤奖', '带薪年假', '弹性工作']",不限
电商产品经理,惠店(广州)科技有限公司,本科,10K-15K,"['餐补', '五险一金', '加班补助', '周末双休', '弹性工作']",1-3年
中药讲师（六险一金，福利好）,广东长兴润德教育科技有限公司,本科,10K-15K,"['五险一金', '全勤奖', '绩效奖金', '带薪年假', '补充医疗保险']",不限
销售代表,广州市音桥电子科技有限公司,中专,5K-8K,"['五险一金', '绩效奖金', '加班补助', '全勤奖', '包住']",不限
房产销售,广东链家房地产经纪有限公司,大专,6K-8K,"['五险一金', '大牛带队', '节日福利', '团队年轻', '工作氛围好']",不限
会展策划销售（双休+五险一金）,广州毕加展览服务有限公司,学历不限,6K-8K,"['五险一金', '周末双休', '绩效奖金', '全勤奖', '不加班']",不限
房产经纪人 名校同事+9K底薪+房补快晋升 J10288,居理新房,本科,10K-15K,"['高学历同事', '9k起薪', '500房补', '电商平台', '双线晋升']",不限
生产经理,广州市汉康铧仓储设备有限公司,大专,8K-10K,"['五险一金', '绩效奖金', '包住', '包吃', '定期体检']",5-10年
白云/区域销售代表 包吃住,广州众觉一贸易有限公司,学历不限,6K-8K,"['五险一金', '年底双薪', '绩效奖金', '全勤奖', '包吃']",不限
不限经验/快速入职-地产置业顾问/销售专员/网络营销,贝壳找房(北京)科技有限公司,学历不限,6K-8K,"['弹性工作', '绩效奖金', '大牛带队', '员工旅游', '定期团建']",不限
新媒体推广经理 信息流经理,融增网络技术(广州)有限公司,大专,6K-8K,"['五险一金', '绩效奖金', '全勤奖', '带薪年假', '节日福利']",1-3年
招聘专员,广州市必躬亲贸易有限公司,本科,4K-8K,"['包住', '餐补', '房补', '带薪年假', '全勤奖']",不限
网络销售（无责任底薪4000）,广州时时美贸易有限公司,大专,15K-20K,[],1-3年
招聘电子维修工程师,广州市名成资讯科技有限公司,学历不限,4K-6K,[],不限
人力资源顾问（BD方向）,北京微海管理咨询有限公司,大专,25K-40K,"['弹性工作', '节日福利', '年终奖', '带薪年假', '五险一金']",10年以上
S课程顾问/晋升快+提成最高,升学教育,学历不限,8K-10K,"['五险一金', '绩效奖金', '全勤奖', '节日福利', '每年多次调薪']",不限
外贸电商运营专员ebay亚马逊Amazon,广州赞拓厨房设备有限公司,大专,3K-6K,"['周末双休', '带薪年假', '绩效奖金', '年底双薪', '员工旅游']",不限
EHS工程师,广州爱伯馨香料有限公司,大专,6K-8K,"['五险一金', '通讯补助', '定期体检', '节日福利', '带薪年假']",3-5年
原画讲师w（五险一金+住宿）,广州潭州教育网络科技有限公司,大专,8K-10K,"['五险一金', '包住', '房补', '节日福利']",不限
仓库管理员,广州金中网络技术有限公司,学历不限,3.5K-6K,[],不限
海外销售员,广州亚能能源科技有限公司,大专,5K-8K,"['年底双薪', '绩效奖金', '餐补', '带薪年假', '员工旅游']",1-3年
销售经理,广州天鹏计算机科技有限公司,本科,15K-20K,"['周末双休', '加班补助', '全勤奖', '餐补', '绩效奖金']",3-5年
急招天猫运营,广州萃轩佰草化妆品有限公司,学历不限,8K-10K,"['餐补', '带薪年假', '员工旅游', '节日福利', '全勤奖']",1-3年
销售总监（广东省）,四川翔海聚酒业有限公司,大专,10K-20K,"['弹性工作', '五险一金', '绩效奖金', '员工旅游']",3-5年
非洲航线海运销售代表,深圳市海铁物流有限公司广州分公司,大专,8K-10K,"['五险一金', '绩效奖金', '餐补', '交通补助', '通讯补助']",3-5年
人事助理  五险一金 朝九晚六 节日福利,丽水亿诚电子商务有限公司,大专,4K-6K,"['五险一金', '年底双薪', '餐补', '周末双休', '项目奖金']",不限
会计主管,广州七十二街餐饮连锁发展有限公司,大专,6K-8K,"['节日福利', '员工旅游', '包吃', '带薪年假', '五险一金']",3-5年
产品专员,云南山青花燃茶业有限公司,大专,3.5K-6K,"['绩效奖金', '带薪年假', '员工旅游', '周末双休', '节日福利']",不限
销售总监,广州茉莉传媒科技有限公司,本科,15K-30K,"['绩效奖金', '全勤奖', '五险一金']",1-3年
渠道经理,圣点世纪科技股份有限公司,大专,10K-15K,"['五险一金', '定期体检', '带薪年假', '通讯补助', '交通补助']",1-3年
电商运营,广州光希照明有限公司,本科,4K-6K,"['五险一金', '绩效奖金', '年终分红', '公司重点项目', '周末双休']",1-3年
一手房驻场销售精英,广东宏裕商业经营管理有限公司,中专,10K-18K,"['无责任底薪', '高额提成', '准时出佣', '地标项目', '节奏性快']",不限
招聘主管,广州市启风网络科技有限公司,大专,6K-8K,"['弹性工作', '绩效奖金', '带薪年假', '员工旅游', '定期团建']",3-5年
人力资源 五险一金 朝九晚六 节日福利,徵芎贸易有限公司,大专,6K-8K,"['五险一金', '房补', '餐补', '定期体检', '补充医疗保险']",不限
电话销售专员,广州美侨教育咨询有限公司,学历不限,4K-8K,"['五险一金', '绩效奖金', '全勤奖', '交通补助', '餐补']",不限
日语采购担当，汽车行业，T0902,广州专亚企业管理顾问有限公司,本科,5.5K-7K,"['五险一金', '周末双休', '带薪年假', '年终奖', '交通补助']",1-3年
急聘--课程培训顾问,广州筑梦教育咨询有限公司,大专,6K-8K,"['不加班', '全勤奖', '节日福利', '五险一金', '年终分红']",无经验
销售代表/销售经理/大客户经理,北京易普斯咨询有限责任公司,本科,8K-10K,"['五险一金', '带薪年假', '节日福利', '周末双休', '丰厚年终奖']",1-3年
房抵产品销售经理,广州君悦资本管理有限公司,学历不限,6K-8K,"['年终分红', '全勤奖', '带薪年假', '周末双休', '不加班']",1年以下
猎头顾问助理（双休+五险一金+专业培训）,广州速高企业管理咨询有限公司,本科,4K-6K,"['五险一金', '周末双休', '带薪年假', '员工旅游', '节日福利']",不限
底薪6k/社保-链家直聘销售管培生,贝壳找房(北京)科技有限公司,大专,6K-8K,"['弹性工作', '绩效奖金', '大牛带队', '员工旅游', '定期团建']",不限
月入过万销售代表客户代表,广州榕树下广告有限公司,中专,6K-8K,"['五险一金', '绩效奖金', '全勤奖', '通讯补助']",无经验
销售底薪4000·社保·高提·丰厚奖金·补助,广州汇邦财税咨询有限公司,大专,6K-8K,"['房补', '年终分红', '五险一金', '节日福利', '定期团建']",1-3年
招聘专员,广州星际种子咨询顾问有限公司,本科,4K-6K,"['节日福利', '绩效奖金', '带薪年假', '项目奖金', '定期团建']",1-3年
市场督导,广州迪智尼文化传播有限公司,学历不限,4K-6K,"['五险一金', '绩效奖金', '全勤奖', '员工旅游', '节日福利']",不限
短视频运营,广州市欣拓网络科技有限公司,大专,5K-8K,"['节日福利', '定期体检', '定期团建', '周末双休', '五险一金']",不限
销售助理,广州融易融商务服务有限公司,大专,4K-6K,[],1-3年
办公室文员内勤,徵芎贸易有限公司,大专,4K-6K,"['五险一金', '房补', '餐补', '定期体检', '补充医疗保险']",不限
开发管培生（销售代表）,广西东呈酒店管理有限公司,大专,4K-6K,"['五险一金', '通讯补助', '餐补', '弹性工作', '员工旅游']",无经验
研发经理,广州市雅麓福检测技术有限公司,大专,10K-15K,"['五险一金', '周末双休', '绩效奖金', '年终分红', '全勤奖']",3-5年
资深网络推广专员/主管,广州市奥威亚电子科技有限公司,本科,9K-11K,"['14薪', '周末双休', '五险一金', '带薪年假', '节日福利']",5-10年
质量负责人,同创伟业(广东)检测技术股份有限公司,大专,6K-10K,"['周末双休', '节日福利', '餐补', '员工旅游', '带薪年假']",3-5年
高速发展+高底薪资+五险一金/电网销售顾问S,升学教育,中专,8K-10K,"['五险一金', '年底双薪', '带薪年假', '节日福利', '每年多次调薪']",不限
会展业务员/会展销售,广州毕加展览服务有限公司,学历不限,8K-10K,"['五险一金', '绩效奖金', '全勤奖', '带薪年假', '定期体检']",不限
仓库打包员,广州市凯丁觅科技有限公司,学历不限,4K-5K,"['五险一金', '年底双薪', '带薪年假', '弹性工作', '全勤奖']",不限
行政主管,广州美云美服科技有限公司,大专,6K-8K,[],3-5年
【精英汇聚】猎头顾问/助理（挑战高薪+五险一金+季度晋升）,上海埃摩森资产管理中心(有限合伙),本科,6K-8K,"['五险一金', '绩效奖金', '周末双休', '节日福利', '带薪年假']",不限
客服文员,广州方视文化传播有限公司,学历不限,3K-6K,"['节日福利', '员工旅游', '五险一金', '全勤奖', '定期体检']",无经验
财务主管,广州莎莎生物科技有限公司,大专,5K-8K,"['不加班', '年终分红', '带薪年假', '全勤奖', '绩效奖金']",3-5年
财务经理/主管/会计,广东金一百通信工程有限公司,本科,5K-10K,"['五险一金', '年终分红', '员工旅游', '周末双休']",3-5年
综合金融销售精英,中广嘉华(广州)信息咨询有限公司,中专,15K-20K,"['年底双薪', '全勤奖', '绩效奖金', '年终分红', '通讯补助']",不限
品牌视觉设计师,HFP,大专,7K-10K,"['五险一金', '年底双薪', '定期体检', '弹性工作', '创业公司']",3-5年
数据分析高级经理,广州大麦信息科技有限公司,本科,12K-18K,"['周末双休', '定期体检', '员工旅游', '节日福利', '定期团建']",5-10年
销售/销售代表/销售专员（无责底薪4000起）,广州华进泳池灯具有限公司,学历不限,6K-12K,"['不加班', '节日福利', '高温补贴', '员工旅游', '包吃']",不限
速卖通专员,广东威速易供应链管理有限公司,大专,4.5K-6K,"['五险一金', '全勤奖', '员工旅游', '节日福利', '绩效奖金']",1-3年
会展业务员（双休+五险一金）,广州毕加展览服务有限公司,大专,6K-8K,"['五险一金', '周末双休', '绩效奖金', '全勤奖', '不加班']",不限
客服主管/专员,广州市一网购电子商务有限公司,中技,4K-6K,"['绩效奖金', '带薪年假', '全勤奖', '交通补助', '餐补']",无经验
会务,广州星际种子咨询顾问有限公司,大专,4K-6K,"['节日福利', '绩效奖金', '带薪年假', '定期团建', '大牛带队']",3-5年
销售代表（双休 社保 无责任底薪）,广州有易信息科技有限公司,大专,4K-6K,"['五险一金', '绩效奖金', '年终分红', '餐补', '带薪年假']",不限
销售主管,广州九润医药科技有限公司,大专,5K-10K,"['节日福利', '带薪年假', '全勤奖', '五险一金', '绩效奖金']",1-3年
课程顾问zw【无责底薪3.5k&amp;住宿/房补&amp;五险一金】,广州潭州教育网络科技有限公司,学历不限,8K-10K,"['五险一金', '包住', '房补', '节日福利']",不限
营销总监,广州德立游艇码头工程有限公司,大专,10K-15K,"['五险一金', '绩效奖金', '年终分红', '股票期权', '加班补助']",3-5年
电销+4000+下午茶,中广嘉华(广州)信息咨询有限公司,中专,10K-15K,"['五险一金', '年底双薪', '全勤奖', '绩效奖金', '年终分红']",不限
外贸业务员,海棠科技(广州)有限责任公司,本科,6K-12K,"['绩效奖金', '五险', '定期团建', '节日福利', '创业公司']",1-3年
底薪5000+金融销售代表,中广嘉华(广州)信息咨询有限公司,中专,15K-20K,"['年底双薪', '绩效奖金', '通讯补助', '全勤奖', '带薪年假']",不限
薪酬绩效经理,广东链家房地产经纪有限公司,本科,15K-20K,"['绩效奖金', '带薪年假', '定期体检', '带团队', '五险一金']",3-5年
新媒体运营策划,广州人瑞人力资源服务有限公司,大专,5K-8K,"['五险一金', '年底双薪', '绩效奖金', '弹性工作', '定期团建']",不限
市场推广,广州食链商业管理有限公司,学历不限,6K-8K,"['五险一金', '周末双休', '包住', '绩效奖金', '餐补']",不限
IE工程师,贝恩医疗设备（广州）有限公司,本科,5K-7K,"['五险一金', '年底双薪', '包吃', '包住', '通讯补助']",1-3年
商务专员（制单员）,北京华亘安邦科技有限公司,大专,3.5K-4.5K,"['五险一金', '绩效奖金', '带薪年假', '定期体检', '节日福利']",1-3年
业务员,广州市博义电子科技有限公司,学历不限,4K-8K,"['五险一金', '全勤奖', '带薪年假', '节日福利', '员工旅游']",不限
无责底薪双休/市场推广专员,广州食链商业管理有限公司,学历不限,5K-10K,"['五险一金', '包住', '交通补助', '餐补', '全勤奖']",1-3年
淘宝运营专员,广州睿泰智能设备科技有限公司,大专,4K-8K,"['弹性工作', '节日福利', '不加班', '交通补助', '餐补']",1-3年
培训运营专员,广州云脉医疗科技有限公司,学历不限,4K-6K,"['全勤奖', '餐补', '房补', '绩效奖金', '五险']",不限
人事主管（月子中心）,广东古格集团有限公司,大专,4.8K-5.5K,"['五险一金', '全勤奖', '高温补贴', '员工旅游', '定期团建']",3-5年
红海航线市场销售（面对同行）,深圳市海铁物流有限公司广州分公司,大专,6K-8K,"['五险一金', '员工旅游', '节日福利', '带薪年假', '房补']",不限
汽车销售（汽车之家）,中国平安人寿保险股份有限公司广东分公司猎德营销服务部,大专,8K-10K,"['每年多次调薪', '周末双休', '年底双薪', '绩效奖金', '全勤奖']",不限
培训助理 福利齐全 有发展,钰晨通用宝电子商务有限公司,大专,6K-8K,"['五险一金', '年底双薪', '餐补', '住房补贴', '周末双休']",不限
急聘 招聘专员 年底双薪 不加班,钰晨通用宝电子商务有限公司,中专,6K-8K,"['五险一金', '年底双薪', '餐补', '住房补贴', '周末双休']",不限
绩效考核文员带薪培训,钰晨通用宝电子商务有限公司,中专,6K-8K,"['五险一金', '年底双薪', '餐补', '住房补贴', '周末双休']",不限
销售储备干部(保底7-12万),星火教育,大专,8K-10K,"['五险一金', '每周双休', '提供住宿', '带薪年假', '每年多次调薪']",不限
电商活动运营,HFP,本科,6K-12K,"['五险一金', '年底双薪', '定期体检', '弹性工作', '创业公司']",1-3年
注册专员,广州富瑞健康科技有限公司,大专,6K-8K,"['年底双薪', '交通补助', '餐补', '通讯补助', '带薪年假']",1-3年
软件测试讲师,广州中软职业技能培训有限公司,本科,10K-15K,"['五险一金', '绩效奖金', '带薪年假', '周末双休', '交通补助']",3-5年
课程咨询师（免开发客户+带薪培训+高绩效）,升学教育,大专,8K-10K,"['五险一金', '年底双薪', '带薪年假', '节日福利', '每年多次调薪']",不限
银行回访专员（五险一金+月均6k）,广州安莱信息通信技术有限公司,中专,3.3K-6K,"['五险一金', '年底双薪', '绩效奖金', '年终分红', '带薪年假']",不限
品牌策划/文案策划,广州华进泳池灯具有限公司,学历不限,6K-12K,"['不加班', '节日福利', '高温补贴', '员工旅游', '包吃']",不限
淘宝文员/客服,千廷贸易有限公司,中专,4K-6K,"['五险一金', '交通补助', '加班补助']",不限
研发工程师,广州莎莎生物科技有限公司,大专,8K-15K,"['不加班', '年终分红', '带薪年假', '全勤奖', '绩效奖金']",不限
高级前端开发工程师,珠海爱浦京软件股份有限公司,大专,12K-18K,"['定期体检', '员工旅游', '节日福利', '每年多次调薪', '周末双休']",3-5年
系统运维工程师,广州九图信息科技有限公司,大专,7K-14K,"['五险一金', '年底双薪', '周末双休', '加班补助', '通讯补助']",1-3年
客服主管,北京金融街第一太平戴维斯物业管理有限公司广州分公司,大专,6K-7K,"['五险一金', '带薪年假', '定期体检', '高温补贴', '节日福利']",3-5年
辅导员/教务专员/班主任,北京光环致成国际管理咨询股份有限公司,本科,6K-8K,"['节日福利', '五险一金', '全勤奖', '餐补', '带薪年假']",1-3年
高级质量专员,广州隆超/广州维联/广州合口美有限公司,大专,4K-6K,"['五险一金', '包住', '带薪年假']",1-3年
销售专员/知识产权顾问（双休+底薪4000）,广州新历程企业管理有限公司,大专,4K-8K,"['五险一金', '绩效奖金', '周末双休', '项目奖金', '创业公司']",1-3年
课程顾问（五险一金+年度体检）,企鹅家族管理咨询(北京)有限责任公司,大专,6K-12K,"['五险一金', '餐补', '全勤奖', '绩效奖金', '带薪年假']",不限
注册房地产估价师,深圳市世联土地房地产评估有限公司广州分公司,本科,12K-20K,"['五险一金', '绩效奖金', '带薪年假', '弹性工作', '定期体检']",5-10年
人事专员,广州六道教育信息咨询有限公司,本科,4K-6K,"['通讯补助', '节日福利', '股票期权', '员工旅游', '带薪年假']",1-3年
建模教师（提供宿舍 五险一金）c,广州潭州教育网络科技有限公司,大专,5K-10K,"['五险一金', '绩效奖金', '节日福利', '每年多次调薪', '带薪年假']",1年以下
产品开发助理,广州市赛酷睿软件有限公司,本科,4K-6K,"['五险一金', '绩效奖金', '全勤奖', '免费班车', '定期团建']",不限
跨境电商销售合伙人,广州燕子纺织有限公司,本科,29K-37.5K,"['股票期权', '全勤奖', '创业公司', '带团队', '公司重点项目']",1-3年
急聘采购助理+可接受应届毕业生,广州贰马贸易有限公司,大专,3K-5K,"['五险一金', '绩效奖金', '餐补', '全勤奖', '带薪年假']",不限
语文/数学/英语/物理/化学教师,星火教育,本科,6K-10K,"['五险一金', '每周双休', '带薪年假', '每年多次调薪', '节日福利']",无经验
销售跟单,成都不赚网络科技有限公司,学历不限,10K-15K,"['全勤奖', '绩效奖金', '交通补助', '餐补', '带薪年假']",不限
大小周网络销售（无责任底薪+高提成）,广州澄立互动网络科技有限公司,中专,8K-16K,"['全勤奖', '交通补助', '餐补', '带薪年假', '员工旅游']",不限
跨境电商运营合伙人,广州燕子纺织有限公司,大专,15K-19K,"['股票期权', '全勤奖', '创业公司', '带团队', '公司重点项目']",1-3年
营运管理培训生(保底7-12万),星火教育,本科,8K-10K,"['五险一金', '带薪年假', '每周双休', '提供住宿', '每年多次调薪']",无经验
初高中各学科教师(保底6-10万),星火教育,本科,6K-10K,"['五险一金', '每周双休', '提供住宿', '带薪年假', '每年多次调薪']",无经验
大客户经理/五险一金/月均8000+,深圳前海百汇信用管理有限公司,大专,8K-10K,"['五险一金', '年底双薪', '绩效奖金', '全勤奖']",不限
美工设计师,广州华进泳池灯具有限公司,大专,6K-8K,"['周末双休', '五险一金', '全勤奖', '包吃', '员工旅游']",不限
理货员/分拣员/打包员,广东威速易供应链管理有限公司,学历不限,4K-6K,"['五险一金', '绩效奖金', '加班补助', '全勤奖', '带薪年假']",不限
互联网+物流实习生,江苏满运软件科技有限公司,大专,5K-9K,"['五险一金', '绩效奖金', '房补', '带薪年假', '弹性工作']",不限
人事助理,中国人寿保险股份有限公司广州市分公司天银营业部,大专,4K-6K,"['绩效奖金', '弹性工作', '员工旅游', '大牛带队']",不限
客服主管,北京金融街第一太平戴维斯物业管理有限公司广州分公司,大专,6K-7K,"['五险一金', '带薪年假', '定期体检', '高温补贴', '节日福利']",3-5年
客户服务经理/主管,上海先升品牌管理中心,大专,10K-15K,"['绩效奖金', '五险一金', '年底双薪', '餐补', '房补']",不限
eBay德语销售专员,广州盛为电子商务有限公司,本科,5K-10K,"['五险一金', '绩效奖金', '全勤奖', '员工旅游', '节日福利']",1-3年
课程顾问/咨询主任,星火教育,大专,8K-10K,"['五险一金', '每周双休', '提供住宿', '带薪年假', '每年多次调薪']",1-3年
互联网软件开发工程师,广州北珠联科技有限公司,中专,6K-8K,"['五险一金', '绩效奖金', '包吃', '带薪年假', '全勤奖']",不限
唯品会运营,广州市映辉贸易有限公司,大专,6K-8K,"['五险一金', '全勤奖', '绩效奖金', '节日福利', '带薪年假']",1-3年
咨询顾问（神秘顾客事业部）,北京赛惟咨询有限公司广州分公司,本科,10K-15K,"['五险一金', '绩效奖金', '餐补', '通讯补助', '带薪年假']",3-5年
业务主管,广东威速易供应链管理有限公司,大专,8K-10K,"['五险一金', '绩效奖金', '加班补助', '全勤奖', '带薪年假']",1-3年
渠道总监/经理（联动）,广州丰渡科技有限公司,大专,10K-15K,[],1-3年
互联网+物流-BD经理,江苏满运软件科技有限公司,大专,5K-9K,"['五险一金', '绩效奖金', '房补', '带薪年假', '弹性工作']",不限
班主任/辅导员(保底6-10万),星火教育,大专,6K-8K,"['五险一金', '每周双休', '带薪年假', '每年多次调薪', '节日福利']",无经验
猎头顾问--6A级办公（4、8号线万胜围站）,上海即沃企业管理咨询有限公司,本科,5K-6K,"['五险一金', '年底双薪', '绩效奖金', '加班补助', '员工旅游']",1-3年
化妆品研发工程师,HFP,本科,10K-15K,"['五险一金', '年底双薪', '定期体检', '弹性工作', '创业公司']",3-5年
开业督导,广州迪智尼文化传播有限公司,学历不限,4K-8K,"['绩效奖金', '包住', '员工旅游', '包吃', '全勤奖']",不限
工程经理,广东立乔交通工程有限公司,本科,10K-15K,"['通讯补助', '带薪年假', '员工旅游']",5-10年
顾问咨询/课程顾问,广州学而好教育信息咨询有限公司,大专,8K-10K,"['每年多次调薪', '五险一金', '全勤奖', '带薪年假', '员工旅游']",不限
4千咖啡厅营业员（实习/兼职）,广东星巴克咖啡有限公司东方文德广场分店,学历不限,4K-6K,"['全勤奖', '包吃', '包住', '交通补助', '餐补']",不限
ebay客服/外贸客服,广州凯拓汽车配件有限公司,学历不限,4K-8K,"['年终分红', '全勤奖', '员工旅游', '节日福利', '五险一金']",不限
助理咨询顾问（神秘顾客事业部）,北京赛惟咨询有限公司广州分公司,本科,6K-10K,"['五险一金', '绩效奖金', '餐补', '通讯补助', '带薪年假']",不限
物流操作员,广东威速易供应链管理有限公司,学历不限,4K-6K,"['五险一金', '绩效奖金', '全勤奖', '带薪年假', '节日福利']",不限
展厅平面设计师,广州至爱智家科技有限公司,本科,10K-15K,"['五险一金', '年底双薪', '餐补', '带薪年假', '定期体检']",1-3年
验房实习生,广州正霆工程技术有限公司,学历不限,2K-4K,"['包住', '交通补助', '带薪年假', '员工旅游', '高温补贴']",不限
市场主管（五险一金+双休）,广州胜狮教育科技有限公司,大专,10K-15K,"['五险一金', '绩效奖金', '加班补助', '餐补', '带薪年假']",1-3年
外贸专员国际贸易专员,广州楚香工艺品有限公司,本科,5K-10K,"['绩效奖金', '带薪年假', '节日福利', '全勤奖', '加班补助']",1-3年
仓库理货员,广东威速易供应链管理有限公司,学历不限,4K-6K,"['五险一金', '绩效奖金', '加班补助', '全勤奖', '员工旅游']",不限
文案策划,广州市泰美互联网信息科技有限公司,大专,8K-10K,"['五险一金', '加班补助', '全勤奖', '节日福利', '员工旅游']",1-3年
买手（服装）,广州细刻网络科技有限公司,本科,4K-8K,"['每年多次调薪', '五险一金', '加班补助', '餐补', '带薪年假']",1-3年
续期售后服务专员（二开销售经理）,中国人寿保险股份有限公司广州市分公司天银营业部,大专,10K-15K,"['绩效奖金', '弹性工作']",1-3年
物流销售顾问,广东威速易供应链管理有限公司,中专,5K-10K,"['五险一金', '绩效奖金', '全勤奖', '带薪年假', '员工旅游']",1-3年
投资理财顾问/系统培训+季度晋升,中国平安人寿保险股份有限公司广州市天河支公司唐嘉慧,大专,8K-15K,"['周末双休', '绩效奖金', '弹性工作', '补充医疗保险', '定期体检']",1-3年
渠道招商总监,广州凡科互联网科技股份有限公司,大专,15K-30K,"['带薪年假', '弹性工作', '定期体检', '补充医疗保险', '八险一金']",5-10年
经营管理部总经理,融捷股份有限公司,本科,15K-25K,"['周末双休', '五险一金', '绩效奖金', '餐补', '通讯补助']",10年以上
校长,企鹅家族管理咨询(北京)有限责任公司,本科,10K-12K,"['五险一金', '餐补', '全勤奖', '绩效奖金', '带薪年假']",3-5年
物联网产品助理,广东中威国祥休闲文化发展有限公司,大专,5.5K-6.5K,"['五险一金', '年底双薪', '绩效奖金', '全勤奖', '带薪年假']",1-3年
互联网+物流专员-APP推广,江苏满运软件科技有限公司,大专,5K-9K,"['五险一金', '绩效奖金', '房补', '带薪年假', '弹性工作']",不限
总经理助理（管理方向）,广州优象文化用品有限公司,大专,5K-7K,"['绩效奖金', '加班补助', '全勤奖', '包吃', '员工旅游']",1-3年
急招销售精英（月入5000包住+高提成+奖金）,广州市纵望智能科技有限公司,中专,8K-15K,"['绩效奖金', '全勤奖', '包住', '交通补助', '带薪年假']",不限
品牌主管/经理,广州德立游艇码头工程有限公司,大专,6K-10K,"['全勤奖', '餐补', '带薪年假', '包住', '节日福利']",3-5年
非洲清关证书销售代表,深圳市海铁物流有限公司广州分公司,大专,8K-10K,"['五险一金', '交通补助', '餐补', '通讯补助', '员工旅游']",不限
非洲检测证书PVOC-COC (坦桑尼亚 肯尼亚),深圳市海铁物流有限公司广州分公司,大专,6K-8K,"['五险一金', '餐补', '交通补助', '员工旅游', '不加班']",3-5年
资深移民顾问,广州寰盛咨询服务有限公司,大专,25K-50K,"['五险一金', '加班补助', '带薪年假', '员工旅游', '节日福利']",1-3年
项目申报专员,广州慧晶高新信息科技有限公司,本科,10K-20K,"['五险一金', '绩效奖金', '全勤奖', '餐补', '补充医疗保险']",不限
【精英汇聚】猎头顾问/助理（挑战高薪+五险一金+季度晋升）,上海埃摩森资产管理中心(有限合伙),本科,6K-8K,"['五险一金', '绩效奖金', '周末双休', '节日福利', '带薪年假']",不限
【精英汇聚】猎头顾问/助理（挑战高薪+五险一金+季度晋升）,上海埃摩森资产管理中心(有限合伙),本科,6K-8K,"['五险一金', '绩效奖金', '周末双休', '节日福利', '带薪年假']",不限
机电数控工程师,广州北珠联科技有限公司,中专,6K-8K,"['五险一金', '绩效奖金', '包吃', '带薪年假', '全勤奖']",不限
普工转IT技术员,广州北珠联科技有限公司,中专,4K-6K,"['五险一金', '绩效奖金', '包吃', '带薪年假', '全勤奖']",不限
文旅拓展经理,广州德立游艇码头工程有限公司,大专,5K-10K,"['全勤奖', '餐补', '带薪年假', '包住', '节日福利']",3-5年
天河区急聘销售实习生/储备店长/每月一晋升,深圳市乐有家控股集团有限公司,大专,6.4K-7.2K,"['五险一金', '绩效奖金', '每年多次调薪', '住房补贴', '弹性工作']",不限
营销储干精英团队,深圳市乐有家控股集团有限公司,大专,6.4K-7.2K,"['五险一金', '绩效奖金', '弹性工作', '每年多次调薪', '大牛带队']",无经验
外贸跟单,广东威速易供应链管理有限公司,大专,4.5K-6K,"['五险一金', '绩效奖金', '全勤奖', '房补', '通讯补助']",1-3年
电话销售（双休+五险一金）,广州市扬诚货运代理有限公司,学历不限,6K-8K,"['绩效奖金', '年终分红', '弹性工作', '带团队', '出国游']",不限
网络销售,广东威速易供应链管理有限公司,学历不限,6K-10K,"['五险一金', '绩效奖金', '全勤奖', '带薪年假', '员工旅游']",1-3年
产品运营,中科云能(广州)科技发展有限公司,本科,8K-15K,"['五险一金', '年终分红', '绩效奖金', '周末双休']",1-3年
外贸业务员（大小周+高提成+社保，急招）,广州捷开五金制品有限公司,学历不限,5K-8K,"['五险一金', '年底双薪', '全勤奖', '员工旅游', '绩效奖金']",1-3年
综合售后服务专员4K起（国企双休）,中国太平洋人寿保险股份有限公司广州市天河支公司,中专,6K-12K,"['五险一金', '绩效奖金', '弹性工作', '员工旅游', '定期团建']",不限
底薪五千/置业顾问/房产销售/实习生,贝壳找房(北京)科技有限公司,大专,5K-10K,"['五险一金', '绩效奖金', '带薪年假', '出国游', '员工旅游']",不限
国寿优才,中国人寿保险股份有限公司广州市番禺支公司众志业务部,大专,4K-6K,"['周末双休', '带团队', '员工旅游', '节日福利', '定期团建']",1-3年
市场专员/助理,广东威速易供应链管理有限公司,中专,5K-10K,"['五险一金', '绩效奖金', '加班补助', '全勤奖', '带薪年假']",1-3年
销售管理,广州保研社企业管理顾问有限公司,大专,5K-10K,"['弹性工作', '不加班', '绩效奖金', '五险一金', '公司重点项目']",3-5年
统计文员,西安人瑞人力资源服务有限公司,大专,4K-6K,"['五险一金', '年底双薪', '绩效奖金', '定期体检', '定期团建']",不限
贷后资产管理,西安人瑞人力资源服务有限公司,中专,4K-6K,"['五险一金', '年底双薪', '绩效奖金', '定期体检', '定期团建']",不限
销售代表,广州雄菱制冷设备有限公司,中技,8K-10K,"['全勤奖', '五险一金', '节日福利', '员工旅游', '绩效奖金']",1-3年
Android初级工程师实习生,广州北珠联科技有限公司,中专,6K-8K,"['五险一金', '绩效奖金', '包吃', '带薪年假', '全勤奖']",不限
买手主管,广州细刻网络科技有限公司,大专,8K-10K,"['每年多次调薪', '带薪年假', '弹性工作', '节日福利', '员工旅游']",3-5年
销售代表（无责底薪+高提成）,学车了么(广州)汽车机动车驾驶员培训有限公司,学历不限,6K-8K,"['五险一金', '绩效奖金', '节日福利', '不加班', '定期团建']",不限
销售工程师,广州仪速安电子科技有限公司,大专,2K-4K,"['五险一金', '绩效奖金', '股票期权', '房补', '带薪年假']",无经验
物业管理 工作稳定+五险一金+各种补贴 ,弘顺网络科技有限公司,大专,4K-6K,"['五险一金', '全勤奖', '通讯补助', '项目奖金', '不加班']",不限
链家销售底薪5k起+五险一金+免费培训,广东链家房地产经纪有限公司,大专,8K-10K,"['绩效奖金', '带薪年假', '定期体检', '带团队', '五险一金']",不限
厂长,广州华进泳池灯具有限公司,大专,8K-15K,"['周末双休', '五险一金', '绩效奖金', '年终分红', '全勤奖']",5-10年
嵌入式linux系统开发工程师,广州邦讯信息系统有限公司,本科,8.5K-15K,"['五险一金', '年底双薪', '通讯补助', '带薪年假', '定期体检']",1-3年
财务经理,广州维发自动化设备有限公司,大专,6K-8K,"['年底双薪', '包吃', '包住', '餐补', '房补']",5-10年
自动化专业实习生,广州北珠联科技有限公司,中专,6K-8K,"['五险一金', '绩效奖金', '包吃', '带薪年假', '全勤奖']",不限
电话销售专员,广州华经信息科技有限公司,大专,3K-6K,"['五险一金', '交通补助', '餐补', '出国游', '绩效奖金']",不限
软件实习生,广州北珠联科技有限公司,中专,6K-8K,"['五险一金', '绩效奖金', '包吃', '带薪年假', '全勤奖']",不限
网络销售（准上市公司+无责任+高薪资）,升学教育,学历不限,6K-12K,"['绩效奖金', '五险一金', '弹性工作', '带薪年假', '全勤奖']",无经验
底薪6千-房地产置业顾问/网络销售-高提成/晋升快/大平台,贝壳找房(北京)科技有限公司,大专,8K-10K,"['五险一金', '绩效奖金', '定期体检', '弹性工作', '节日福利']",不限
关务主管,中泰集团,本科,10K-15K,"['五险一金', '带薪年假', '定期体检', '节日福利', '周末双休']",5-10年
平面设计主管,广州金蟋帅贸易有限公司,大专,8K-10K,"['全勤奖', '餐补', '节日福利', '房补', '绩效奖金']",3-5年
金融交易员（高薪+双休）,广州汇九金投资咨询有限公司,学历不限,10K-15K,"['五险一金', '绩效奖金', '带薪年假', '弹性工作', '定期体检']",不限
英语老师,企鹅家族管理咨询(北京)有限责任公司,大专,5K-8K,"['五险一金', '餐补', '全勤奖', '绩效奖金', '带薪年假']",不限
嵌入式物联网工程师实习生,广州北珠联科技有限公司,中专,6K-8K,"['五险一金', '绩效奖金', '包吃', '带薪年假', '全勤奖']",不限
法务专员,广州市娇联化妆品有限公司,本科,6K-8K,"['五险一金', '绩效奖金', '加班补助', '节日福利']",1-3年
电销专员（5000底薪加高提成）,德晟(广州)投资咨询有限公司,中专,8K-10K,"['周末双休', '节日福利', '全勤奖', '员工旅游', '绩效奖金']",1年以下
客服,广州迪智尼文化传播有限公司,学历不限,3.5K-5.5K,"['五险一金', '绩效奖金', '全勤奖', '包吃', '包住']",不限
管培生应届毕业生,广州胜狮教育科技有限公司,大专,6K-8K,"['五险一金', '绩效奖金', '加班补助', '餐补', '带薪年假']",无经验
人事助理,广州市铂桥信息科技有限公司,本科,3K-5K,"['弹性工作', '不加班', '每年多次调薪', '带薪年假', '定期体检']",不限
销售工程师,广州市挂绿环保工程有限公司,大专,10K-15K,"['周末双休', '五险一金', '餐补', '带薪年假', '绩效奖金']",3-5年
涉外业务助理,知墨知识产权运营(广州)有限公司,大专,4K-5K,"['五险一金', '带薪年假', '定期体检', '节日福利', '周末双休']",不限
人事助理 五险一金 朝九晚六 节日福利,丽水泰冰网络科技有限公司,大专,4K-6K,"['五险一金', '绩效奖金', '加班补助', '全勤奖', '交通补助']",不限
中教老师（五险一金+年度体检）,企鹅家族管理咨询(北京)有限责任公司,本科,4K-7K,"['五险一金', '餐补', '全勤奖', '绩效奖金', '带薪年假']",1-3年
销售主管（五险一金+年度体检）,企鹅家族管理咨询(北京)有限责任公司,大专,10K-15K,"['五险一金', '餐补', '全勤奖', '绩效奖金', '带薪年假']",3-5年
业务员5000--6000+五险,广州市房企网络科技有限公司,学历不限,4K-6K,"['五险一金', '加班补助', '餐补', '节日福利', '不加班']",不限
摄影业务员+无责任底薪,广州市房企网络科技有限公司,学历不限,6K-8K,"['五险一金', '绩效奖金', '节日福利']",不限
招商主管+五险+无责任底薪,广州市房企网络科技有限公司,学历不限,6K-10K,"['五险一金', '节日福利']",不限
理财规划师,中国人寿保险股份有限公司广州市越秀支公司伍文龙团队,学历不限,8K-10K,"['绩效奖金', '弹性工作', '员工旅游', '周末双休', '出国游']",不限
（京东）客服文员/客服助理/客服代表,广州市一网购电子商务有限公司,学历不限,4K-6K,"['绩效奖金', '带薪年假', '全勤奖', '交通补助', '餐补']",不限
D市场推广顾问/BD经理,广州悦悦驾驶培训有限公司,中技,8K-10K,"['五险一金', '绩效奖金', '股票期权', '通讯补助', '交通补助']",不限
D电话销售/网络销售（提供精准客资+大小周）,广州悦悦驾驶培训有限公司,大专,6K-8K,"['五险一金', '绩效奖金', '股票期权', '通讯补助', '交通补助']",不限
D店面销售/面销顾问（就近安排校区）,广州悦悦驾驶培训有限公司,大专,6K-8K,"['五险一金', '绩效奖金', '股票期权', '通讯补助', '交通补助']",不限
房地产电话/网络销售+无需外出,房上房(广州)信息科技有限公司,中专,10K-15K,"['带薪年假', '节日福利', '定期团建', '员工旅游', '大牛带队']",不限
置业顾问（无责任底薪+提成）,广州遇缘房地产代理有限公司,大专,15K-20K,"['每年多次调薪', '弹性工作', '员工旅游', '绩效奖金', '带薪年假']",1-3年
房产经纪人/销售/接受应届毕业生,广州市番禺区桥南聚优居房地产咨询服务部,中专,8K-10K,"['绩效奖金', '带团队', '定期团建', '员工旅游', '房补']",不限
商务推广专员,广州食链商业管理有限公司,学历不限,8K-10K,"['五险一金', '包住', '交通补助', '餐补', '全勤奖']",不限
招商专员（五险一金+双休+高提成+福利好）,广州食链商业管理有限公司,学历不限,8K-14K,"['五险一金', '包住', '绩效奖金', '交通补助', '餐补']",不限
人事助理，/销售助理,中国人寿保险股份有限公司广州市白云支公司鑫瑞团队,大专,4K-6K,"['五险一金', '年底双薪', '绩效奖金', '弹性工作', '周末双休']",不限
java实习生,广州北珠联科技有限公司,中专,6K-8K,"['五险一金', '绩效奖金', '包吃', '带薪年假', '全勤奖']",不限
Java开发助理工程师储备岗,广州市铂桥信息科技有限公司,本科,4K-6K,"['住房补贴', '五险一金', '弹性工作', '加班补助', '不加班']",不限
java软件工程师（接受实习生）,广州北珠联科技有限公司,中专,8K-10K,"['五险一金', '绩效奖金', '包吃', '带薪年假', '全勤奖']",不限
人力资源经理,广州执力教育科技有限公司,本科,10K-12K,"['五险一金', '周末双休', '节日福利', '员工旅游', '带薪年假']",3-5年
新房客户代表 名校同事9K起薪+房补+晋升快 J10288,居理新房,本科,10K-15K,"['节日福利', '五险一金', '绩效奖金', '全勤奖', '房补']",不限
Python人工智能开发实训生,广州北珠联科技有限公司,中专,6K-8K,"['五险一金', '绩效奖金', '包吃', '带薪年假', '全勤奖']",不限
网络运维工程师实习生,广州北珠联科技有限公司,中专,6K-8K,"['五险一金', '绩效奖金', '包吃', '带薪年假', '全勤奖']",不限
售前/后技术支持工程师,广州北珠联科技有限公司,中专,6K-8K,"['五险一金', '绩效奖金', '包吃', '带薪年假', '全勤奖']",不限
互联网社群运营专员,广州建众文化传播有限公司,大专,8K-10K,"['五险一金', '餐补', '通讯补助', '定期体检', '员工旅游']",不限
销售专员（校招）,广州凡科互联网科技股份有限公司,大专,5K-9K,"['带薪年假', '弹性工作', '定期体检', '补充医疗保险', '八险一金']",无经验
大客户销售代表,深圳市华一世纪企业管理顾问有限公司广州分公司,大专,6.5K-12K,"['五险一金', '年底双薪', '绩效奖金', '年终分红', '带薪年假']",不限
海珠区沙园课程顾问/招生老师,广州立尚教育服务有限公司,大专,5K-10K,"['五险一金', '绩效奖金', '带薪年假', '员工旅游', '节日福利']",不限
摄影助理,广州市房企网络科技有限公司,学历不限,4K-6K,"['五险一金', '全勤奖', '节日福利']",1-3年
智能家居销售（急聘）,广州荷鲁斯机电设备有限公司,大专,5K-10K,"['五险一金', '绩效奖金', '节日福利', '带薪年假', '通讯补助']",不限
大客户销售代表,广州高才博后信息咨询服务有限公司,大专,8K-12K,"['五险一金', '年底双薪', '绩效奖金', '全勤奖', '通讯补助']",1-3年
检验员（六险，4-6k）,广东拓臣科技发展有限公司,中技,4K-6K,"['年底双薪', '绩效奖金', '全勤奖', '通讯补助', '带薪年假']",1-3年
实验室分析,同创伟业(广东)检测技术股份有限公司,大专,3.5K-6K,"['周末双休', '节日福利', '餐补', '员工旅游', '带薪年假']",1-3年
采样员,同创伟业(广东)检测技术股份有限公司,大专,3.5K-7K,"['周末双休', '节日福利', '餐补', '员工旅游', '带薪年假']",1-3年
外汇交易员（高薪+双休）,广州汇九金投资咨询有限公司,学历不限,10K-15K,"['五险一金', '绩效奖金', '带薪年假', '弹性工作', '定期体检']",不限
（年底储备）普工转电商运营助理  ,广州北珠联科技有限公司,中专,6K-8K,"['五险一金', '绩效奖金', '包吃', '带薪年假', '全勤奖']",不限
人事文员,广州莎莎生物科技有限公司,中专,4K-4.5K,"['每年多次调薪', '餐补', '绩效奖金', '包吃', '包住']",1年以下
分析师（高薪+双休）,广州汇九金投资咨询有限公司,本科,6K-8K,"['绩效奖金', '带薪年假', '弹性工作', '周末双休', '定期体检']",1-3年
电子信息工程师助理,广州北珠联科技有限公司,中专,6K-8K,"['五险一金', '绩效奖金', '包吃', '带薪年假', '全勤奖']",无经验
搬运工,广东威速易供应链管理有限公司,学历不限,4K-6K,"['五险一金', '房补', '高温补贴', '节日福利', '带薪年假']",不限
java开发实习生,广州北珠联科技有限公司,中专,6K-8K,"['五险一金', '绩效奖金', '包吃', '带薪年假', '全勤奖']",不限
股票交易员（高薪+双休）,广州汇九金投资咨询有限公司,学历不限,10K-15K,"['五险一金', '年底双薪', '绩效奖金', '全勤奖', '带薪年假']",不限
风控专员（高薪+双休）,广州汇九金投资咨询有限公司,大专,6K-8K,"['绩效奖金', '带薪年假', '弹性工作', '周末双休', '定期体检']",1-3年
销售总监/区域销售总监（急招）,广东卓纬科技有限公司,大专,10K-20K,"['五险一金', '每年多次调薪', '节日福利', '周末双休', '不加班']",5-10年
人力资源主管,广州杜文彪装饰设计有限公司,本科,10K-15K,"['弹性工作', '带薪年假', '节日福利', '交通补助', '五险一金']",5-10年
3d设计师,广州华进泳池灯具有限公司,大专,4K-8K,"['周末双休', '五险一金', '绩效奖金', '年终分红', '全勤奖']",1年以下
课程顾问（无责任底薪+高提成）,广州市晟名体育发展有限公司,中专,8K-10K,"['包住', '年终分红', '弹性工作', '带薪年假']",不限
操盘手,广州汇九金投资咨询有限公司,学历不限,20K-30K,"['五险一金', '绩效奖金', '带薪年假', '弹性工作', '定期体检']",不限
股票操盘手（高薪+双休）,广州汇九金投资咨询有限公司,学历不限,20K-30K,"['五险一金', '绩效奖金', '带薪年假', '弹性工作', '定期体检']",不限
单片机储备工程师,广州北珠联科技有限公司,中专,6K-8K,"['五险一金', '绩效奖金', '包吃', '带薪年假', '全勤奖']",不限
配方工程师,广州市铭成橡塑科技有限公司,大专,8K-10K,"['包住', '餐补', '绩效奖金', '节日福利', '高温补贴']",1-3年
程序员实习生（java方向）,广州北珠联科技有限公司,中专,8K-10K,"['五险一金', '绩效奖金', '包吃', '带薪年假', '全勤奖']",不限
房地产销售/置业顾问,广州市番禺区桥南聚优居房地产咨询服务部,学历不限,20K-30K,"['全勤奖', '房补', '带薪年假', '节日福利', '员工旅游']",不限
销售主管（五险一金）,企鹅家族管理咨询(北京)有限责任公司,大专,10K-15K,"['五险一金', '绩效奖金', '年终分红', '弹性工作', '餐补']",3-5年
证券分析师（双休+高额提成）,广州启泽网络科技有限公司,大专,8K-10K,"['五险一金', '绩效奖金', '员工旅游', '节日福利', '周末双休']",1-3年
猎头顾问,广州市北斗星辰人力资源顾问有限公司,大专,6K-8K,"['五险一金', '绩效奖金', '全勤奖', '带薪年假', '弹性工作']",1-3年
会员会籍管理,上海先升品牌管理中心,本科,10K-16K,"['绩效奖金', '五险一金', '年底双薪', '餐补', '房补']",不限
人事行政主管（周末双休+入职购买五险一金）,广州胜狮教育科技有限公司,大专,8K-10K,"['五险一金', '绩效奖金', '加班补助', '餐补', '带薪年假']",3-5年
微信销售无责任底薪,广州玛尚健康科技股份有限公司,学历不限,6K-12K,"['每年多次调薪', '五险一金', '绩效奖金', '全勤奖', '包吃']",不限
IT技术员,益海嘉里(茂名)食品工业有限公司,大专,4K-6K,"['五险一金', '包住', '餐补', '带薪年假', '员工旅游']",3-5年
课程销售顾问（朝九晚六,广州胜狮教育科技有限公司,大专,8K-10K,"['五险一金', '绩效奖金', '加班补助', '餐补', '带薪年假']",1年以下
人力资源专员,广州杜文彪装饰设计有限公司,大专,4K-6K,"['五险一金', '年底双薪', '绩效奖金', '交通补助', '补充医疗保险']",1-3年
项目申报工程师,广州市珠江灯光科技有限公司,大专,6K-8K,"['五险一金', '绩效奖金', '带薪年假', '免费班车', '员工旅游']",1-3年
Facebook广告投放,广东天拓海汇科技有限公司,大专,6K-8K,"['五险一金', '年底双薪', '绩效奖金', '加班补助', '通讯补助']",1-3年
Facebook/Twitter/Instagram社媒运营,广东天拓海汇科技有限公司,大专,4K-8K,"['五险一金', '年底双薪', '绩效奖金', '带薪年假', '定期体检']",1-3年
广告投放专员,广东天拓海汇科技有限公司,本科,4K-8K,"['五险一金', '年底双薪', '绩效奖金', '带薪年假', '定期体检']",不限
销售运营经理/主管,上海先升品牌管理中心,大专,8K-15K,"['绩效奖金', '五险一金', '年底双薪', '餐补', '房补']",不限
NIPT技术员,广州华银健康科技有限公司,本科,4K-8K,"['五险一金', '绩效奖金', '定期体检', '带薪年假']",不限
销售BD,广州食链商业管理有限公司,学历不限,5K-10K,"['五险一金', '包住', '交通补助', '餐补', '全勤奖']",不限
交易员助理（高薪+双休）,广州汇九金投资咨询有限公司,学历不限,8K-10K,"['绩效奖金', '带薪年假', '弹性工作', '周末双休', '定期体检']",不限
见习交易员（高薪+双休）,广州汇九金投资咨询有限公司,学历不限,10K-15K,"['绩效奖金', '带薪年假', '弹性工作', '周末双休', '定期体检']",不限
培训主管,广州敏捷新生活物业管理有限公司,本科,6K-8K,"['五险一金', '绩效奖金', '包吃', '包住', '带薪年假']",3-5年
HRBP,广州透真生物科技有限公司,大专,8K-12K,"['绩效奖金', '全勤奖', '员工旅游', '节日福利', '弹性工作']",3-5年
智能店铺运营经理（线下）,广州富锐智能科技有限公司,大专,8K-15K,"['五险一金', '每年多次调薪', '通讯补助', '餐补', '房补']",5-10年
课程销售顾问（朝九晚六,广州胜狮教育科技有限公司,大专,8K-10K,"['五险一金', '绩效奖金', '加班补助', '餐补', '带薪年假']",1年以下
美容导师（全国驻地厂家老师）,广州市蔻波生物科技有限公司,中专,6K-10K,"['五险一金', '年底双薪', '绩效奖金', '全勤奖', '带薪年假']",1-3年
销售助理,广州市炎华网络科技有限公司,学历不限,4K-6K,"['创业公司', '周末双休', '年底双薪', '绩效奖金', '餐补']",不限
招聘新楼盘房地产销售员工 ,广州粤纵置业有限公司中山八路分公司,学历不限,8K-15K,[],不限
急招新楼盘销售均薪8K ,广州粤纵置业有限公司中山八路分公司,学历不限,8K-15K,[],不限
高级销售+国外游+高提成 ,广州粤纵置业有限公司中山八路分公司,学历不限,4K-7K,[],不限
操盘手助理（高薪+双休）,广州汇九金投资咨询有限公司,学历不限,6K-8K,"['绩效奖金', '带薪年假', '弹性工作', '周末双休', '定期体检']",不限
见习操盘手（高薪+双休）,广州汇九金投资咨询有限公司,学历不限,15K-20K,"['绩效奖金', '带薪年假', '弹性工作', '周末双休', '定期体检']",不限
课程设计师,广州职赢未来信息科技有限公司,本科,5K-9K,[],1-3年
订单处理员/物流客服 周末双休,丽水泰冰网络科技有限公司,大专,4K-6K,"['五险一金', '绩效奖金', '加班补助', '全勤奖', '交通补助']",不限
投资理财顾问（高薪+双休）,广州汇九金投资咨询有限公司,学历不限,8K-10K,"['绩效奖金', '带薪年假', '弹性工作', '周末双休', '定期体检']",不限
质量总监,广州胶管厂有限公司,本科,6K-8K,"['五险一金', '包住', '免费班车', '免费停车']",1-3年
课程顾问 无责底薪4000起（提供客户资源+五险一金）,广州潭州教育网络科技有限公司,高中,7K-10K,"['五险一金', '绩效奖金', '年底双薪', '定期体检', '员工旅游']",1年以下
财务专员,广州圣幸健康科技有限公司,本科,6K-8K,"['五险一金', '全勤奖', '带薪年假', '节日福利', '丰厚年张奖']",3-5年
销售工程师（扩张，急聘）,广州荷鲁斯机电设备有限公司,大专,5K-10K,"['五险一金', '绩效奖金', '交通补助', '通讯补助', '带薪年假']",不限
销售主管,企鹅家族管理咨询(北京)有限责任公司,大专,15K-20K,"['五险一金', '绩效奖金', '年终分红', '弹性工作', '餐补']",不限
电销专员,广州高才博后信息咨询服务有限公司,大专,8K-12K,"['五险一金', '年底双薪', '绩效奖金', '全勤奖', '通讯补助']",1-3年
销售代表,广州高才博后信息咨询服务有限公司,大专,8K-12K,"['五险一金', '年底双薪', '绩效奖金', '全勤奖', '通讯补助']",1-3年
销售代表/专员 试用期无责5K（国企双休）,中国太平洋人寿保险股份有限公司广州市天河支公司,大专,10K-20K,"['全勤奖', '绩效奖金', '年终分红', '弹性工作', '周末双休']",不限
HRBP经理/高级经理（市场部）,蓝月亮(中国)有限公司,本科,20K-40K,"['五险一金', '绩效奖金', '餐补', '带薪年假', '加班补助']",5-10年
坐诊专家,广州可芳化妆品有限公司,学历不限,20K-30K,"['交通补助', '包吃', '包住', '节日福利', '带薪年假']",5-10年
金沙洲广佛交界招聘房产销售,贝壳找房(北京)科技有限公司,学历不限,8K-10K,"['绩效奖金', '年终分红', '全勤奖', '通讯补助', '弹性工作']",不限
课程顾问,广州市番禺区启德教育培训中心,大专,8K-10K,"['五险一金', '定期体检', '带薪年假', '节日福利', '定期团建']",不限
猎头顾问（广州）,厦门麦乐熊文化用品有限公司,本科,8K-10K,"['周末双休', '五险一金', '绩效奖金', '节日福利', '带薪年假']",不限
包装设计,广州市键麒炫进出口贸易有限公司,大专,4K-8K,"['五险一金', '定期体检', '员工旅游', '节日福利', '绩效奖金']",1-3年
电销团队主管（底薪6千起+双休）,广州高才博后信息咨询服务有限公司,大专,12K-20K,[],3-5年
新媒体运营,友创广告传媒有限公司,大专,6K-8K,"['五险一金', '年底双薪', '绩效奖金', '弹性工作', '带薪年假']",不限
外贸客服,广州市天珺姿贸易有限公司,中专,4K-6K,"['绩效奖金', '员工旅游', '节日福利', '五险一金', '年终分红']",不限
电商文案,HFP,本科,7K-9K,"['五险一金', '年底双薪', '定期体检', '弹性工作', '创业公司']",1-3年
海运销售代表（非洲航线）,深圳市海铁物流有限公司广州分公司,大专,4K-6K,"['五险一金', '交通补助', '餐补', '通讯补助', '绩效奖金']",3-5年
海运销售（针对同行市场非洲舱位销售）,深圳市海铁物流有限公司广州分公司,中专,3K-5K,"['五险一金', '餐补', '交通补助', '带薪年假', '员工旅游']",3-5年
人力资源经理（物业）,广州敏捷新生活物业管理有限公司,本科,10K-13K,"['节日福利', '五险一金', '绩效奖金', '包吃', '包住']",5-10年
人事行政经理（临洮）,上海雪榕生物科技股份有限公司,本科,8K-10K,"['五险一金', '全勤奖', '包吃', '包住']",5-10年
猎头顾问,广东创世纪文化传播有限公司,大专,4.5K-7.5K,"['加班补助', '全勤奖', '五险一金', '绩效奖金', '带薪年假']",1-3年
人事专员,广州丰渡科技有限公司,大专,4.5K-6K,"['绩效奖金', '全勤奖', '带薪年假', '弹性工作', '节日福利']",不限
客户服务总监,上海先升品牌管理中心,大专,15K-30K,"['绩效奖金', '五险一金', '年底双薪', '餐补', '房补']",不限
课程招生/销售精英（公司提供资源+校内办公）,广州学而好教育信息咨询有限公司,大专,6K-8K,"['不加班', '节日福利', '绩效奖金', '通讯补助']",不限
记忆法讲师 （双休+五险一金,广州胜狮教育科技有限公司,大专,8K-10K,"['五险一金', '绩效奖金', '加班补助', '餐补', '带薪年假']",1-3年
外贸业务员,广州洲优饰品有限公司,大专,3K-6K,"['五险一金', '全勤奖', '节日福利', '员工旅游', '餐补']",1-3年
人力资源专员,广东立乔交通工程有限公司,大专,4K-6K,"['周末双休', '带薪年假', '员工旅游', '节日福利', '不加班']",3-5年
经营副总,广东立乔交通工程有限公司,大专,10K-15K,"['节日福利', '年终分红', '全勤奖', '交通补助', '通讯补助']",5-10年
成本会计,东莞市瑞美装饰工程有限公司,本科,6K-8K,"['五险一金', '周末双休', '节日福利', '定期团建', '带薪年假']",3-5年
原画师w（五险一金+住宿/补贴）,广州潭州教育网络科技有限公司,大专,8K-10K,"['五险一金', '包住', '房补', '节日福利']",不限
销售代表,广东威速易供应链管理有限公司,中专,6K-12K,"['五险一金', '绩效奖金', '全勤奖', '带薪年假', '员工旅游']",不限
经营主管,融捷股份有限公司,本科,8K-12K,"['周末双休', '五险一金', '绩效奖金', '餐补', '通讯补助']",5-10年
技术支持工程师（高通量测序）,广州达安临床检验中心有限公司,硕士,8K-16K,"['五险一金', '绩效奖金', '定期体检', '高温补贴', '周末双休']",1-3年
家具设计师,广州市鹰牌陶瓷有限公司,大专,6K-10K,"['全勤奖', '绩效奖金', '带薪年假', '弹性工作', '补充医疗保险']",1-3年
贝壳网-地产销售/置业顾问/高底薪高提成,广州市番禺区桥南聚优居房地产咨询服务部,学历不限,8K-10K,"['绩效奖金', '带团队', '定期团建', '员工旅游', '房补']",不限
人事主管（工作地点：黄埔区）,广东岩迪机械设备有限公司,本科,6K-8K,"['年底双薪', '绩效奖金', '通讯补助', '带薪年假', '员工旅游']",5-10年
汽车类软件开发储备岗,广州市铂桥信息科技有限公司,本科,4.5K-6.5K,"['绩效奖金', '带薪年假', '节日福利', '不加班', '补充医疗保险']",不限
高端家具销售顾问/销售代表,广州市天河区珠江新城奕居家具店,学历不限,6K-12K,"['五险一金', '年底双薪', '绩效奖金', '加班补助', '全勤奖']",1-3年
电话销售（4.3K底薪+高提成）,学车了么(广州)汽车机动车驾驶员培训有限公司,大专,8K-15K,"['五险一金', '绩效奖金', '节日福利', '不加班', '定期团建']",1-3年
招聘新楼盘房地产销售员工 ,广州粤纵置业有限公司中山八路分公司,学历不限,8K-15K,[],不限
招聘新楼销售员工 ,广州粤纵置业有限公司中山八路分公司,学历不限,7K-13K,[],不限
产品经理,广州至爱智家科技有限公司,本科,10K-17K,"['五险一金', '年底双薪', '餐补', '带薪年假', '定期体检']",3-5年
文案策划专员,广州至爱智家科技有限公司,本科,8K-14K,"['五险一金', '年底双薪', '餐补', '带薪年假', '定期体检']",3-5年
注册专员,广州南都电子科技有限公司,本科,4K-8K,"['年底双薪', '房补', '定期体检', '员工旅游', '不加班']",1-3年
课程顾问（无责任底薪+高提成）,广州市晟名体育发展有限公司,中专,8K-10K,"['包住', '年终分红', '弹性工作', '带薪年假']",不限
理化检验员,同创伟业(广东)检测技术股份有限公司,大专,3.5K-6K,"['周末双休', '节日福利', '餐补', '员工旅游', '带薪年假']",无经验
乐有家销售4800+业务精英/管培双向选择,深圳市乐有家控股集团有限公司,大专,4.9K-8K,"['五险一金', '带薪年假', '高温补贴', '90后团队', '提供住宿']",不限
高薪诚聘绘图员/设计师,广州市天河区珠江新城奕居家具店,学历不限,5K-8.5K,"['五险一金', '年底双薪', '绩效奖金', '加班补助', '全勤奖']",不限
Java开发工程师,云宏信息科技股份有限公司,本科,10K-20K,"['带薪年假', '弹性工作', '全勤奖', '周末双休', '年终分红']",3-5年
高薪+五险网络销售,广州玛尚健康科技股份有限公司,学历不限,6K-12K,"['每年多次调薪', '五险一金', '绩效奖金', '全勤奖', '包吃']",不限
财税顾问,广州凌风企业管理有限公司,大专,6K-8K,"['五险一金', '弹性工作', '全勤奖', '绩效奖金', '交通补助']",不限
市场销售经理（保底5000、底薪+提成+五险一金）,广州食链商业管理有限公司,学历不限,8K-10K,"['五险一金', '绩效奖金', '餐补', '交通补助', '包住']",无经验
淘宝天猫售前售后客服,广州市梵威商贸有限公司,中专,6K-8K,"['年底双薪', '绩效奖金', '加班补助', '全勤奖', '包住']",1年以下
销售总监（双休+工作餐+五险一金）,广州先迈商贸有限公司,大专,100K-150K,"['五险一金', '包吃', '定期体检', '全勤奖', '加班补助']",5-10年
HRBP高级专员（IT部）,蓝月亮(中国)有限公司,本科,8K-14K,"['五险一金', '绩效奖金', '餐补', '带薪年假', '包住']",不限
BI开发工程师,广州银行股份有限公司信用卡中心,本科,10K-15K,"['周末双休', '节日福利', '弹性工作', '国企平台', '团队氛围好']",3-5年
美导老师,广州谜思妆日用品有限公司,中技,6K-8K,"['绩效奖金', '加班补助', '包住', '交通补助', '带薪年假']",1-3年
高级理财总监,广州汇豪网络科技有限公司,学历不限,30K-50K,"['五险一金', '年底双薪', '带薪年假', '年终分红', '绩效奖金']",3-5年
平面设计师,广州至爱智家科技有限公司,本科,10K-16K,"['五险一金', '年底双薪', '绩效奖金', '餐补', '带薪年假']",3-5年
高端进口家具销售代表/销售顾问,广州市天河区珠江新城奕居家具店,中专,7K-14K,"['每年多次调薪', '五险一金', '年底双薪', '绩效奖金', '加班补助']",1-3年
食品厂急聘现场QC包食宿,广州市来利洪饼业有限公司,中专,3K-5K,"['包吃', '包住', '绩效奖金', '加班补助', '员工旅游']",不限
销售经理销售主管6k-8k（提供住宿/每月一次晋升机会）,深圳市乐有家控股集团有限公司,大专,6.4K-7.2K,"['五险一金', '绩效奖金', '房补', '餐补', '弹性工作']",不限
报告编制,同创伟业(广东)检测技术股份有限公司,大专,3.5K-6K,"['周末双休', '节日福利', '餐补', '员工旅游', '带薪年假']",不限
课程顾问底薪4000起（提供客户资源+五险一金）,广州潭州教育网络科技有限公司,高中,7K-10K,"['五险一金', '绩效奖金', '年底双薪', '定期体检', '员工旅游']",1年以下
猎头顾问助理,广州威思登企业管理咨询有限公司,本科,4K-6K,"['绩效奖金', '五险一金', '周末双休', '餐补', '通讯补助']",不限
电话销售精准资源+高薪资五险,新点投资,学历不限,8K-10K,"['年底双薪', '绩效奖金', '五险一金', '带薪年假', '员工旅游']",不限
销售（高底薪+高提成）,广州亿游科技有限公司,大专,4K-8K,"['绩效奖金', '包吃', '带薪年假', '年底双薪', '员工旅游']",1-3年
产品经理,HFP,本科,8K-10K,"['五险一金', '年底双薪', '定期体检', '弹性工作', '创业公司']",1-3年
办公室文员 （双休）,广州启泽网络科技有限公司,大专,4K-6K,"['五险一金', '绩效奖金', '员工旅游', '节日福利', '周末双休']",不限
前台行政,广东普惠教育科技有限公司,大专,4K-5K,"['五险一金', '年终分红', '带薪年假', '弹性工作', '节日福利']",不限
财务会计专员,广州市森品广告有限公司,大专,3K-4.5K,"['周末双休', '员工旅游', '弹性工作', '绩效奖金', '五险一金']",1-3年
电商文案,HFP,本科,7K-9K,"['五险一金', '年底双薪', '定期体检', '弹性工作', '创业公司']",1-3年
销售专员+5000+提成+社保（应届毕业生亦可）,深圳市华一世纪企业管理顾问有限公司广州分公司,高中,6K-8K,[],不限
高端家具销售代表/储备店长,广州市天河区珠江新城奕居家具店,学历不限,6K-12K,"['五险一金', '年底双薪', '绩效奖金', '加班补助', '全勤奖']",1-3年
电话销售,广州明灯信息科技有限公司,学历不限,6K-8K,"['五险一金', '绩效奖金', '通讯补助', '带薪年假', '交通补助']",不限
总经理助理秘书,广州爵牌服装实业有限公司,大专,8K-16K,"['员工旅游', '节日福利', '包住', '交通补助', '年底双薪']",3-5年
注册专员,广州迈景基因医学科技有限公司,硕士,4K-8K,"['创业公司', '五险一金', '绩效奖金', '带薪年假', '员工旅游']",不限
市场公关总监,武汉华中人瑞人力资源服务有限公司,大专,30K-50K,"['五险一金', '年底双薪', '绩效奖金', '餐补', '周末双休']",不限
微信营销专员,广州市淮杰实业有限公司,中专,4K-8K,"['绩效奖金', '包吃', '节日福利', '员工旅游', '周末双休']",不限
行政特助/行政特别助理,广州市富诚装饰纸品有限公司,中专,3.5K-5K,"['绩效奖金', '全勤奖', '带薪年假', '包吃', '包住']",1-3年
售前/售后服务经理,中国人寿保险股份有限公司广州市分公司第十一营销服务部曾欢部,大专,6K-8K,"['弹性工作', '节日福利', '周末双休', '项目奖金', '带团队']",1年以下
网络销售专员/网络推广专员（无责任底薪+高提成）,广东绿日环境科技有限公司,中专,6K-8K,"['绩效奖金', '带薪年假', '节日福利', '提供住宿']",无经验
数据库开发工程师,广州银行股份有限公司信用卡中心,本科,10K-19K,"['周末双休', '五险一金', '定期体检', '节日福利', '餐补']",5-10年
书法老师（年薪12-15w+双休五险一金）,上海秦汉胡同教育培训有限公司,本科,6K-12K,"['五险一金', '年底双薪', '带薪年假', '绩效奖金', '定期体检']",1-3年
3DMAX讲师P,广州潭州教育网络科技有限公司,大专,4K-6K,"['五险一金', '绩效奖金', '带薪年假', '节日福利', '住房补贴']",不限
游戏原画讲师P,广州潭州教育网络科技有限公司,大专,4K-6K,"['五险一金', '绩效奖金', '带薪年假', '节日福利', '住房补贴']",不限
家居设计师,广东卡诺亚家居有限公司,大专,4K-8K,"['五险一金', '年底双薪', '绩效奖金', '股票期权', '全勤奖']",1-3年
储备经理——广州市,广州遇见小面餐饮管理有限公司,大专,4K-5K,"['绩效奖金', '全勤奖', '交通补助', '定期体检', '员工旅游']",不限
钢结构详图设计,广州玮莱房屋建筑有限公司,大专,8K-12K,"['五险一金', '年底双薪', '加班补助', '带薪年假', '全勤奖']",1-3年
食品品质检测员（高薪+社保）,广州市来利洪饼业有限公司,大专,3K-5K,"['包吃', '包住', '全勤奖', '节日福利', '绩效奖金']",1-3年
电话销售,中意人寿保险有限公司广东省分公司,中专,6K-8K,"['节日福利', '每年多次调薪', '五险一金', '年底双薪', '绩效奖金']",不限
电话销售客服（均薪5000元左右，五险一金),中意人寿保险有限公司广东省分公司,中专,6K-8K,"['五险一金', '年底双薪', '绩效奖金', '年终分红', '全勤奖']",不限
手机APP开发工程师（工龄工资）,广州辰星教育软件有限公司,本科,6K-10K,"['五险一金', '全勤奖', '节日福利', '周末双休', '定期团建']",1-3年
二手车销售经理（广州）,优车库网络科技发展(深圳)有限公司,大专,10K-20K,"['五险一金', '带薪年假', '全勤奖', '节日福利', '年终分红']",1-3年
业务员+无责任底薪+提成,广州市房企网络科技有限公司,学历不限,4K-6K,"['五险一金', '餐补', '节日福利']",不限
售前顾问+均薪10k+朝十晚七+五险一金,升学教育,大专,8K-10K,"['五险一金', '绩效奖金', '带薪年假', '全额公积金', '大牛带队']",1年以下
会计4k/社保/补贴/带薪年假,广州汇邦财税咨询有限公司,大专,6K-8K,"['五险一金', '绩效奖金', '全勤奖', '餐补', '房补']",不限
销售主管 /年假/高提成/绩效奖/社保,广州汇邦财税咨询有限公司,大专,10K-15K,"['五险一金', '绩效奖金', '全勤奖', '餐补', '房补']",不限
需求分析师（BI方向）,广州银行股份有限公司信用卡中心,本科,13K-18K,"['周末双休', '五险一金', '定期体检', '节日福利', '绩效奖金']",5-10年
猎头顾问,广州威思登企业管理咨询有限公司,本科,5K-10K,"['绩效奖金', '年底双薪', '五险一金', '周末双休', '带薪年假']",1-3年
信用卡发卡专员,广发银行股份有限公司广州分行,大专,10K-20K,"['五险一金', '带薪年假', '弹性工作', '定期体检', '员工旅游']",不限
店铺经理,广州星火文化创意有限公司,大专,5K-8K,"['绩效奖金', '五险一金']",1-3年
高薪诚聘销售专员,广州聚鑫信息科技有限公司,学历不限,5K-10K,"['五险一金', '绩效奖金', '交通补助', '全勤奖', '员工旅游']",不限
新媒体运营经理,广州启泽网络科技有限公司,大专,10K-18K,"['五险一金', '绩效奖金', '员工旅游', '节日福利', '周末双休']",3-5年
销售代表/销售助理+综合薪资6K~10K+培训,广东绿日环境科技有限公司,中专,6K-10K,"['绩效奖金', '带薪年假', '节日福利', '提供住宿']",无经验
业务跟单助理,同创伟业(广东)检测技术股份有限公司,大专,3K-6K,"['周末双休', '节日福利', '餐补', '员工旅游', '带薪年假']",1-3年
薪酬制度高专/主任,蓝月亮(中国)有限公司,本科,9K-18K,"['五险一金', '绩效奖金', '餐补', '带薪年假', '包住']",不限
环保助理工程师,广州立白企业集团有限公司,本科,5K-8K,"['五险一金', '年底双薪', '加班补助', '包住', '餐补']",1年以下
生产组长,广州市韦尔讯信息科技有限公司,中专,3.5K-5K,"['绩效奖金', '五险齐全', '加班补助', '全勤奖', '节日福利']",1-3年
旅游营销总监,广东省中国青年旅行社沿江中路分社,本科,15K-20K,"['绩效奖金', '餐补', '弹性工作', '员工旅游', '周末双休']",3-5年
课程顾问（高底薪加五险一金）c,广州潭州教育网络科技有限公司,中专,8K-10K,"['五险一金', '绩效奖金', '节日福利', '每年多次调薪', '带薪年假']",不限
高端进口床垫销售代表/销售顾问/储备店长,广州市天河区珠江新城奕居家具店,中专,7K-14K,"['五险一金', '年底双薪', '绩效奖金', '加班补助', '全勤奖']",1-3年
粤语电话销售（高提成、包住、双休）,广州市蓝斯投资管理有限公司,学历不限,6K-8K,"['五险', '年终分红', '周末双休', '带薪年假', '包住']",不限
财务总监,武汉华中人瑞人力资源服务有限公司,大专,10K-15K,"['五险一金', '交通补助', '餐补', '周末双休', '员工旅游']",1-3年
行政专员,宜信普惠信息咨询(北京)有限公司,本科,6K-8K,"['五险一金', '绩效奖金', '员工旅游', '周末双休', '带薪年假']",不限
通信软件开发工程师储备岗,广州市铂桥信息科技有限公司,本科,4.5K-7K,"['住房补贴', '五险一金', '加班补助', '不加班', '每年多次调薪']",不限
安防主管,广州保利商业物业发展有限公司,大专,7.5K-8K,"['餐补', '高温补贴', '节日福利', '五险一金', '年底双薪']",1-3年
一对一带教 ：高提成房产销售J,广州粤纵置业有限公司,中专,8K-10K,"['五险一金', '绩效奖金', '通讯补助', '弹性工作', '定期体检']",1年以下
人力资源经理,广东立乔交通工程有限公司,大专,8K-10K,"['周末双休', '通讯补助', '带薪年假', '员工旅游', '节日福利']",5-10年
高级用户分析师,广州星域信息科技有限公司,本科,10K-15K,"['五险一金', '年底双薪', '绩效奖金', '带薪年假', '节日福利']",3-5年
资深课程设计师,广州职赢未来信息科技有限公司,本科,7K-12K,[],3-5年
信贷专员,小蜜蜂(广州)信用咨询有限公司,学历不限,6K-8K,"['绩效奖金', '全勤奖', '五险一金', '员工旅游', '周末双休']",不限
亚马逊运营专员,佛山市伟优科技有限公司,大专,5K-10K,"['五险一金', '绩效奖金', '全勤奖', '带薪年假', '员工旅游']",1-3年
招投标专员,同创伟业(广东)检测技术股份有限公司,大专,4K-6K,"['周末双休', '餐补', '员工旅游', '带薪年假', '五险一金']",不限
销售助理五险室内办公,新点投资,中专,6K-8K,"['每年多次调薪', '节日福利', '社保', '员工旅游', '全勤奖']",不限
反欺诈政策分析师,广州银行股份有限公司信用卡中心,硕士,7.5K-15K,"['五险一金', '绩效奖金', '餐补', '带薪年假', '弹性工作']",不限
总经理助理,广州兰狮体育用品有限公司,本科,5K-7K,"['五险一金', '绩效奖金', '年底双薪', '全勤奖', '带薪年假']",1-3年
人事行政专员/主管（双休）,设计家教育科技(广州)有限公司,大专,4K-5.5K,"['节日福利', '绩效奖金', '周末双休', '带薪年假']",3-5年
BIM技术主管,广州秉木建筑科技有限公司,大专,10K-15K,"['五险一金', '房补', '弹性工作', '绩效奖金']",3-5年
家居顾问,广东卡诺亚家居有限公司,中专,5K-8K,"['五险一金', '年底双薪', '绩效奖金', '股票期权', '全勤奖']",不限
原画讲师(包住+五险一金),广州潭州教育网络科技有限公司,大专,7K-10K,"['五险一金', '定期体检', '员工旅游', '定期团建', '包住']",无经验
网络销售（无责任底薪4000）,广州时时美贸易有限公司,大专,10K-15K,"['节日福利', '不加班', '五险一金', '绩效奖金', '带薪年假']",不限
有机检测员,同创伟业(广东)检测技术股份有限公司,大专,3.5K-7K,"['周末双休', '节日福利', '餐补', '员工旅游', '带薪年假']",1-3年
培训专员/助理 入职即上五险一金,弘顺网络科技有限公司,大专,4K-6K,"['五险一金', '全勤奖', '通讯补助', '项目奖金', '不加班']",不限
网络运营,广州市广泰企业有限公司,学历不限,8K-10K,"['五险一金', '年底双薪', '绩效奖金', '带薪年假', '员工旅游']",不限
网络销售专员底薪5K+提成,广州粤纵置业有限公司中山八路分公司,学历不限,8K-10K,"['五险一金', '包住', '全勤奖', '带薪年假', '房补']",不限
销售经理,广州职赢未来信息科技有限公司,大专,16K-25K,[],1-3年
研发总监,广东履安实业有限公司,本科,25K-30K,"['绩效奖金', '通讯补助', '带薪年假', '员工旅游', '节日福利']",5-10年
呼叫中心培训讲师,上海维音信息技术股份有限公司广州分公司,大专,8K-10K,"['五险一金', '带薪年假', '节日福利', '定期体检', '绩效奖金']",3-5年
4千咖啡厅服务员（实习/兼职）,广东星巴克咖啡有限公司东方文德广场分店,学历不限,4K-6K,"['全勤奖', '包吃', '包住', '交通补助', '餐补']",不限
家庭风险保障规划师105,深圳市金斧子网络科技有限公司,本科,8K-15K,"['五险一金', '通讯补助', '带薪年假', '弹性工作', '定期体检']",不限
高级运维工程师,广州宝立科技有限公司,本科,10K-15K,"['五险一金', '员工旅游', '绩效奖金']",5-10年
大数据开发工程师,广州银行股份有限公司信用卡中心,本科,13K-25K,"['周末双休', '五险一金', '定期体检', '节日福利', '餐补']",3-5年
工业交互设计导师,北京鲲鹏山水教育咨询有限公司广州分公司,硕士,10K-15K,"['年终分红', '加班补助', '节日福利', '五险一金', '绩效奖金']",不限
商务代表,广州优识科技资讯股份有限公司,大专,8K-10K,"['周末双休', '五险一金', '绩效奖金', '年底双薪', '补充医疗保险']",1-3年
高级java软件工程师 社保+餐补+弹性,广州德汇贸易有限公司,大专,15K-20K,"['全勤奖', '餐补', '员工旅游', '节日福利', '社保']",5-10年
助理估价师,深圳市世联土地房地产评估有限公司广州分公司,大专,5K-10K,"['五险一金', '年底双薪', '绩效奖金', '带薪年假', '定期体检']",3-5年
金融客服专员（年轻化的团队+五险一金,广东光大普惠科技有限公司,大专,6K-8K,"['五险一金', '绩效奖金', '全勤奖', '通讯补助']",不限
课程顾问,广州萌娃教育信息咨询有限公司,大专,3K-4.5K,"['绩效奖金', '带薪年假', '节日福利', '员工旅游', '餐补']",不限
行政人事经理,广州逾越医疗器械有限公司,本科,6K-10K,"['员工旅游', '包住', '通讯补助', '绩效奖金', '交通补助']",5-10年
环境检测业务员,同创伟业(广东)检测技术股份有限公司,大专,5K-10K,"['周末双休', '餐补', '员工旅游', '五险一金', '年底双薪']",不限
生产安全管理,广州酒家集团股份有限公司,本科,4K-7K,"['五险一金', '包吃', '定期体检', '高温补贴', '节日福利']",1-3年
行政主管行政经理,广州中软职业技能培训有限公司,大专,6K-8K,"['五险一金', '带薪年假', '通讯补助', '交通补助']",3-5年
3D建模讲师(包住宿+五险一金),广州潭州教育网络科技有限公司,大专,7K-10K,"['五险一金', '定期体检', '员工旅游', '定期团建', '包住']",无经验
仓库管理员,广东大成科技有限公司,大专,4K-6K,"['五险一金', '年底双薪', '带薪年假', '弹性工作', '定期体检']",无经验
游戏数值策划,上海好悦网络科技有限公司广州办事处,本科,15K-20K,"['五险一金', '包吃', '全勤奖', '下午茶', '大小周']",1-3年
培训专业经理100718,广东光大企业集团有限公司,本科,10K-15K,"['绩效奖金', '房补', '通讯补助', '加班补助', '交通补助']",5-10年
人事专员,广州毕加展览服务有限公司,大专,3K-5K,"['五险一金', '绩效奖金', '全勤奖', '带薪年假', '员工旅游']",1-3年
保险销售,中国人寿保险股份有限公司广州市分公司天银营业部,大专,8K-10K,"['绩效奖金', '弹性工作', '员工旅游', '大牛带队']",不限
急招充电工+双休,广州恒充新能源科技有限公司,学历不限,3K-5K,"['节日福利', '餐补', '五险', '高温补贴', '双休']",不限
大区经理,广州东林生物科技有限公司,大专,6K-8K,"['定期体检', '节日福利', '周末双休', '全勤奖', '员工旅游']",1-3年
急招销售代表（东圃、黄村）,广州领诚科技信息咨询有限公司,学历不限,5K-10K,"['年底双薪', '绩效奖金', '全勤奖', '节日福利', '员工旅游']",不限
数据仓库工程师,广州银行股份有限公司信用卡中心,本科,13K-19K,"['周末双休', '五险一金', '定期体检', '节日福利', '餐补']",5-10年
人事专员行政专员,中国人寿保险股份有限公司广州市越秀支公司陈蓝星团队,大专,4K-6K,"['绩效奖金', '全勤奖', '弹性工作', '补充医疗保险', '周末双休']",不限
会计（双休+五险一金）,广州启泽网络科技有限公司,大专,6K-8K,"['五险一金', '员工旅游', '节日福利', '周末双休', '带薪年假']",3-5年
商品运营专员,广州市泰美互联网信息科技有限公司,大专,6K-8K,"['五险一金', '加班补助', '全勤奖', '节日福利', '员工旅游']",3-5年
销售代表,广州万国汽车技术有限公司,中专,5K-10K,"['股票期权', '年终分红', '绩效奖金', '五险一金', '不加班']",1-3年
生产质检员[广州],广州迈景基因医学科技有限公司,本科,5K-8K,"['五险一金', '补充医疗保险', '定期体检', '带薪年假', '交通补助']",1-3年
跨境电商运营总监,广州燕子纺织有限公司,大专,15K-19K,"['股票期权', '全勤奖', '创业公司', '带团队', '公司重点项目']",1-3年
淘宝/天猫店铺直播,幸运吉拉商业(广州)有限公司,中专,4K-7.9K,"['弹性工作', '节日福利', '五险一金', '餐补', '员工旅游']",1-3年
房产销售\中介\底薪2500~4500\高提成,贝壳找房(北京)科技有限公司,中专,4K-6K,"['绩效奖金', '带薪年假', '员工旅游', '弹性工作', '定期体检']",不限
电话销售高底薪+五险一金,深圳市乐有家控股集团有限公司,学历不限,4.1K-8.2K,"['五险一金', '绩效奖金', '弹性工作', '节日福利', '带团队']",不限
数据开发工程师,广州银行股份有限公司信用卡中心,本科,18K-28K,"['周末双休', '五险一金', '定期体检', '节日福利', '绩效奖金']",3-5年
仓管员,金丰宏溢科技(佛山)有限公司,中技,4K-6K,"['五险一金', '绩效奖金', '带薪年假', '定期体检', '创业公司']",3-5年
细胞生产主管,广州迈景基因医学科技有限公司,本科,8K-10K,"['创业公司', '绩效奖金', '五险一金', '交通补助', '餐补']",3-5年
平面设计师,广州市泰美互联网信息科技有限公司,大专,6K-8K,"['五险一金', '加班补助', '全勤奖', '节日福利', '员工旅游']",1-3年
审计主管,广州酒家集团股份有限公司,本科,6K-8K,"['五险一金', '绩效奖金', '包吃', '带薪年假', '节日福利']",1-3年
英语老师,广州市易智职业技能培训有限公司,本科,6K-8K,"['弹性工作', '员工旅游', '节日福利', '六险一金', '带薪年假']",不限
财经编辑,广州启泽网络科技有限公司,大专,6K-8K,"['五险一金', '绩效奖金', '员工旅游', '节日福利', '周末双休']",1-3年
人事行政专员（急聘）,广东泉源堂大药房连锁有限公司,大专,4.5K-6K,"['加班补助', '节日福利', '定期团建', '五险一金', '带薪年假']",1-3年
安全服务工程师,广东安创信息科技开发有限公司,本科,6K-8K,"['五险一金', '带薪年假', '定期体检', '员工旅游', '大牛带队']",1-3年
生产技术员,广州迈景基因医学科技有限公司,大专,4.5K-9K,"['五险一金', '补充医疗保险', '定期体检', '带薪年假', '交通补助']",不限
非洲散货包税拼箱销售代表,深圳市海铁物流有限公司广州分公司,大专,6K-12K,"['五险一金', '交通补助', '餐补', '房补', '员工旅游']",1-3年
销售代表 无责底薪4000起（提供客户资源+五险一金）,广州潭州教育网络科技有限公司,高中,8K-10K,"['五险一金', '绩效奖金', '年底双薪', '定期体检', '员工旅游']",1年以下
施工图深化设计,广州玮莱房屋建筑有限公司,大专,8K-10K,"['五险一金', '年底双薪', '加班补助', '带薪年假', '全勤奖']",1-3年
诚聘会计,广州市皇廷电子科技有限公司,中专,3.5K-4.5K,"['全勤奖', '包吃', '包住', '加班补助', '节日福利']",1-3年
高级软件销售顾问（高薪+晋升空间+福利好）,北京智邦国际软件技术有限公司,大专,5K-10K,"['节日福利', '每年多次调薪', '五险一金', '绩效奖金', '年终分红']",1-3年
质检员,广东佰宝电器有限公司,中专,3.5K-5K,"['五险一金', '绩效奖金', '全勤奖', '房补', '员工旅游']",1-3年
 招生主管,深圳市小燕画院有限公司,大专,10K-15K,"['五险一金', '带薪年假', '弹性工作', '定期体检', '节日福利']",1-3年
人事行政总监,广州传奇珠宝有限公司,本科,15K-25K,"['广州社保', '绩效奖金', '房补', '员工旅游', '节日福利']",10年以上
食品技术助理,广州市来利洪饼业有限公司,大专,4K-6K,[],1-3年
投资理财顾问（招6名）,中国人寿保险股份有限公司广州市分公司王翔飞团队,大专,10K-15K,"['年底双薪', '五险一金', '绩效奖金', '补充医疗保险', '弹性工作']",3-5年
IT培训行业市场管理，运营总监,深圳市中教文化传播有限公司广州分公司,大专,15K-20K,"['五险一金', '年底双薪', '加班补助', '交通补助', '全勤奖']",5-10年
销售经理,圣点世纪科技股份有限公司,中专,10K-15K,"['五险一金', '定期体检', '带薪年假', '通讯补助', '交通补助']",1-3年
销售代表（底薪+有辅导+提成+有资源）,中国人寿保险股份有限公司广州市天河支公司,中专,8K-10K,"['节日福利', '绩效奖金', '带薪年假', '弹性工作', '补充医疗保险']",不限
视觉设计师,广东天拓海汇科技有限公司,大专,6K-10K,"['五险一金', '年底双薪', '绩效奖金', '带薪年假', '定期体检']",1-3年
视觉设计师,广东天拓海汇科技有限公司,大专,6K-10K,"['五险一金', '年底双薪', '绩效奖金', '带薪年假', '定期体检']",1-3年
建工、消防方向教研讲师,北京环球优路教育科技股份有限公司,本科,10K-15K,"['节日福利', '五险一金', '绩效奖金', '加班补助', '全勤奖']",不限
活动策划（双休+五险一金,广州胜狮教育科技有限公司,大专,6K-8K,"['五险一金', '绩效奖金', '加班补助', '餐补', '带薪年假']",1-3年
门诊药剂师,广州心晴信息科技有限公司,大专,4K-6K,"['五险一金', '绩效奖金', '带薪年假', '定期体检', '员工旅游']",1年以下
储备主管,中国平安人寿保险股份有限公司广东分公司东山营销服务部腾飞团队,大专,15K-20K,"['绩效奖金', '出国游', '不加班', '带薪年假', '周末双休']",1-3年
软件工程师,广州市广泰企业有限公司,本科,6K-8K,"['五险一金', '年底双薪', '绩效奖金', '全勤奖', '餐补']",不限
采购主管,广东佰宝电器有限公司,大专,6K-10K,"['五险一金', '绩效奖金', '全勤奖', '餐补', '房补']",3-5年
前台文员/助理,广州圣幸健康科技有限公司,大专,3K-4.5K,"['五险一金', '全勤奖', '带薪年假', '节日福利', '丰厚年张奖']",1-3年
制度流程主管（集团本部）,广州市长江物业管理有限公司,本科,7K-9K,"['五险一金', '绩效奖金', '包吃', '包住', '定期体检']",3-5年
产品经理 餐补+社保+弹性,广州德汇贸易有限公司,大专,15K-20K,"['全勤奖', '餐补', '员工旅游', '节日福利', '社保']",5-10年
财务助理,广东威速易供应链管理有限公司,大专,4K-6K,"['五险一金', '绩效奖金', '加班补助', '全勤奖', '带薪年假']",1-3年
美高科目教研,广州爱课堂教育咨询有限公司,本科,8K-15K,"['五险一金', '绩效奖金', '周末双休', '出国游', '通讯补助']",1-3年
美容导师（拜洛迪）,广州市新斯浦化妆品原料有限公司,学历不限,4K-8K,"['年底双薪', '带薪年假', '定期体检', '创业公司', '通讯补助']",不限
成本会计,广汽丰通钢业有限公司,本科,6K-8K,"['五险一金', '全勤奖', '包住', '房补', '带薪年假']",3-5年
安全服务工程师  S1002,北京圣博润高新技术股份有限公司,大专,8K-15K,"['五险一金', '交通补助', '通讯补助', '带薪年假', '周末双休']",1-3年
展厅销售,广州金坊建筑材料有限公司,学历不限,4.5K-6.5K,"['五险一金', '年底双薪', '绩效奖金', '定期体检', '员工旅游']",1-3年
数据分析（项目管理）,广东好又贷互联网信息服务有限公司,本科,6.5K-8K,"['加班补助', '带薪年假', '定期体检', '定期团建', '节日福利']",1-3年
年薪20W诚聘新媒体销售顾问,广州数字跳动信息科技有限公司,学历不限,15K-25K,"['节日福利', '绩效奖金', '五险一金', '弹性工作', '带薪年假']",不限
报证专员,广州迈景基因医学科技有限公司,本科,10K-20K,"['五险一金', '补充医疗保险', '定期体检', '带薪年假', '交通补助']",1-3年
康师傅饮品-培训专员/人力资源培训专员,康师傅控股广州顶津食品有限公司,本科,4.5K-6K,"['五险一金', '绩效奖金', '全勤奖', '节日福利', '交通补助']",不限
招商专员,广州谜思妆日用品有限公司,中专,10K-20K,"['全勤奖', '节日福利', '员工旅游', '带薪年假', '绩效奖金']",1-3年
客户经理,广东光大普惠科技有限公司,学历不限,8K-10K,"['五险一金', '绩效奖金', '全勤奖', '通讯补助', '弹性工作']",不限
咨询式销售（准上市公司+平台大+晋升快）,升学教育,大专,5K-10K,"['五险一金', '年底双薪', '带薪年假', '节日福利', '每年多次调薪']",不限
资料员,广州市铂高太阳能科技有限公司,大专,4.5K-6.5K,"['包吃', '包住', '带薪年假', '节日福利', '健身俱乐部']",1-3年
供应链经理,广州盛为电子商务有限公司,大专,8K-15K,"['绩效奖金', '全勤奖', '包住', '房补', '员工旅游']",5-10年
房地产置业顾问/6000底薪/网络大平台销售,贝壳找房(北京)科技有限公司,大专,8K-10K,"['绩效奖金', '带薪年假', '员工旅游', '定期团建', '五险一金']",不限
新媒体运营,广州高才博后信息咨询服务有限公司,大专,5K-6K,"['五险一金', '绩效奖金', '全勤奖', '通讯补助', '带薪年假']",1-3年
海外电商运营助理,广州市赛酷睿软件有限公司,大专,3.5K-6K,"['五险一金', '绩效奖金', '全勤奖', '免费班车', '定期团建']",无经验
财务总监,广东柏胜新材料科技有限公司广州分公司,大专,13K-25K,"['员工旅游', '年终奖金', '节日福利', '社会保险', '绩效奖金']",5-10年
创投实习生,上海高迈企业管理咨询有限公司,大专,2K-3.5K,"['加班补助', '绩效奖金', '周末双休', '高温补贴', '节日福利']",无经验
网络销售【底薪4k&amp;提成&amp;五险一金】,广州潭州教育网络科技有限公司,学历不限,8K-10K,"['五险一金', '包住', '房补', '节日福利']",不限
银行项目保险电话销售（均薪6000以上，五险一金）,中意人寿保险有限公司广东省分公司,中专,6K-8K,"['五险一金', '绩效奖金', '全勤奖', '定期体检', '无试用期']",不限
人事专员,广东佰宝电器有限公司,大专,4.5K-6K,"['五险一金', '年底双薪', '绩效奖金', '全勤奖', '餐补']",3-5年
qa质量管理,广州天越电子科技有限公司,本科,7K-9K,"['年底双薪', '绩效奖金', '餐补', '带薪年假', '员工旅游']",1-3年
销售工程师,北京卡本工程技术研究所有限公司,本科,10K-15K,"['五险一金', '绩效奖金', '全勤奖', '带薪年假', '定期体检']",1-3年
电话销售（8K以上+食宿+班车+五险一金+带薪培训培训）（荔湾）,绿瘦健康产业集团有限公司,学历不限,8K-10K,"['五险一金', '年底双薪', '全勤奖', '包住', '带薪年假']",不限
英语客服,广州市天珺姿贸易有限公司,中专,4K-6K,"['绩效奖金', '员工旅游', '节日福利', '全勤奖', '五险一金']",不限
奶茶店员,广州金柔贸易有限公司,学历不限,3K-4K,"['员工旅游', '餐补', '定期团建', '节日福利']",不限
课程销售/咨询师/招生顾问,广州星际种子咨询顾问有限公司,大专,10K-15K,"['节日福利', '绩效奖金', '带薪年假', '每年多次调薪', '定期团建']",1-3年
课程顾问,广州市乐上教育科技有限公司,大专,6K-12K,"['年底双薪', '绩效奖金', '带薪年假', '定期体检', '员工旅游']",不限
猎头顾问助理,广州市葩醍餐饮有限公司,本科,3.5K-6K,"['五险一金', '绩效奖金', '全勤奖', '员工旅游', '节日福利']",不限
淘宝客服,HFP,中技,4K-6K,"['五险一金', '年底双薪', '定期体检', '弹性工作', '创业公司']",1年以下
英文跟单,广州乐天货运代理有限公司,大专,4K-6K,"['每年多次调薪', '五险一金', '绩效奖金', '加班补助', '全勤奖']",1-3年
艺术作品集辅导老师,北京鲲鹏山水教育咨询有限公司广州分公司,本科,10K-15K,"['五险一金', '带薪年假', '弹性工作', '员工旅游', '绩效奖金']",不限
售后服务总监,广州市锦龙汽车发展有限公司,大专,10K-15K,"['全勤奖', '绩效奖金', '五险一金', '包吃', '带薪年假']",1-3年
安全服务实习生,广东安创信息科技开发有限公司,本科,2K-4K,"['五险一金', '带薪年假', '定期体检', '员工旅游', '大牛带队']",不限
实验室主管,广州迈景基因医学科技有限公司,本科,13K-25K,"['创业公司', '五险一金', '交通补助', '通讯补助', '补充医疗保险']",不限
品质主管,广州齐达材料科技有限公司,大专,8K-10K,"['五险一金', '年底双薪', '绩效奖金', '全勤奖', '包吃']",1-3年
分部总经理,国美电器有限公司,本科,15K-30K,"['五险一金', '弹性工作', '带薪年假', '节日福利', '14薪']",5-10年
c++开发工程师,蘑菇物联技术(深圳)有限公司,大专,7K-12K,"['绩效奖金', '员工旅游', '五险一金', '股票期权', '定期体检']",1-3年
创投项目顾问,上海高迈企业管理咨询有限公司,大专,4K-6K,"['周末双休', '绩效奖金', '加班补助', '高温补贴', '节日福利']",1-3年
销售总监 (双休),工银安盛人寿保险有限公司广州中心支公司花都营销服务部,大专,15K-20K,"['五险一金', '绩效奖金', '带薪年假', '弹性工作', '补充医疗保险']",3-5年
工程技术主管,广州秉木建筑科技有限公司,大专,10K-20K,[],3-5年
新媒体运营经理（双休+高提成）,广州启泽网络科技有限公司,大专,20K-30K,"['五险一金', '绩效奖金', '员工旅游', '节日福利', '周末双休']",3-5年
课程顾问【广州-海珠区】,广州市乐上教育科技有限公司,大专,6K-8K,"['年底双薪', '绩效奖金', '带薪年假', '定期体检', '员工旅游']",不限
质量管理专员,湛江市事达实业有限公司,本科,5K-7K,"['五险一金', '绩效奖金', '全勤奖', '包住', '交通补助']",不限
物联网技术售前,广州忘平信息科技有限公司,本科,10K-15K,"['五险一金', '周末双休', '定期体检', '员工旅游', '绩效奖金']",3-5年
电商运营专员,广州市雄山科技有限公司,本科,6K-8K,"['五险一金', '绩效奖金', '股票期权', '全勤奖', '节日福利']",1-3年
私人健身教练+带培训,广州恒文体育有限公司,中专,8K-16K,"['五险一金', '绩效奖金', '全勤奖', '带薪年假', '员工旅游']",不限
装配式结构技术负责人,四川优立得人力资源服务有限公司,大专,10K-15K,"['包吃', '包住', '节日福利']",1-3年
高薪招募区域总经理（签订协议年薪30万起）,中国太平洋人寿保险股份有限公司广州市天河支公司,大专,15K-30K,"['五险一金', '绩效奖金', '年终分红', '员工旅游', '周末双休']",不限
结算员,广州市铂高太阳能科技有限公司,大专,4.5K-6.5K,"['包吃', '包住', '带薪年假', '节日福利', '健身俱乐部']",1-3年
amazon运营,广州易展信息技术有限公司,大专,6K-8K,"['五险一金', '绩效奖金', '全勤奖', '带薪年假', '周末双休']",3-5年
课程顾问w（五险一金+住宿/房补）,广州潭州教育网络科技有限公司,中专,8K-10K,"['五险一金', '包住', '房补', '节日福利']",不限
PMC专员,广东佰宝电器有限公司,大专,4K-6K,"['五险一金', '绩效奖金', '全勤奖', '员工旅游', '节日福利']",1-3年
开发管培生（销售管培生）,广西东呈酒店管理有限公司,大专,4K-6K,"['五险一金', '绩效奖金', '包住', '带薪年假', '定期体检']",不限
运营管理,润建股份有限公司,本科,10K-16K,"['五险一金', '年终分红', '餐补', '带薪年假', '弹性工作']",1-3年
前台,广州苍鸟网络有限公司,学历不限,3K-5K,"['全勤奖', '弹性工作', '员工旅游', '节日福利', '五险一金']",不限
销售代表（无责任底薪3500+朝九晚六）,广州雄音电子科技有限公司,中专,8K-10K,"['绩效奖金', '全勤奖', '弹性工作', '带薪年假', '通讯补助']",不限
KA业务主管/经理,广州市宝供贸易有限公司,大专,10K-15K,"['五险一金', '绩效奖金', '全勤奖', '员工旅游', '节日福利']",不限
跨境电商运营主管/经理,广州市天珺姿贸易有限公司,本科,10K-20K,"['节日福利', '员工旅游', '绩效奖金', '年终分红', '带薪年假']",3-5年
业务员,广州金坊建筑材料有限公司,中专,4K-6K,"['五险一金', '年底双薪', '绩效奖金', '定期体检', '员工旅游']",1-3年
导购营业员,广州金坊建筑材料有限公司,学历不限,4K-6K,"['五险一金', '年底双薪', '绩效奖金', '定期体检', '员工旅游']",1-3年
销售主管,长颈鹿美语广州旗舰中心,大专,15K-20K,"['五险一金', '绩效奖金', '全勤奖', '带薪年假', '定期体检']",1-3年
商务专员,广州天越电子科技有限公司,大专,4K-6K,"['年底双薪', '绩效奖金', '餐补', '带薪年假', '节日福利']",1-3年
工程技术主管（市政类）,广州秉木建筑科技有限公司,大专,8K-10K,"['弹性工作', '定期体检', '绩效奖金']",3-5年
技术部主管（工作地点：丽水）,广州市顶刮刮汽配供应链有限公司,大专,6K-10K,"['社保五险', '年底双薪', '绩效奖金', '餐补', '带薪年假']",3-5年
信贷销售经理/月均8K+/提供资源,深圳前海百汇信用管理有限公司,中专,8K-10K,"['五险一金', '年底双薪', '绩效奖金', '周末双休']",不限
4500咖啡厅收银员（实习/兼职）,广东星巴克咖啡有限公司东方文德广场分店,学历不限,4K-6K,"['全勤奖', '包吃', '包住', '交通补助', '餐补']",不限
美容导师（广东省内出差）,广州市蔻波生物科技有限公司,中专,6K-10K,"['五险一金', '年底双薪', '绩效奖金', '全勤奖', '带薪年假']",1-3年
文员助理,广州玖安工业技术服务有限公司,大专,4K-6K,"['五险一金', '绩效奖金', '餐补', '通讯补助']",不限
ERP开发工程师,广州速道信息科技有限公司,本科,8K-16K,"['餐补', '节日福利', '带薪年假', '五险一金', '加班补助']",不限
3D建模讲师w【五险一金+住宿/补贴】,广州潭州教育网络科技有限公司,中专,8K-10K,"['五险一金', '包住', '房补', '节日福利']",不限
平面设计主管,广州市天珺姿贸易有限公司,中专,7K-9K,"['绩效奖金', '员工旅游', '节日福利', '全勤奖', '五险一金']",5-10年
行政前台,广东医群科技有限公司,学历不限,2K-4K,"['五险一金', '绩效奖金', '全勤奖', '餐补', '带薪年假']",不限
天猫店长/天猫运营,广州夏陇商务服务有限公司,大专,6K-12K,"['五险一金', '绩效奖金', '全勤奖', '带薪年假']",1-3年
会计,广州市宝桃食品有限公司,学历不限,4K-5K,"['年底双薪', '带薪年假', '餐补', '员工旅游', '节日福利']",3-5年
质量检测,广州鼎商金属制品有限公司,学历不限,4K-6K,"['绩效奖金', '加班补助', '全勤奖', '包吃', '包住']",不限
课程研发主管,广州上馨心理咨询服务有限公司,本科,8K-10K,"['五险一金', '绩效奖金', '加班补助', '定期体检', '节日福利']",1-3年
电话催收经理（民生银行内催）,鸿泰鼎石资产管理有限责任公司,本科,15K-20K,"['五险一金', '绩效奖金', '节日福利', '试用期全额', '带薪年假']",3-5年
一手房高薪销售+晋升快,广东中原地产代理有限公司,学历不限,8K-10K,"['包住', '带薪年假', '绩效奖金', '五险一金', '节日福利']",不限
药店店长,广州心晴信息科技有限公司,学历不限,6K-9K,[],3-5年
电商运营专员（wish/joom/lazada）,广州市天珺姿贸易有限公司,大专,6K-12K,"['绩效奖金', '员工旅游', '节日福利', '全勤奖', '五险一金']",1-3年
五险一金\无责底薪销售,广州食链商业管理有限公司,学历不限,6K-11K,"['五险一金', '包住', '交通补助', '餐补', '全勤奖']",3-5年
私人健身教练+带培训,广州恒文体育有限公司,中专,8K-16K,"['五险一金', '绩效奖金', '全勤奖', '带薪年假', '员工旅游']",不限
纪检监察管理岗（中共党员）,广东玻璃厂,大专,3.5K-5.8K,"['五险一金', '带薪年假', '交通补助', '高温补贴', '晋升机制']",不限
行政人事主管,广东佰宝电器有限公司,大专,6K-10K,"['五险一金', '绩效奖金', '全勤奖', '员工旅游', '节日福利']",5-10年
销售精英/五险一金+飞速晋升+季度调薪,北京尚德在线教育科技有限公司2,大专,8K-10K,"['每年多次调薪', '五险一金', '加班补助', '全勤奖', '带薪年假']",不限
人事主管,广州市白云区大荣精细化工有限公司,大专,5K-7K,"['绩效奖金', '包住', '餐补', '定期体检', '免费班车']",3-5年
项目推广主管,HFP,本科,8K-10K,"['五险一金', '年底双薪', '定期体检', '弹性工作', '创业公司']",1-3年
生产主管,广东佰宝电器有限公司,大专,5K-8K,"['五险一金', '绩效奖金', '全勤奖', '员工旅游', '节日福利']",3-5年
外贸业务员（专业培训+晋升快+可应届）,广州佳泰电子科技有限公司,大专,4K-8K,"['带薪年假', '节日福利', '每年多次调薪', '员工旅游', '五险一金']",不限
课程顾问,广州珠江钢琴文化艺术发展有限公司,大专,4K-8K,"['带薪年假', '五险一金', '绩效奖金', '年终分红', '全勤奖']",不限
科学产品售前培训师,广东未课堂信息科技有限公司,大专,6K-8K,"['年底双薪', '加班补助', '全勤奖', '餐补', '节日福利']",1-3年
电商平面设计师,HFP,大专,7K-9K,"['五险一金', '年底双薪', '定期体检', '弹性工作', '创业公司']",1-3年
实验室主管,同创伟业(广东)检测技术股份有限公司,本科,6K-8K,"['周末双休', '餐补', '员工旅游', '带薪年假', '五险一金']",1-3年
架构师,云宏信息科技股份有限公司,本科,20K-30K,"['带薪年假', '弹性工作', '全勤奖', '周末双休', '年终分红']",3-5年
总账会计,广东佰宝电器有限公司,大专,5K-8K,"['五险一金', '绩效奖金', '全勤奖', '员工旅游', '节日福利']",3-5年
海信项目销售/水机销售  工程师,青岛海信日立空调系统有限公司,本科,薪资面议,"['五险一金', '绩效奖金', '交通补助', '餐补', '通讯补助']",1-3年
课程顾问教育咨询师,广州突破教育咨询有限公司,大专,7K-14K,"['五险一金', '绩效奖金', '年终分红', '带薪年假', '弹性工作']",1-3年
家具安装工程师,广东卡诺亚家居有限公司,中技,5K-8K,"['五险一金', '年底双薪', '绩效奖金', '股票期权', '全勤奖']",1-3年
培训主管/经理,佛山市袁亮宏餐饮管理有限公司,大专,8K-15K,"['绩效奖金', '全勤奖', '包吃', '包住', '五险']",3-5年
电商运营,广州鲨鱼严选科技有限公司,大专,5K-10K,"['五险一金', '全勤奖', '创业公司', '节日福利', '绩效奖金']",3-5年
早教老师,派迪(广州)教育投资有限公司,大专,4K-6K,"['五险一金', '带薪年假', '绩效奖金', '带娃上班', '节日福利']",不限
市场专员,广州珠江钢琴文化艺术发展有限公司,大专,4K-6K,"['带薪年假', '五险一金', '年底双薪', '绩效奖金', '年终分红']",不限
人事行政专员,广州蜂窝跃动科技有限公司,大专,4K-6K,"['绩效奖金', '全勤奖', '五险一金', '带薪年假', '节日福利']",1年以下
法语/德语/意大利语亚马逊运营,广州金中网络技术有限公司,大专,4K-8K,"['年底双薪', '绩效奖金', '全勤奖', '带薪年假', '节日福利']",不限
采购主管（化妆品+双休）,广州优理氏生物科技有限公司,大专,7K-9K,"['五险一金', '年终分红', '带薪年假', '每年多次调薪', '包吃']",3-5年
托福、SAT、SSAT老师,广州市广润爱多教育科技有限公司,本科,20K-30K,"['五险一金', '带薪年假', '弹性工作', '股票期权', '绩效奖金']",1-3年
软件销售顾问/销售经理（CRM、ERP、进销存）,北京智邦国际软件技术有限公司,大专,5K-10K,"['五险一金', '绩效奖金', '年终分红', '餐补', '带薪年假']",3-5年
销售助理,广州派晟工业技术有限公司,中专,3K-4.5K,"['包吃', '交通补助', '全勤奖', '带薪年假', '房补']",1-3年
跨境电商销售运营-（东南亚红海市场-英语四级）,广州市赛酷睿软件有限公司,大专,6K-8K,"['五险一金', '绩效奖金', '全勤奖', '餐补', '带薪年假']",1-3年
销售业务员[广州-番禺区],广州雄音电子科技有限公司,大专,6K-8K,"['每年多次调薪', '绩效奖金', '全勤奖', '通讯补助', '带薪年假']",1-3年
链家应届生房产销售/贝壳找房/六千底薪,贝壳找房(北京)科技有限公司,本科,6K-11K,"['全勤奖', '弹性工作', '带薪年假', '绩效奖金', '节日福利']",不限
私人健身教练+带培训,广州恒文体育有限公司,中专,8K-16K,"['五险一金', '绩效奖金', '全勤奖', '带薪年假', '员工旅游']",不限
投资理财经理,广州汇豪网络科技有限公司,学历不限,15K-20K,"['五险一金', '年底双薪', '带薪年假', '年终分红', '绩效奖金']",1-3年
信用卡销售+双休,广州农村商业银行股份有限公司天河支行,大专,10K-15K,"['五险一金', '绩效奖金', '年终分红', '带薪年假', '定期体检']",1-3年
电商产品经理,北京宝润兴业科技股份有限公司,本科,12K-24K,"['五险一金', '交通补助', '定期体检', '节日福利', '加班补助']",3-5年
销售经理（管理岗位）,广州市晴川高新技术开发有限公司,本科,10K-20K,"['五险一金', '全勤奖', '餐补', '定期体检', '员工旅游']",5-10年
运营经理（DD粉派移动店铺）,广州富锐智能科技有限公司,本科,8K-12K,"['五险一金', '绩效奖金', '每年多次调薪', '带薪年假', '交通补助']",5-10年
日立项目销售工程师（工作地点：广州）,青岛海信日立空调系统有限公司,本科,薪资面议,"['五险一金', '绩效奖金', '餐补', '交通补助', '通讯补助']",1-3年
品牌策划岗,广州王老吉大健康产业有限公司,本科,8K-10K,"['五险一金', '绩效奖金', '餐补', '通讯补助', '带薪年假']",3-5年
供应链经理/招商经理（周末双休）,广州视拼购信息技术有限公司,大专,8K-16K,"['五险一金', '年底双薪', '全勤奖', '带薪年假', '节日福利']",3-5年
急聘招商专员（带薪培训+近地铁站）,广州市房企网络科技有限公司,中专,6K-8K,"['五险一金', '员工旅游', '节日福利', '不加班']",不限
网络销售,广州名药汇医药有限公司第十三分公司,中技,8K-15K,[],无经验
招商助理/供应链专员（周末双休）,广州视拼购信息技术有限公司,大专,4K-7K,"['五险一金', '年底双薪', '全勤奖', '带薪年假', '节日福利']",1年以下
软件测试工程师 社保+餐补,广州德汇贸易有限公司,大专,8K-15K,"['全勤奖', '餐补', '员工旅游', '节日福利', '社保']",3-5年
高中数学教师-广州(J11401),广州学大教育技术有限公司,本科,8K-10K,"['五险一金', '绩效奖金', '带薪年假', '弹性工作', '员工旅游']",1-3年
销售总监,广州燕子纺织有限公司,本科,29K-37.5K,"['合伙创业', '产品优势', '成长机制', '团队氛围']",1-3年
企业社会责任项目顾问,广州市恩沛企业管理咨询有限公司,本科,5K-8K,"['周末双休', '五险一金', '通讯补助', '带薪年假', '弹性工作']",1-3年
QC主管,广东花芽时尚产业有限公司,大专,7K-12K,"['五险一金', '年底双薪', '全勤奖', '带薪年假', '高温补贴']",3-5年
春风十里乐有家等你大专6400起,深圳市乐有家控股集团有限公司,大专,5K-10K,"['五险一金', '带薪年假', '高温补贴', '90后团队', '提供住宿']",不限
操作计调（散客、包团）,西安光大国际旅行社广州分社,中专,3.5K-6.5K,"['绩效奖金', '全勤奖', '加班补助', '员工旅游', '五险一金']",1-3年
行政助理,广州人福医疗设备有限公司,大专,4K-6K,"['五险一金', '绩效奖金', '定期体检', '员工旅游', '节日福利']",1-3年
药店营业员,广州心晴信息科技有限公司,学历不限,3K-4K,"['五险一金', '绩效奖金', '带薪年假']",不限
销售顾问w【五险一金+提成+住宿】,广州潭州教育网络科技有限公司,学历不限,8K-10K,"['五险一金', '包住', '房补', '节日福利']",不限
京东运营（淘外渠道，双休+绩效奖金）,广州梦洁宝贝蓝门数字商业有限公司,本科,6K-8K,"['五险一金', '绩效奖金', '弹性工作', '节日福利', '周末双休']",1-3年
销售代表（4500底薪+五险一金+双休）,北京环球宜选科技有限公司,中专,10K-15K,"['五险一金', '绩效奖金', '股票期权', '交通补助', '餐补']",不限
运营推广专员,广州市雄山科技有限公司,本科,6K-10K,"['五险一金', '绩效奖金', '年终分红', '股票期权', '全勤奖']",1-3年
PMC主管,广东佰宝电器有限公司,大专,6K-8K,"['五险一金', '全勤奖', '员工旅游', '节日福利', '年终分红']",5-10年
安全架构师,高新兴科技集团股份有限公司,本科,18K-30K,"['五险一金', '年底双薪', '绩效奖金', '股票期权', '包吃']",5-10年
运营督导主管,广州响车车科技有限公司,大专,15K-20K,"['股票期权', '五险一金', '交通补助', '通讯补助', '定期体检']",1-3年
生产主管,广州齐达材料科技有限公司,大专,10K-12K,"['五险一金', '年底双薪', '绩效奖金', '全勤奖', '包吃']",3-5年
知识产权顾问（周末双休+高提成+五险一金）,广州专理知识产权代理事务所(普通合伙),大专,4K-8K,"['交通补助', '五险一金', '周末双休', '绩效奖金', '员工旅游']",1年以下
速卖通销售专员,广州时时美电子商务有限公司,学历不限,3K-6K,[],无经验
资料员,上海罗顿装饰工程有限公司,中专,3K-6K,"['五险一金', '绩效奖金', '定期体检', '员工旅游', '节日福利']",1-3年
人事行政主管,广州忠诚卫士电子有限公司,大专,8K-10K,"['创业公司', '每年多次调薪', '绩效奖金', '全勤奖', '包吃']",3-5年
银行行政客服（七险一金+双休）,广东国府农产品品牌研究院有限公司,中专,3K-6K,"['带薪年假', '绩效奖金', '周末双休', '语言津贴', '七险一金']",不限
奢侈品牌零售管理培训生,蔻蕊时装有限公司,本科,6.5K-7.5K,"['节日福利', '五险一金', '绩效奖金', '餐补', '带薪年假']",不限
跟单员,广州市型邦化妆品有限公司,中技,4.5K-6.5K,"['绩效奖金', '年终分红', '全勤奖', '不加班', '员工旅游']",1-3年
综合部经理助理,润建股份有限公司,本科,5K-10K,"['五险一金', '年终分红', '餐补', '带薪年假', '弹性工作']",1-3年
Java高级开发工程师,广东医群科技有限公司,大专,15K-30K,"['创业公司', '全勤奖', '五险一金', '周末双休', '带薪年假']",5-10年
美容导师（驻云南厂导）,广州市蔻波生物科技有限公司,中专,6K-10K,"['五险一金', '年底双薪', '绩效奖金', '全勤奖', '带薪年假']",1-3年
广州+小学教师+幼教+数学老师,广东快乐种子科技有限公司,本科,6K-12K,"['绩效奖金', '定期体检', '五险一金', '员工旅游', '节日福利']",不限
java,蘑菇物联技术(深圳)有限公司,本科,8K-13K,"['创业公司', '绩效奖金', '员工旅游', '免费班车']",1-3年
销售工程师,广州诺马特斯环保设备有限公司,大专,4K-6K,"['周末双休', '五险一金', '通讯补助', '节日福利', '不加班']",1-3年
安全运维工程师,广东安创信息科技开发有限公司,本科,4K-6K,"['五险一金', '带薪年假', '定期体检', '员工旅游', '大牛带队']",1-3年
采购主管,广州视拼购信息技术有限公司,大专,6K-12K,"['五险一金', '年底双薪', '全勤奖', '定期团建', '带薪年假']",3-5年
高薪聘请金融理财规划师,中国人寿保险股份有限公司广州市分公司番禺服务部,大专,8K-10K,"['绩效奖金', '弹性工作', '节日福利', '员工旅游', '定期团建']",不限
旅游计调,西安光大国际旅行社广州分社,中专,3.5K-6.5K,"['绩效奖金', '全勤奖', '加班补助', '员工旅游', '五险一金']",1-3年
淘宝天猫京东 客服主管,广州红蜓公社艺术品有限公司,学历不限,5K-10K,"['五险一金', '年底双薪', '绩效奖金', '带薪年假', '弹性工作']",不限
初级Android 工程师,名创优品股份有限公司,大专,5K-10K,"['周末双休', '每年多次调薪', '带薪年假', '五险一金']",1-3年
营运总监,国美电器有限公司,本科,15K-20K,"['五险一金', '带薪年假', '节日福利', '14薪']",5-10年
网络推广员,广州市中业化工有限公司,学历不限,4K-6K,"['不加班', '节日福利', '员工旅游', '每年多次调薪', '全勤奖']",不限
英语翻译（国际物流）MUT,广州乐天货运代理有限公司,大专,4K-6K,"['每年多次调薪', '五险一金', '带薪年假', '周末双休', '全勤奖']",1年以下
急聘/阿里国际站运营,广州市徽翔电子科技有限公司,大专,6K-8K,"['五险一金', '绩效奖金', '全勤奖', '节日福利', '不加班']",无经验
客户经理,广州职赢未来信息科技有限公司,大专,16K-25K,[],1-3年
高级销售顾问（双休高底薪）,广州六子文化传播有限公司,大专,5K-10K,"['五险一金', '周末双休', '带薪年假', '绩效奖金', '交通补助']",1-3年
生产主管（新事业部）,卡尔蔡司光学（中国）有限公司,本科,10K-15K,"['五险一金', '年底双薪', '包吃', '包住', '带薪年假']",3-5年
调剂员,广东大翔药业有限公司,中专,3.5K-4.5K,"['五险一金', '绩效奖金', '定期体检', '包住', '包吃']",1-3年
