西,太平镇,有,8,大同路,108400516941,1室1厅,36,从化,简装,41.94平米,暂无数据,1995
东南,新城片区,有,6,托斯卡纳(从化区),108400282303,3室2厅,218,从化,精装,147.81平米,120.49㎡,2000
南,温泉镇,有,18,富力泉天下,108400405317,3室2厅,130,从化,精装,100.4平米,100.4㎡,未知
东南,江埔街,有,23,御景宏雅花园,108400630917,3室1厅,140,从化,精装,99.18平米,暂无数据,2014
南,江埔街,有,16,君源御湖城,108400574212,3室2厅,160,从化,精装,100.29平米,暂无数据,未知
东北,神岗镇,有,28,珠江壹城,108400430908,3室2厅,150,从化,精装,112平米,111.46㎡,未知
东南 东北,神岗镇,有,27,珠江壹城,108400649924,3室2厅,138,从化,简装,100平米,77.59㎡,未知
西,江埔街,有,24,莱茵水岸,108400643353,3室2厅,215,从化,精装,110.99平米,88.3㎡,未知
北,江埔街,暂无数据,8,小海南路,108400615227,3室2厅,115,从化,简装,101.25平米,暂无数据,未知
南 北,太平镇,无,6,紫泉翠荔嘉园,108400176043,4室2厅,232,从化,毛坯,151.48平米,138.07㎡,未知
南 东北,太平镇,无,6,紫泉翠荔嘉园,108400259241,5室2厅,155,从化,精装,105.07平米,93.48㎡,2004
南,神岗镇,有,15,逸泉山庄,108400293875,4室2厅,225,从化,毛坯,156.68平米,123.28㎡,未知
南,神岗镇,有,17,人盛巴厘天地,108400294150,3室2厅,140,从化,毛坯,123.54平米,97.04㎡,未知
东南,太平镇,无,6,紫泉翠荔嘉园,108400309449,4室2厅,180,从化,毛坯,125平米,116.32㎡,2008
西南,新城片区,无,7,托斯卡纳(从化区),108400396854,3室2厅,205,从化,毛坯,136.84平米,115.1㎡,2000
北,神岗镇,有,15,逸泉山庄,108400419666,4室2厅,160,从化,精装,111.23平米,88.79㎡,未知
西南,太平镇,无,6,紫泉翠荔嘉园,108400471181,4室2厅,200,从化,简装,151平米,137.86㎡,未知
南 北,太平镇,无,6,紫泉翠荔嘉园,108400513855,3室2厅,191,从化,毛坯,118.98平米,105.1㎡,未知
南,旧城区,有,9,西宁中路朝阳街,108400628092,3室2厅,105,从化,简装,95.19平米,暂无数据,未知
北,江埔街,有,10,上城湾畔B区,108400610122,2室1厅,175,从化,精装,96.37平米,暂无数据,2009
南 北,神岗镇,有,17,人盛巴厘天地,108400575379,2室2厅,100,从化,毛坯,85平米,暂无数据,未知
南,神岗镇,有,27,珠光流溪御景,108400146824,3室2厅,235,从化,毛坯,147.7平米,123.19㎡,未知
南,旺城片区,无,9,旺利花苑,108400175994,6室2厅,155,从化,精装,101.6平米,暂无数据,2006
南 北,江埔街,有,17,上城湾畔B区,108400187548,4室2厅,313,从化,精装,153.66平米,123.12㎡,2009
南,江埔街,有,12,星河绿洲,108400192384,3室2厅,212,从化,精装,137.95平米,119.91㎡,2009
南 北,太平镇,有,18,紫泉翠荔嘉园,108400203169,4室2厅,230,从化,简装,137.99平米,113.84㎡,未知
南,旺城片区,无,8,家和苑,108400227079,4室2厅,175,从化,简装,148.01平米,暂无数据,2000
东南,太平镇,无,6,紫泉翠荔嘉园,108400230969,2室2厅,116,从化,简装,75.83平米,66㎡,2008
南,太平镇,无,6,紫泉翠荔嘉园,108400237252,3室2厅,170,从化,简装,105平米,93.25㎡,2004
东南,新城片区,无,8,碧溪六巷,108400244529,3室2厅,130,从化,简装,98.98平米,暂无数据,未知
南,旺城片区,无,8,塘圈路,108400283656,4室2厅,148,从化,简装,98.45平米,暂无数据,1996
南,新城片区,无,9,凤仪东路,108400308032,3室2厅,180,从化,精装,126.3平米,暂无数据,2000
北,江埔街,有,24,莱茵水岸,108400315119,3室2厅,222,从化,精装,111.18平米,89.18㎡,未知
南,江埔街,有,24,莱茵水岸,108400320143,3室1厅,238,从化,精装,108.77平米,89.62㎡,未知
西南,太平镇,有,18,紫泉翠荔嘉园,108400324400,4室2厅,180,从化,精装,138.05平米,113.89㎡,未知
东,河滨北路,有,10,海景居,108400333138,3室2厅,253,从化,精装,145.94平米,127.64㎡,2003
南,神岗镇,有,17,雅居乐小院流溪,108400336929,3室2厅,198,从化,毛坯,140.71平米,暂无数据,2013
南 北,太平镇,无,6,紫泉翠荔嘉园,108400352974,4室2厅,188,从化,精装,150.77平米,137.75㎡,未知
东南,河滨北路,无,8,东成路,108400415774,3室2厅,130,从化,简装,122.86平米,暂无数据,1992
东南,太平镇,无,6,紫泉翠荔嘉园,108400473863,4室2厅,173,从化,简装,124.62平米,暂无数据,未知
南,神岗镇,有,15,逸泉山庄,108400503548,3室2厅,238,从化,精装,139平米,111.17㎡,未知
南,江埔街,有,17,上城湾畔东区,108400622416,4室2厅,330,从化,精装,173.81平米,暂无数据,2009
西北,江埔街,有,10,上城湾畔B区,108400627186,3室2厅,232,从化,其他,116.13平米,92.02㎡,2009
南,温泉镇,有,18,富力泉天下,108400148820,3室2厅,140,从化,精装,119.37平米,100.53㎡,2014
南 北,神岗镇,有,17,人盛巴厘天地,108400230974,2室2厅,120,从化,精装,85平米,暂无数据,未知
西南,神岗镇,有,17,人盛巴厘天地,108400242252,2室1厅,114,从化,毛坯,82.76平米,82.76㎡,2008
西北 东北,鳌头镇,有,9,翡翠城,108400250132,2室2厅,76,从化,毛坯,83.21平米,71.91㎡,未知
西南,江埔街,有,12,雅居乐滨江花园,108400268849,2室2厅,192,从化,精装,82.97平米,70.93㎡,2007
东南,太平镇,有,6,紫泉翠荔嘉园,108400287239,3室2厅,133,从化,毛坯,99.93平米,90.86㎡,2004
西南 西,神岗镇,有,10,人盛巴厘天地,108400287246,3室2厅,125,从化,毛坯,99.91平米,81.76㎡,未知
南,太平镇,有,9,星汇峰,108400300912,2室1厅,108,从化,简装,75.76平米,60.32㎡,2010
东南,太平镇,有,18,紫泉翠荔嘉园,108400377111,3室2厅,145,从化,毛坯,90.87平米,74.96㎡,未知
南,江埔街,有,10,上城湾畔B区,108400386423,3室2厅,203,从化,毛坯,97.22平米,77.04㎡,2009
东南,旧城区,无,8,环城路,108400396955,3室2厅,128,从化,精装,109.92平米,暂无数据,1996
东北,温泉镇,有,18,富力泉天下,108400445707,2室1厅,120,从化,简装,82.35平米,暂无数据,未知
西南,太平镇,有,9,星汇峰,108400499081,2室2厅,115,从化,简装,76.81平米,61.15㎡,2010
南,太平镇,无,6,紫泉翠荔嘉园,108400506659,2室2厅,115,从化,简装,76.62平米,67.22㎡,未知
南,河滨北路,无,7,中华市场邮电宿舍,108400513225,2室2厅,75,从化,精装,71.8平米,暂无数据,未知
南,太平镇,无,8,从化怡景楼,108400560169,2室2厅,65,从化,毛坯,78.57平米,69.8㎡,未知
北,神岗镇,有,26,珠光流溪御景,108400608240,3室2厅,150,从化,毛坯,113.54平米,94.69㎡,未知
东南,太平镇,无,6,华标荔苑,108400610434,2室1厅,128,从化,毛坯,89.34平米,78.79㎡,2013
东南,新城片区,暂无数据,8,凤仪东路,108400623517,3室1厅,105,从化,精装,74.87平米,暂无数据,未知
南,神岗镇,有,7,逸泉山庄,108400578331,4室2厅,230,从化,精装,146.31平米,暂无数据,未知
南,江埔街,有,21,夏日港湾,108400615217,3室2厅,265,从化,其他,138.55平米,112.18㎡,2004
东南,温泉镇,有,18,望谷温泉小镇,108400576144,2室2厅,95,从化,毛坯,87.02平米,87.02㎡,未知
东北,温泉镇,有,18,富力泉天下,108400580271,2室2厅,98,从化,简装,83平米,暂无数据,未知
南,神岗镇,有,17,人盛巴厘天地,108400587580,2室2厅,120,从化,毛坯,81平米,81㎡,未知
北,温泉镇,有,18,富力泉天下,108400593742,2室2厅,99,从化,简装,82平米,暂无数据,2014
东南 南,神岗镇,有,10,人盛巴厘天地,108400605459,2室2厅,100,从化,毛坯,81.1平米,65.64㎡,2013
东南,温泉镇,有,18,富力泉天下,108400612497,3室2厅,130,从化,其他,123.18平米,暂无数据,2014
东南,太平镇,无,9,大城云山,108400616728,2室1厅,96,从化,精装,55.01平米,44.86㎡,2016
东南,太平镇,无,6,紫泉翠荔嘉园,108400176041,6室3厅,192,从化,简装,151平米,137.92㎡,2006
西南,太平镇,无,6,紫泉翠荔嘉园,108400176079,6室2厅,189,从化,精装,128平米,暂无数据,2007
西南,神岗镇,有,17,雅居乐小院流溪,108400198862,3室2厅,208,从化,毛坯,148.23平米,121.32㎡,2013
南,太平镇,无,6,紫泉翠荔嘉园,108400229598,4室2厅,200,从化,精装,151.48平米,138.07㎡,未知
南,太平镇,无,8,从化怡景楼,108400231010,3室2厅,150,从化,简装,111.96平米,98.66㎡,2010
南,太平镇,无,6,紫泉翠荔嘉园,108400242225,5室3厅,170,从化,精装,103.22平米,暂无数据,2008
东北,太平镇,有,6,星汇峰,108400247951,3室2厅,140,从化,毛坯,100.08平米,80.38㎡,2010
东 南,太平镇,有,17,大城云山,108400252590,3室2厅,235,从化,精装,125.04平米,暂无数据,2016
南 北,温泉镇,有,16,方圆明月山溪,108400255305,4室1厅,248,从化,精装,189.17平米,144.84㎡,2011
西南,太平镇,有,18,紫泉翠荔嘉园,108400269335,3室2厅,165,从化,毛坯,107.04平米,暂无数据,未知
南 北,太平镇,有,17,大城云山,108400270027,5室2厅,340,从化,毛坯,191.55平米,152.28㎡,2016
南,神岗镇,有,15,逸泉山庄,108400292428,3室2厅,263,从化,毛坯,151.47平米,120.92㎡,2010
南,神岗镇,有,15,逸泉山庄,108400292439,3室2厅,263,从化,毛坯,151.47平米,120.92㎡,未知
南,温泉镇,有,16,方圆明月山溪,108400296102,3室2厅,185,从化,精装,160.46平米,122.85㎡,2011
南,太平镇,无,6,紫泉翠荔嘉园,108400298247,3室2厅,119,从化,简装,76.6平米,67.2㎡,2006
南 北,神岗镇,有,18,雅居乐小院流溪,108400298843,4室2厅,205,从化,毛坯,147.33平米,117.8㎡,2013
南,太平镇,无,6,紫泉翠荔嘉园,108400298926,4室2厅,165,从化,毛坯,128平米,116.32㎡,未知
西南,太平镇,有,11,华标荔苑,108400301712,3室2厅,185,从化,毛坯,135.54平米,109.38㎡,2010
南,江埔街,有,29,莱茵水岸,108400338093,3室2厅,250,从化,精装,123.18平米,98.34㎡,未知
西南,江埔街,有,24,逸泉映翠,108400346659,3室2厅,175,从化,毛坯,126.99平米,106.73㎡,2014
东南,太平镇,有,12,华标荔苑,108400348241,3室2厅,205,从化,毛坯,128.21平米,104.36㎡,未知
东,河滨北路,有,13,宏润巴塞阳光,108400357043,4室2厅,218,从化,精装,128.47平米,暂无数据,2000
西南,太平镇,有,17,紫泉流溪湾,108400360698,4室2厅,265,从化,精装,157.88平米,126.41㎡,2015
南,江埔街,有,24,莱茵水岸,108400368007,3室2厅,260,从化,精装,124.43平米,101.67㎡,未知
东南,江埔街,暂无数据,8,利源路,108400375000,3室2厅,105,从化,简装,102.03平米,暂无数据,未知
北,江埔街,有,27,名城御景绿洲,108400382977,3室2厅,190,从化,毛坯,122.15平米,暂无数据,2011
南 北,温泉镇,有,23,富力泉天下,108400398131,3室1厅,150,从化,简装,120.95平米,98.67㎡,未知
东南,太平镇,无,6,紫泉翠荔嘉园,108400410558,3室2厅,125,从化,精装,75.92平米,66.08㎡,未知
南,太平镇,有,12,华标荔苑,108400426387,3室2厅,165,从化,毛坯,128.21平米,104.36㎡,未知
南 北,太平镇,无,7,紫泉翠荔嘉园,108400429469,4室2厅,182,从化,毛坯,124.23平米,113.02㎡,未知
南,神岗镇,有,15,逸泉山庄,108400430995,4室2厅,200,从化,毛坯,140.58平米,暂无数据,未知
北,神岗镇,有,15,逸泉山庄,108400448028,4室2厅,215,从化,毛坯,151平米,120.92㎡,2011
南 北,神岗镇,有,15,逸泉山庄,108400454783,3室2厅,230,从化,毛坯,153平米,100.5㎡,未知
南 北,神岗镇,有,15,逸泉山庄,108400464857,3室2厅,190,从化,毛坯,111.34平米,88.04㎡,未知
北,神岗镇,有,15,逸泉山庄,108400483513,4室2厅,220,从化,毛坯,151平米,暂无数据,未知
南 北,神岗镇,有,7,逸泉山庄,108400483580,4室2厅,260,从化,精装,146.95平米,146.95㎡,2013
东南,太平镇,有,18,紫泉翠荔嘉园,108400492879,3室2厅,132,从化,简装,90.83平米,74.96㎡,未知
南 北,太平镇,有,11,华标荔苑,108400507265,3室2厅,180,从化,毛坯,135.6平米,109.38㎡,未知
西南,太平镇,无,6,紫泉翠荔嘉园,108400508095,5室2厅,126,从化,简装,89.69平米,76.47㎡,未知
南,神岗镇,无,6,流溪河山庄,108400518713,4室3厅,180,从化,简装,176.77平米,暂无数据,2008
南,神岗镇,有,17,人盛巴厘天地,108400530949,3室2厅,160,从化,毛坯,118平米,94.68㎡,2012
南 北,神岗镇,有,16,雅居乐小院流溪,108400532505,4室2厅,205,从化,毛坯,147.73平米,117.93㎡,2015
东南,神岗镇,无,6,流溪河山庄,108400536246,4室2厅,158,从化,简装,167.96平米,167.96㎡,1998
东南,神岗镇,有,15,逸泉山庄,108400542154,3室2厅,195,从化,精装,111.32平米,88.75㎡,未知
东,旧城区,无,8,新村西路,108400489475,2室1厅,65,从化,简装,64.93平米,暂无数据,1998
东北,江埔街,有,17,上城湾畔东区,108400129648,3室2厅,185,从化,精装,85.7平米,暂无数据,2009
北,旺城片区,无,9,旺利花苑,108400175908,3室2厅,130,从化,简装,88.47平米,77.3㎡,2006
南 北,太平镇,有,23,紫泉翠荔嘉园,108400176111,2室2厅,115,从化,简装,78.8平米,64.83㎡,未知
西,河滨北路,无,5,中华路,108400177619,2室1厅,48,从化,简装,48.28平米,48.2㎡,1995
南,江埔街,暂无数据,8,河东北路,108400188675,3室2厅,110,从化,简装,103.4平米,暂无数据,未知
西南,太平镇,无,6,紫泉翠荔嘉园,108400207331,3室2厅,150,从化,简装,105.41平米,93.25㎡,未知
南,新城片区,无,8,登云小区,108400226576,4室2厅,188,从化,简装,155.03平米,暂无数据,1996
西南,太平镇,有,23,紫泉翠荔嘉园,108400228071,3室2厅,162,从化,简装,90.29平米,74.48㎡,未知
东北,太平镇,无,6,紫泉翠荔嘉园,108400229315,2室2厅,116,从化,简装,76.69平米,66.37㎡,2008
东南,太平镇,无,6,紫泉翠荔嘉园,108400230895,2室1厅,119,从化,简装,67.96平米,58.5㎡,2008
南,旺城片区,无,8,塘圈路,108400247283,4室2厅,148,从化,精装,127.14平米,108.98㎡,1996
南,旧城区,无,9,新村北路,108400248861,2室2厅,65,从化,简装,63.33平米,暂无数据,未知
南,太平镇,无,7,银农楼,108400258550,2室2厅,65,从化,简装,61.44平米,暂无数据,1995
东南,旧城区,无,9,时代名苑,108400259271,3室2厅,160,从化,精装,118.1平米,104.26㎡,2000
东,江埔街,有,11,雅居乐滨江花园,108400259967,4室2厅,200,从化,精装,82.94平米,67.38㎡,2007
南 北,神岗镇,有,15,逸泉山庄,108400275910,3室2厅,152,从化,精装,94.44平米,暂无数据,2011
南,江埔街,有,21,夏日港湾,108400276830,3室2厅,240,从化,精装,125.01平米,暂无数据,2004
南,旧城区,无,8,城内路,108400288771,3室2厅,160,从化,精装,114.32平米,暂无数据,2000
北,神岗镇,有,17,人盛巴厘天地,108400289377,3室2厅,185,从化,精装,123.41平米,98.84㎡,2012
西 北,江埔街,有,17,上城湾畔B区,108400292718,3室2厅,230,从化,精装,93平米,74.52㎡,2009
南,神岗镇,有,15,逸泉山庄,108400293701,3室2厅,170,从化,精装,110.3平米,87.94㎡,未知
西,江埔街,无,8,夏日港湾,108400306905,3室2厅,175,从化,精装,99.15平米,86.62㎡,2004
南,河滨北路,无,8,河滨北路,108400312667,3室2厅,165,从化,简装,138.89平米,126.42㎡,2000
东南,旧城区,无,9,时代名苑,108400317159,3室2厅,149,从化,精装,109.68平米,97.35㎡,2000
南,太平镇,无,6,紫泉翠荔嘉园,108400331539,2室1厅,103,从化,精装,67.33平米,57.68㎡,2008
东北,新城片区,无,8,登云小区,108400340668,2室1厅,77,从化,简装,75.38平米,暂无数据,1998
东北,旧城区,无,6,西宁西路,108400342271,3室1厅,85,从化,精装,83.05平米,暂无数据,1996
南,太平镇,无,6,紫泉翠荔嘉园,108400347630,3室2厅,162,从化,精装,105平米,93.37㎡,未知
北,旧城区,无,9,时代名苑,108400358348,3室2厅,145,从化,简装,95.24平米,暂无数据,2000
北,太平镇,有,6,紫泉翠荔嘉园,108400374285,3室2厅,146,从化,精装,106.09平米,94.48㎡,2006
北,新城片区,有,8,建云西路,108400378943,2室1厅,95,从化,简装,81.78平米,暂无数据,2000
西南,江埔街,无,7,江埔大江路18号大院,108400379912,3室2厅,136,从化,精装,143.17平米,暂无数据,未知
南 北,江埔街,有,11,星河绿洲,108400411949,3室2厅,235,从化,精装,128.17平米,暂无数据,2009
东南,太平镇,有,11,大城云山,108400412612,3室1厅,180,从化,精装,113.59平米,94.34㎡,2016
南,太平镇,无,8,从化怡景楼,108400420935,3室1厅,110,从化,精装,75.89平米,67.43㎡,未知
南,旧城区,无,6,城郊安园街,108400424540,3室1厅,78,从化,简装,65.18平米,暂无数据,未知
南,旧城区,有,9,西宁中路朝阳街,108400424937,3室2厅,90,从化,简装,94.08平米,暂无数据,1995
南,新城片区,无,7,托斯卡纳(从化区),108400427483,3室2厅,268,从化,精装,140.36平米,113.87㎡,未知
南 北,河滨北路,有,10,智杰雅筑,108400433266,3室2厅,200,从化,简装,105.74平米,91.56㎡,2016
南,新城片区,无,9,中蓝东路,108400435181,2室2厅,109,从化,精装,83.38平米,73.44㎡,1996
南,江埔街,暂无数据,8,河东南路,108400437171,3室2厅,96,从化,简装,91.5平米,暂无数据,未知
南,新城片区,无,7,蓝田西路,108400440061,3室2厅,173,从化,精装,112.69平米,98.49㎡,1992
南 北,江埔街,有,16,君源御湖城,108400454854,3室2厅,150,从化,简装,99.97平米,82.94㎡,2012
东南,旧城区,无,9,人盛大厦,108400467209,3室2厅,140,从化,精装,112.4平米,112㎡,1998
南 北,新城片区,无,7,托斯卡纳(从化区),108400491347,3室2厅,235,从化,精装,136.98平米,暂无数据,2000
东南,旧城区,无,8,环城西路教师村,108400503660,3室2厅,175,从化,简装,102.49平米,暂无数据,1996
东南,新城片区,暂无数据,8,中田西一巷,108400523919,3室2厅,105,从化,精装,79.54平米,暂无数据,未知
南 北,江埔街,有,11,星河绿洲,108400526336,3室2厅,199,从化,精装,128.17平米,107.89㎡,2009
东,河滨北路,无,9,金裕街,108400534459,3室2厅,128,从化,精装,95平米,81.44㎡,2000
东,江埔街,有,17,御景宏雅花园,108400547486,3室2厅,173,从化,精装,120平米,100.04㎡,2014
北,河滨北路,有,16,城市印象,108400548591,3室2厅,208,从化,精装,123.18平米,100.67㎡,2008
东南,江埔街,有,15,上城湾畔东区,108400550754,3室1厅,208,从化,简装,95.72平米,暂无数据,2009
南,神岗镇,有,17,人盛巴厘天地,108400609117,2室2厅,140,从化,精装,85平米,65.66㎡,未知
东南,江埔街,有,17,上城湾畔东区,108400616892,3室1厅,210,从化,精装,85平米,暂无数据,2009
西北,太平镇,有,16,新光百德广场,108400631216,1室1厅,40,从化,精装,56.65平米,42.14㎡,未知
南,神岗镇,有,17,人盛巴厘天地,108400430957,3室2厅,144,从化,毛坯,119.87平米,95.07㎡,未知
东北,太平镇,有,12,华标荔苑,108400435696,3室2厅,230,从化,毛坯,128.21平米,104.36㎡,未知
东北,太平镇,有,18,紫泉翠荔嘉园,108400289230,2室2厅,118,从化,精装,76.98平米,63.51㎡,未知
南,太平镇,无,6,紫泉翠荔嘉园,108400491619,3室2厅,125,从化,简装,89.95平米,78.38㎡,未知
东南,江埔街,有,18,欣荣宏国际商贸城,108400578098,2室2厅,190,从化,精装,91.5平米,71.7㎡,2013
东南,神岗镇,有,10,人盛巴厘天地,108400580034,2室2厅,110,从化,简装,83.77平米,暂无数据,未知
西北,江埔街,有,10,上城湾畔B区,108400581536,3室2厅,230,从化,简装,119.98平米,暂无数据,2009
南,神岗镇,有,18,珠光流溪御景,108400584521,3室2厅,185,从化,毛坯,128.55平米,暂无数据,未知
北,江埔街,有,10,上城湾畔B区,108400586089,3室2厅,265,从化,精装,116.1平米,暂无数据,2009
南,江埔街,有,26,景业荔都,108400593708,2室2厅,90,从化,精装,87.03平米,87.03㎡,未知
西南,旧城区,暂无数据,9,新城西路,108400597645,3室1厅,105,从化,简装,77.29平米,77.29㎡,未知
东南,太平镇,暂无数据,7,新平路,108400598547,3室1厅,90,从化,精装,79平米,暂无数据,未知
北,旧城区,暂无数据,10,城内路,108400602644,3室1厅,115,从化,精装,79.5平米,暂无数据,未知
东,河滨北路,无,7,镇北路,108400562083,3室2厅,125,从化,精装,105.38平米,暂无数据,2000
东北,太平镇,有,17,大城云山,108400620093,3室2厅,190,从化,精装,113.25平米,88.33㎡,2016
东南,河滨北路,暂无数据,9,镇北路,108400622017,3室2厅,145,从化,其他,123.3平米,暂无数据,未知
北,河滨北路,有,16,逸景雅轩,108400605976,3室2厅,237,从化,精装,124.93平米,105.65㎡,2010
南,江埔街,有,32,珠光御景山水城,108400127942,3室2厅,230,从化,毛坯,129.02平米,105.08㎡,未知
东南,江埔街,有,23,名城御景绿洲,108400155075,3室1厅,220,从化,毛坯,124.62平米,100.2㎡,2011
南 北,太平镇,无,6,紫泉翠荔嘉园,108400159502,5室1厅,160,从化,简装,105.33平米,92.91㎡,2008
南,温泉镇,有,23,富力泉天下,108400169462,4室2厅,182,从化,精装,153.58平米,暂无数据,2014
东南,江埔街,有,17,上城湾畔B区,108400173019,4室2厅,320,从化,毛坯,150.56平米,117.28㎡,2009
北,神岗镇,有,15,逸泉山庄,108400176074,3室2厅,222,从化,毛坯,139.25平米,暂无数据,2005
南 北,江埔街,有,18,珠光御景山水城,108400176152,3室2厅,220,从化,毛坯,143平米,122.74㎡,未知
西北,旺城片区,有,10,蜜糖苑,108400176159,4室3厅,358,从化,精装,217.07平米,190.03㎡,2012
南,新城片区,无,9,玫瑰園,108400176250,3室2厅,190,从化,精装,132平米,暂无数据,2008
南,江埔街,有,11,雅居乐滨江花园,108400176353,4室2厅,410,从化,精装,162.51平米,135.22㎡,2007
南,江埔街,暂无数据,18,珠光御景山水城,108400177951,4室2厅,187,从化,毛坯,142.77平米,115.04㎡,未知
东南,神岗镇,有,17,人盛巴厘天地,108400186413,3室2厅,170,从化,精装,120.37平米,95.18㎡,2011
南,温泉镇,有,18,富力泉天下,108400189117,4室2厅,190,从化,精装,148.67平米,暂无数据,未知
东南,江埔街,有,24,莱茵水岸,108400213873,3室2厅,215,从化,精装,122.71平米,99.89㎡,2016
东南,温泉镇,有,18,方圆明月山溪,108400215166,5室2厅,253,从化,精装,211.49平米,暂无数据,2014
南,江埔街,有,25,莱茵水岸,108400215850,3室2厅,230,从化,精装,117.57平米,96.1㎡,2016
北,江埔街,有,27,名城御景绿洲,108400218002,3室2厅,180,从化,毛坯,121.14平米,121.14㎡,2011
东北,河滨北路,有,16,城市印象,108400218738,4室2厅,230,从化,毛坯,135.6平米,110.82㎡,2008
西南,太平镇,有,23,紫泉翠荔嘉园,108400227422,3室2厅,150,从化,简装,90.29平米,74.48㎡,未知
南,神岗镇,有,17,雅居乐小院流溪,108400228900,4室2厅,210,从化,毛坯,140.35平米,暂无数据,2013
南,神岗镇,有,6,荔山雅筑,108400230867,4室2厅,220,从化,毛坯,136.15平米,暂无数据,2011
南,太平镇,无,6,紫泉翠荔嘉园,108400230871,4室2厅,200,从化,简装,130平米,118㎡,2004
南,太平镇,有,11,华标荔苑,108400230886,3室2厅,180,从化,精装,135.6平米,109.38㎡,2000
东南,太平镇,无,6,紫泉翠荔嘉园,108400230933,4室2厅,178,从化,简装,118.98平米,105.1㎡,2006
东南,太平镇,无,6,紫泉翠荔嘉园,108400230973,3室2厅,140,从化,简装,103.85平米,92.49㎡,2008
西南,太平镇,无,6,紫泉翠荔嘉园,108400230979,4室2厅,215,从化,简装,129平米,116.32㎡,未知
南 北,太平镇,无,6,紫泉翠荔嘉园,108400246588,3室2厅,238,从化,精装,150.77平米,137.75㎡,未知
南 北,太平镇,无,6,紫泉翠荔嘉园,108400246598,3室2厅,238,从化,精装,150.89平米,137.86㎡,未知
南,江埔街,有,17,上城湾畔东区,108400252964,4室2厅,275,从化,精装,145平米,119.64㎡,2009
南 北,神岗镇,有,17,人盛巴厘天地,108400261434,3室1厅,160,从化,精装,119.87平米,95.07㎡,2013
东南,太平镇,有,10,紫泉流溪湾,108400267359,5室1厅,200,从化,毛坯,163.26平米,133.12㎡,2009
南,太平镇,无,6,紫泉翠荔嘉园,108400268535,4室2厅,193,从化,毛坯,117.43平米,105.24㎡,未知
南 北,太平镇,无,6,紫泉翠荔嘉园,108400269187,4室2厅,165,从化,精装,117.26平米,104.91㎡,未知
南 北,神岗镇,无,5,逸泉山庄,108400284497,4室2厅,200,从化,毛坯,147平米,126.9㎡,2009
西南,河滨北路,有,16,逸景雅轩,108400287244,5室2厅,186,从化,精装,92.72平米,78.41㎡,2010
南,江埔街,有,17,上城湾畔东区,108400298963,4室2厅,340,从化,精装,144.59平米,117.63㎡,2009
南,神岗镇,有,11,逸泉山庄,108400302102,3室2厅,230,从化,精装,138.72平米,110.1㎡,2011
东南,江埔街,有,26,名城御景绿洲,108400303930,4室2厅,206,从化,毛坯,134.41平米,110.08㎡,2011
南 北,太平镇,有,11,华标荔苑,108400310528,3室2厅,195,从化,毛坯,134.87平米,108.78㎡,未知
东北,江埔街,有,24,莱茵水岸,108400317168,3室1厅,216,从化,简装,108.79平米,89.62㎡,未知
南,江埔街,有,24,莱茵水岸,108400317528,3室1厅,240,从化,简装,108.79平米,89.62㎡,未知
南,新城片区,有,6,托斯卡纳(从化区),108400318338,3室1厅,280,从化,精装,138.41平米,112.83㎡,未知
东南,江埔街,有,24,莱茵水岸,108400322606,3室2厅,260,从化,精装,122.71平米,99.89㎡,2016
南,江埔街,有,24,莱茵水岸,108400323066,3室2厅,265,从化,精装,122.71平米,99.89㎡,未知
南,鳌头镇,有,11,利泰花林湖畔,108400325382,3室2厅,98,从化,毛坯,101.71平米,暂无数据,2012
南,新城片区,有,7,骏雅名庭,108400333431,4室2厅,220,从化,精装,203.72平米,175.03㎡,2000
南,新城片区,无,8,建云东路,108400341405,4室2厅,170,从化,简装,151.8平米,暂无数据,2000
南,神岗镇,有,15,逸泉山庄,108400344654,4室2厅,238,从化,精装,140.08平米,暂无数据,未知
东北,神岗镇,有,17,雅居乐小院流溪,108400352979,4室2厅,220,从化,毛坯,140.75平米,暂无数据,2013
南 北,新城片区,无,9,托斯卡纳(从化区),108400357525,4室3厅,235,从化,精装,94.71平米,78.77㎡,2000
东南,新城片区,无,9,托斯卡纳(从化区),108400357950,3室2厅,205,从化,毛坯,135.62平米,112.32㎡,2000
南,新城片区,有,13,帝京华府,108400379095,5室3厅,310,从化,精装,245.41平米,暂无数据,2005
南 北,神岗镇,有,27,珠光流溪御景,108400381998,4室2厅,225,从化,毛坯,148.54平米,123.19㎡,2012
南,神岗镇,有,17,人盛巴厘天地,108400384462,3室2厅,180,从化,精装,125.31平米,100.37㎡,2012
南,神岗镇,有,17,雅居乐小院流溪,108400388938,5室2厅,200,从化,精装,140.71平米,暂无数据,2013
西南,太平镇,无,6,紫泉翠荔嘉园,108400398018,6室2厅,152,从化,简装,117.26平米,104.91㎡,未知
南,神岗镇,有,4,逸泉山庄,108400445982,3室2厅,280,从化,精装,143.97平米,暂无数据,2008
东南,江埔街,有,17,上城湾畔东区,108400450304,4室2厅,328,从化,精装,144.99平米,117.09㎡,2009
东,旧城区,无,8,西宁西路,108400450351,3室2厅,118,从化,简装,116.43平米,暂无数据,1998
西南,太平镇,无,6,紫泉翠荔嘉园,108400451329,4室1厅,160,从化,精装,118.82平米,暂无数据,2004
北,神岗镇,有,15,逸泉山庄,108400454549,4室2厅,235,从化,精装,141平米,141㎡,未知
南,神岗镇,有,15,逸泉山庄,108400455060,4室2厅,218,从化,精装,141平米,暂无数据,未知
北,江埔街,有,27,名城御景绿洲,108400455380,3室2厅,185,从化,毛坯,122.53平米,99.31㎡,2011
西南,旧城区,有,9,西宁中路,108400465688,3室2厅,117,从化,精装,115.2平米,115.2㎡,2000
南 北,神岗镇,无,5,逸泉山庄,108400466823,3室2厅,235,从化,精装,135.16平米,119.05㎡,2003
东南,神岗镇,无,3,雅居乐小院流溪,108400467782,5室2厅,305,从化,毛坯,237.71平米,237.71㎡,2012
南 北,神岗镇,无,5,逸泉山庄,108400476287,4室2厅,200,从化,毛坯,135平米,135㎡,2008
南,太平镇,无,6,紫泉翠荔嘉园,108400479763,6室3厅,380,从化,精装,222.62平米,204.87㎡,未知
南 北,神岗镇,有,15,逸泉山庄,108400480096,3室2厅,205,从化,毛坯,156平米,156㎡,2008
西北,太平镇,无,6,紫泉翠荔嘉园,108400483603,4室2厅,190,从化,精装,121.62平米,110.36㎡,未知
北,神岗镇,有,15,逸泉山庄,108400488185,4室2厅,235,从化,精装,141平米,141㎡,未知
南,神岗镇,有,15,逸泉山庄,108400499142,4室2厅,250,从化,毛坯,156.68平米,暂无数据,未知
东南,太平镇,无,6,紫泉翠荔嘉园,108400517870,4室2厅,208,从化,简装,150.89平米,137.84㎡,未知
北,神岗镇,有,15,逸泉山庄,108400519209,4室2厅,238,从化,毛坯,155.85平米,暂无数据,未知
南,太平镇,有,10,紫泉流溪湾,108400528760,4室2厅,248,从化,毛坯,186.3平米,151.91㎡,未知
南,神岗镇,有,15,逸泉山庄,108400532676,3室2厅,200,从化,精装,111.23平米,88㎡,2010
南,旧城区,无,8,新村北路,108400533037,3室2厅,120,从化,简装,98.5平米,98.5㎡,1995
南 北,新城片区,有,18,雍禾苑,108400535297,3室2厅,238,从化,毛坯,102.73平米,84.3㎡,2012
南 北,神岗镇,有,17,人盛巴厘天地,108400535614,3室2厅,178,从化,精装,127平米,127㎡,2013
南 北,神岗镇,有,15,逸泉山庄,108400564524,3室2厅,160,从化,毛坯,105平米,暂无数据,未知
南,新城片区,无,7,托斯卡纳(从化区),108400567714,3室2厅,230,从化,毛坯,137.75平米,113.87㎡,2007
南 北,太平镇,无,6,紫泉翠荔嘉园,108400176117,2室2厅,110,从化,简装,76.11平米,67㎡,未知
西南,太平镇,无,6,华标荔苑,108400259976,2室2厅,113,从化,简装,72.93平米,62.63㎡,2010
北,神岗镇,有,23,珠光流溪御景,108400173112,3室2厅,170,从化,精装,113.81平米,95.27㎡,未知
南,旧城区,有,9,雍晟美景家园,108400216428,3室2厅,190,从化,简装,120.01平米,95.98㎡,2005
南,江埔街,无,8,龙井村,108400465153,2室1厅,69,从化,精装,48.63平米,暂无数据,1996
南,新城片区,有,8,碧溪路,108400518881,2室2厅,112,从化,精装,80.6平米,暂无数据,1996
北,神岗镇,无,6,珠光流溪御景,108400621279,3室2厅,189,从化,精装,95.74平米,暂无数据,未知
南,太平镇,有,10,紫泉流溪湾,108400613215,3室2厅,120,从化,精装,89.11平米,67.68㎡,未知
东南,神岗镇,有,6,荔山雅筑,108400616425,2室2厅,168,从化,毛坯,99.09平米,78.05㎡,未知
南,神岗镇,有,17,人盛巴厘天地,108400032157,3室1厅,166,从化,毛坯,127.72平米,127.72㎡,未知
南 北,神岗镇,有,17,人盛巴厘天地,108400045585,3室2厅,148,从化,毛坯,124.91平米,97.77㎡,2013
北,温泉镇,有,18,富力泉天下,108400127882,2室1厅,116,从化,简装,83.6平米,暂无数据,2014
北,温泉镇,有,18,富力泉天下,108400127902,2室2厅,120,从化,精装,81.44平米,68.59㎡,2014
北,温泉镇,有,18,富力泉天下,108400127906,2室1厅,115,从化,简装,81.44平米,暂无数据,2014
南,江埔街,有,16,君源御湖城,108400169587,3室2厅,140,从化,精装,104.05平米,暂无数据,2000
南,神岗镇,有,18,珠光流溪御景,108400175953,3室2厅,175,从化,毛坯,148.4平米,126.32㎡,2012
南,神岗镇,有,17,人盛巴厘天地,108400176046,3室2厅,141,从化,毛坯,109平米,82.94㎡,2012
东南,太平镇,无,6,紫泉翠荔嘉园,108400176056,3室2厅,140,从化,简装,89.77平米,79.35㎡,2008
南 西南,太平镇,有,12,星汇峰,108400176076,2室2厅,113,从化,毛坯,79.99平米,暂无数据,2010
东北,太平镇,无,6,华标荔苑,108400176080,2室2厅,110,从化,毛坯,73.93平米,61.09㎡,2013
东北,太平镇,有,18,紫泉翠荔嘉园,108400176081,2室2厅,110,从化,精装,71.31平米,58.01㎡,2010
东南,太平镇,有,16,新光百德广场,108400176102,2室1厅,76,从化,精装,76.54平米,暂无数据,未知
东南,鳌头镇,有,11,利泰花林湖畔,108400176222,3室2厅,99,从化,毛坯,98.5平米,85.15㎡,2012
南,新城片区,无,7,托斯卡纳(从化区),108400176231,3室2厅,228,从化,毛坯,139.61平米,115.41㎡,2007
北,太平镇,无,8,回归路小区,108400176781,2室1厅,85,从化,简装,94.32平米,暂无数据,2000
西南 西北 北,鳌头镇,有,9,翡翠城,108400177432,2室2厅,85,从化,毛坯,84平米,暂无数据,2010
南,江埔街,有,18,珠光御景山水城,108400182801,4室2厅,200,从化,毛坯,142.78平米,暂无数据,2000
南,江埔街,有,18,欣荣宏国际商贸城,108400184891,2室2厅,175,从化,毛坯,91.63平米,71.94㎡,2013
南,温泉镇,有,18,富力泉天下,108400195768,3室2厅,135,从化,精装,100.3平米,暂无数据,未知
东南,江埔街,有,16,君源御湖城,108400202724,3室2厅,125,从化,毛坯,102.12平米,暂无数据,2000
南,温泉镇,有,18,富力泉天下,108400206352,3室2厅,145,从化,精装,120.11平米,暂无数据,未知
东南,神岗镇,有,17,人盛巴厘天地,108400207915,3室2厅,178,从化,毛坯,132.73平米,104.95㎡,2011
东南,鳌头镇,有,11,利泰花林湖畔,108400211163,2室2厅,80,从化,毛坯,79.27平米,67.27㎡,未知
南,江埔街,无,8,七星路8号大院,108400215583,3室2厅,130,从化,精装,115.6平米,暂无数据,未知
南,神岗镇,有,10,人盛巴厘天地,108400215948,2室1厅,113,从化,毛坯,83.77平米,68.55㎡,未知
南,新城片区,无,9,玫瑰園,108400217685,4室2厅,190,从化,精装,137.56平米,暂无数据,2008
东南,太平镇,有,17,大城云山,108400227022,2室2厅,138,从化,毛坯,90.88平米,72.25㎡,2016
南,江埔街,有,24,逸泉映翠,108400227476,3室2厅,133,从化,毛坯,95.75平米,76.57㎡,2014
东南,河滨北路,有,31,宏诚海岸花园,108400229388,3室2厅,285,从化,简装,143.42平米,暂无数据,2008
南,太平镇,有,12,华标荔苑,108400230858,2室2厅,150,从化,毛坯,88.57平米,72.1㎡,未知
东南 西北,神岗镇,有,10,人盛巴厘天地,108400230890,3室2厅,145,从化,毛坯,100.45平米,81.31㎡,2013
南 北,太平镇,无,6,紫泉翠荔嘉园,108400230915,3室1厅,130,从化,简装,90.06平米,79.56㎡,2008
南,太平镇,有,17,大城云山,108400230917,2室2厅,140,从化,精装,90.88平米,72.25㎡,2016
东南,太平镇,无,6,紫泉翠荔嘉园,108400230965,3室2厅,144,从化,简装,103.08平米,92.78㎡,2004
东,太平镇,有,8,回归路小区,108400230997,2室2厅,100,从化,毛坯,85.96平米,暂无数据,1992
东,神岗镇,有,17,人盛巴厘天地,108400232306,3室2厅,128,从化,毛坯,101.65平米,80.42㎡,2008
北,神岗镇,有,17,人盛巴厘天地,108400238421,3室2厅,132,从化,毛坯,101.65平米,101.65㎡,未知
南 北,神岗镇,有,28,珠江壹城,108400240410,3室2厅,165,从化,精装,104.74平米,暂无数据,2013
东北,太平镇,有,18,紫泉翠荔嘉园,108400242189,2室2厅,115,从化,毛坯,72.6平米,59.89㎡,2009
北,神岗镇,有,15,逸泉山庄,108400250956,4室2厅,230,从化,精装,151.68平米,暂无数据,2013
北,太平镇,无,8,回归路小区,108400253021,2室2厅,72,从化,简装,94.32平米,81.96㎡,1998
南,江埔街,有,23,名城御景绿洲,108400258853,4室2厅,240,从化,毛坯,139.8平米,112.48㎡,2011
东南,太平镇,有,23,紫泉翠荔嘉园,108400260027,2室2厅,120,从化,毛坯,81.44平米,67.19㎡,未知
北,太平镇,有,17,紫泉流溪湾,108400261742,3室1厅,134,从化,毛坯,88.84平米,70.94㎡,未知
南 北,神岗镇,有,17,人盛巴厘天地,108400265915,3室2厅,205,从化,精装,126.17平米,暂无数据,2019
东南,太平镇,有,23,紫泉翠荔嘉园,108400267060,2室2厅,108,从化,简装,78.58平米,64.83㎡,未知
东南,旧城区,无,8,环城西路教师村,108400268221,3室2厅,152,从化,简装,84平米,暂无数据,1996
南 北,太平镇,有,17,大城云山,108400269244,3室2厅,144,从化,毛坯,111.11平米,88.34㎡,2016
南,太平镇,无,6,丰盈雅居,108400269442,2室1厅,95,从化,简装,80.67平米,暂无数据,1993
南,太平镇,有,17,大城云山,108400273920,3室2厅,152,从化,毛坯,90.88平米,72.25㎡,2016
西南,太平镇,无,6,紫泉翠荔嘉园,108400275121,3室2厅,131,从化,简装,89.77平米,79.35㎡,未知
东 西北,太平镇,无,6,紫泉翠荔嘉园,108400275300,3室2厅,135,从化,毛坯,103.63平米,92.29㎡,2007
东南,神岗镇,有,17,人盛巴厘天地,108400275740,3室2厅,133,从化,毛坯,82.1平米,暂无数据,2012
北,温泉镇,有,18,富力泉天下,108400278169,2室2厅,120,从化,精装,84.28平米,暂无数据,2014
东南,太平镇,有,12,华标荔苑,108400280375,2室2厅,150,从化,毛坯,94.16平米,73.99㎡,未知
北,江埔街,有,18,欣荣宏国际商贸城,108400282023,2室2厅,190,从化,毛坯,91.57平米,71.93㎡,2013
南 北,神岗镇,有,17,人盛巴厘天地,108400282737,2室2厅,118,从化,毛坯,84.5平米,66.14㎡,2013
东南,太平镇,无,6,华标荔苑,108400286955,2室2厅,130,从化,毛坯,85.2平米,71.98㎡,2012
北,江埔街,有,17,上城湾畔东区,108400293553,3室1厅,200,从化,毛坯,85.87平米,69.41㎡,2009
东北,江埔街,有,23,逸泉映翠,108400296524,3室1厅,138,从化,毛坯,99平米,85.2㎡,2014
南 北,江埔街,有,15,上城湾畔东区,108400301317,3室2厅,250,从化,精装,114平米,93.05㎡,2009
东南,太平镇,有,17,紫泉流溪湾,108400302885,3室2厅,123,从化,毛坯,88.84平米,70.99㎡,未知
西北,神岗镇,有,26,珠光流溪御景,108400304555,3室2厅,138,从化,毛坯,113.54平米,94.69㎡,未知
南,太平镇,有,23,紫泉翠荔嘉园,108400306619,3室2厅,150,从化,简装,90.29平米,74.48㎡,未知
南,神岗镇,有,28,珠江壹城,108400308174,3室2厅,170,从化,精装,114平米,90.19㎡,未知
东南,神岗镇,有,10,人盛巴厘天地,108400310023,2室2厅,96,从化,毛坯,81.1平米,65.64㎡,2013
南,江埔街,有,18,珠光御景山水城,108400311091,4室2厅,230,从化,毛坯,142.22平米,124.32㎡,未知
南,太平镇,无,8,回归路小区,108400312540,3室2厅,115,从化,毛坯,120.93平米,103.86㎡,1996
南,太平镇,无,8,太平花园,108400312650,3室2厅,100,从化,简装,118.87平米,118.87㎡,1993
南,江埔街,有,32,珠光御景山水城,108400315713,3室2厅,215,从化,毛坯,128.35平米,108.09㎡,未知
东南,太平镇,有,8,回归路小区,108400316161,2室2厅,85,从化,毛坯,85.96平米,73.62㎡,1995
北,温泉镇,有,18,富力泉天下,108400316254,2室2厅,116,从化,精装,81.36平米,暂无数据,2014
南,神岗镇,有,16,雅居乐小院流溪,108400317073,3室2厅,160,从化,毛坯,111.61平米,暂无数据,2013
北,神岗镇,有,26,珠光流溪御景,108400318503,3室2厅,150,从化,毛坯,113.54平米,94.69㎡,未知
北,神岗镇,有,15,逸泉山庄,108400319928,2室2厅,145,从化,精装,88.28平米,69.23㎡,2001
东南,太平镇,有,18,紫泉流溪湾,108400320680,3室2厅,130,从化,毛坯,90.61平米,70.94㎡,未知
南 北,江埔街,有,16,君源御湖城,108400322518,2室2厅,106,从化,简装,80.62平米,66.55㎡,2000
北,温泉镇,有,18,富力泉天下,108400324979,2室2厅,88,从化,简装,81.84平米,暂无数据,未知
东南,太平镇,无,6,紫泉翠荔嘉园,108400325639,3室2厅,131,从化,简装,89.96平米,79.47㎡,2008
南 北,太平镇,无,6,华标荔苑,108400326004,2室2厅,120,从化,毛坯,85.2平米,71.98㎡,2013
东南 南,神岗镇,有,17,人盛巴厘天地,108400326307,2室2厅,125.4,从化,毛坯,83.6平米,66.31㎡,未知
北,旧城区,有,9,新时代家园,108400327495,3室2厅,145,从化,简装,93.02平米,暂无数据,2012
南,神岗镇,有,17,人盛巴厘天地,108400335932,3室2厅,152,从化,毛坯,132.6平米,105㎡,2011
北,江埔街,有,15,上城湾畔东区,108400340191,3室2厅,250,从化,精装,115.36平米,93.19㎡,2009
南,太平镇,无,6,华标荔苑,108400341267,2室1厅,165,从化,精装,85.2平米,71.98㎡,2013
西南,太平镇,无,6,紫泉翠荔嘉园,108400341506,3室2厅,133,从化,简装,90.04平米,78.83㎡,2004
南,太平镇,无,7,银农楼,108400341513,2室2厅,50,从化,简装,61.44平米,暂无数据,未知
东南,温泉镇,有,18,富力泉天下,108400342153,3室2厅,180,从化,精装,122.3平米,101.69㎡,未知
东南,神岗镇,有,6,荔山雅筑,108400342316,3室2厅,163,从化,毛坯,109.76平米,暂无数据,2008
南,新城片区,有,9,建云东路,108400345254,3室2厅,139,从化,精装,121.62平米,暂无数据,2000
南 西北,神岗镇,有,10,人盛巴厘天地,108400345793,3室2厅,139,从化,精装,99.91平米,暂无数据,未知
东南,江埔街,有,32,珠光御景山水城,108400347468,4室2厅,170,从化,毛坯,129.07平米,暂无数据,未知
西南,神岗镇,有,28,珠江壹城,108400354319,3室2厅,158,从化,精装,114.88平米,86.68㎡,未知
南,太平镇,无,6,紫泉翠荔嘉园,108400370600,2室2厅,110,从化,简装,75.8平米,66.77㎡,2004
南,温泉镇,有,18,富力泉天下,108400374567,3室2厅,180,从化,精装,127.69平米,暂无数据,未知
北,神岗镇,有,15,逸泉山庄,108400374964,2室2厅,165,从化,精装,93.57平米,暂无数据,2010
东北,太平镇,有,17,大城云山,108400377768,3室2厅,175,从化,精装,113.13平米,暂无数据,2016
东南,江埔街,有,11,雅居乐滨江花园,108400381937,3室2厅,190,从化,精装,86.28平米,70.09㎡,未知
北,神岗镇,有,27,珠光流溪御景,108400383322,3室2厅,127,从化,毛坯,98.41平米,81.62㎡,未知
南,太平镇,无,6,紫泉翠荔嘉园,108400395686,3室2厅,160,从化,简装,103.93平米,92.56㎡,未知
南,温泉镇,有,18,富力泉天下,108400397488,3室2厅,145,从化,精装,120.41平米,暂无数据,未知
东南,太平镇,有,18,紫泉翠荔嘉园,108400397739,3室2厅,146,从化,毛坯,90.87平米,74.96㎡,未知
南,太平镇,无,6,紫泉翠荔嘉园,108400397747,2室1厅,100,从化,毛坯,75.92平米,66.08㎡,2008
东南,江埔街,有,15,上城湾畔东区,108400404149,3室1厅,215,从化,精装,93.14平米,暂无数据,2009
南 西南,温泉镇,有,7,富力泉天下,108400411090,2室2厅,133,从化,精装,116.55平米,86.24㎡,未知
北,太平镇,有,12,华标荔苑,108400412265,2室1厅,140,从化,毛坯,91平米,71.07㎡,未知
东南,温泉镇,有,18,富力泉天下,108400413228,3室2厅,130,从化,精装,100.35平米,100.35㎡,2014
南,太平镇,有,17,大城云山,108400422306,3室2厅,154,从化,毛坯,90.88平米,72.25㎡,2016
东北,太平镇,有,12,华标荔苑,108400422532,2室1厅,150,从化,精装,91平米,90.45㎡,未知
南,太平镇,无,6,华标荔苑,108400425834,2室2厅,136,从化,毛坯,85.23平米,75.17㎡,未知
南,太平镇,无,8,从化怡景楼,108400432373,2室2厅,95,从化,毛坯,86.43平米,75.28㎡,未知
南,温泉镇,有,18,富力泉天下,108400449585,4室2厅,198,从化,精装,146.77平米,暂无数据,未知
南 北,太平镇,无,6,华标荔苑,108400460152,2室2厅,130,从化,精装,87.21平米,73.67㎡,2010
南 北,太平镇,无,6,紫泉翠荔嘉园,108400460503,4室2厅,190,从化,简装,151.3平米,137.92㎡,未知
南,新城片区,无,8,托斯卡纳(从化区),108400464118,3室2厅,217,从化,毛坯,138.8平米,117.11㎡,2000
南 北,太平镇,无,6,华标荔苑,108400468331,3室1厅,138,从化,精装,88.73平米,78.31㎡,未知
西南,太平镇,无,7,银农楼,108400473904,3室2厅,73,从化,精装,79.83平米,暂无数据,未知
东南,神岗镇,有,11,广东动漫城,108400480005,2室1厅,66,从化,精装,60.53平米,46.21㎡,2013
南 北,神岗镇,有,10,人盛巴厘天地,108400492280,3室2厅,130,从化,毛坯,99.64平米,暂无数据,未知
南,江埔街,有,16,君源御湖城,108400506621,3室2厅,130,从化,毛坯,104.7平米,86.68㎡,2011
北,江埔街,有,24,珠光御景山水城,108400509320,3室2厅,138,从化,毛坯,91.01平米,70.5㎡,未知
南,太平镇,无,6,华标荔苑,108400510312,2室2厅,130,从化,毛坯,87.21平米,73.67㎡,未知
南 北,太平镇,有,11,华标荔苑,108400510328,3室2厅,165,从化,毛坯,135.54平米,109.38㎡,未知
北,河滨北路,有,9,智杰雅筑,108400515549,3室2厅,155,从化,毛坯,92.44平米,79.2㎡,未知
东南,太平镇,无,6,紫泉翠荔嘉园,108400518121,2室2厅,103,从化,简装,76.11平米,67㎡,未知
南,神岗镇,有,15,逸泉山庄,108400521455,2室2厅,115,从化,精装,86.84平米,86.84㎡,2010
东北,太平镇,有,17,大城云山,108400531526,3室2厅,182,从化,简装,113.25平米,88.33㎡,2016
南,江埔街,有,24,逸泉映翠,108400531577,3室2厅,151,从化,精装,95.75平米,75.57㎡,2014
东南,温泉镇,有,11,方圆明月山溪,108400563053,2室1厅,105,从化,简装,89.59平米,暂无数据,2014
北,神岗镇,有,15,逸泉山庄,108400570367,2室2厅,160,从化,精装,93.57平米,74.59㎡,2010
东南,太平镇,有,12,华标荔苑,108400570833,2室2厅,142,从化,毛坯,91.63平米,72.1㎡,2013
南,神岗镇,有,17,人盛巴厘天地,108400571935,3室2厅,150,从化,毛坯,112.41平米,87.98㎡,2013
东南,新城片区,暂无数据,9,蓝田东路,108400626691,3室2厅,110,从化,简装,93.34平米,暂无数据,未知
东北,神岗镇,有,26,珠光流溪御景,108400270627,3室2厅,152,从化,毛坯,113.94平米,95.02㎡,未知
南,江埔街,有,15,上城湾畔东区,108400598321,3室2厅,220,从化,其他,93.03平米,75.15㎡,2009
北,江埔街,有,13,星河绿洲,108400598668,4室3厅,328,从化,精装,149.1平米,120.9㎡,2009
南,江埔街,有,17,御景宏雅花园,108400605372,3室2厅,208,从化,精装,118.6平米,99.58㎡,2014
南,神岗镇,有,15,逸泉山庄,108400626578,3室2厅,165,从化,毛坯,110.71平米,88.38㎡,未知
南 北,江埔街,有,22,莱茵水岸,108400426749,3室2厅,250,从化,其他,123.78平米,100.63㎡,未知
东南,神岗镇,有,17,人盛巴厘天地,108400579049,2室2厅,120,从化,精装,84平米,暂无数据,2013
东南,旧城区,无,7,新城中路,108400595856,2室1厅,78,从化,简装,61.24平米,暂无数据,1998
西南,江埔街,有,16,君源御湖城,108400334569,3室2厅,138,从化,简装,104平米,86.33㎡,未知
西北,神岗镇,有,17,人盛巴厘天地,108400430964,3室2厅,136,从化,其他,101平米,暂无数据,2012
东南,神岗镇,有,17,人盛巴厘天地,108400430971,3室2厅,180,从化,其他,127平米,98.71㎡,未知
东南,神岗镇,有,17,人盛巴厘天地,108400457959,3室2厅,189,从化,精装,107.96平米,83.22㎡,2012
南,神岗镇,有,17,人盛巴厘天地,108400475463,3室2厅,163,从化,毛坯,126平米,97.51㎡,未知
西南,神岗镇,有,28,珠江壹城,108400493658,3室2厅,185,从化,其他,114.86平米,90.13㎡,未知
南,神岗镇,有,17,人盛巴厘天地,108400535933,3室2厅,170,从化,其他,127.72平米,98.71㎡,未知
东 东南,太平镇,无,8,从化怡景楼,108400559905,2室2厅,100,从化,其他,85.11平米,75㎡,未知
西南,太平镇,无,6,紫泉翠荔嘉园,108400176098,2室2厅,120,从化,简装,76.11平米,67㎡,2004
南,江埔街,有,32,珠光御景山水城,108400176203,3室2厅,185,从化,毛坯,129.07平米,暂无数据,未知
南,江埔街,有,24,莱茵水岸,108400220645,3室2厅,205,从化,精装,110.09平米,暂无数据,未知
东南,太平镇,有,25,云星钱隆天誉,108400230864,3室2厅,156,从化,毛坯,133.78平米,暂无数据,未知
东南,江埔街,有,11,名城御景绿洲,108400255019,4室2厅,230,从化,精装,136.74平米,暂无数据,2011
东南,太平镇,有,25,云星钱隆天誉,108400315702,4室1厅,180,从化,毛坯,122.94平米,95.72㎡,未知
南,神岗镇,无,4,雅居乐小院流溪,108400317321,4室2厅,265,从化,毛坯,193.9平米,167.57㎡,2013
东北,神岗镇,有,28,珠江壹城,108400335538,3室2厅,175,从化,精装,113.1平米,87.06㎡,未知
南,河滨北路,有,9,智杰雅筑,108400385079,4室1厅,229,从化,精装,105平米,暂无数据,2000
南,温泉镇,有,23,富力泉天下,108400395994,3室2厅,150,从化,精装,120.95平米,暂无数据,未知
南,温泉镇,有,18,望谷温泉小镇,108400415466,3室2厅,240,从化,简装,164.65平米,暂无数据,未知
东南,神岗镇,有,16,雅居乐小院流溪,108400431037,3室2厅,230,从化,毛坯,148.4平米,117.97㎡,2015
西南,神岗镇,有,27,珠江壹城,108400470537,4室2厅,220,从化,精装,145.23平米,115.22㎡,未知
东南,神岗镇,有,27,珠光流溪御景,108400492341,4室2厅,238,从化,毛坯,147.7平米,123.19㎡,未知
南 北,新城片区,有,20,荔景园(从化区),108400525960,5室2厅,293,从化,简装,153.8平米,暂无数据,2005
北,神岗镇,有,18,雅居乐小院流溪,108400556017,6室2厅,199,从化,精装,116.48平米,暂无数据,2013
南,旧城区,有,11,翰林国际,108400568773,3室2厅,180,从化,毛坯,129.1平米,暂无数据,2013
南 北,太平镇,有,12,华标荔苑,108400596758,2室1厅,140,从化,毛坯,90.8平米,71.45㎡,2013
北,江埔街,有,32,珠光御景山水城,108400626751,3室1厅,145,从化,精装,90.91平米,73.68㎡,未知
东,太平镇,有,16,新光百德广场,108400176137,1室1厅,38,从化,简装,44.79平米,33.32㎡,未知
南,神岗镇,无,6,流溪河山庄,108400190115,2室2厅,76,从化,简装,76.78平米,69㎡,1998
南,太平镇,无,6,华标荔苑,108400208258,1室1厅,68,从化,简装,46.15平米,40.7㎡,2000
南,神岗镇,有,23,珠光流溪御景,108400224995,3室2厅,170,从化,毛坯,137平米,暂无数据,未知
西南,太平镇,有,12,华标荔苑,108400230937,2室2厅,165,从化,毛坯,91.74平米,72.09㎡,2013
东北,太平镇,无,6,华标荔苑,108400247517,1室1厅,68.5,从化,毛坯,46.88平米,暂无数据,2013
南,江埔街,有,17,上城湾畔B区,108400257775,4室2厅,325,从化,精装,177.75平米,暂无数据,2009
北,江埔街,有,23,爱尚流溪,108400259343,3室2厅,123,从化,毛坯,87.3平米,暂无数据,2014
南,神岗镇,有,21,珠光流溪御景,108400263300,4室1厅,225,从化,精装,143.79平米,119.74㎡,未知
南,太平镇,有,12,华标荔苑,108400286948,2室2厅,144.7,从化,毛坯,90.45平米,71.07㎡,未知
南,太平镇,无,6,华标荔苑,108400295021,2室1厅,120,从化,毛坯,85.2平米,71.98㎡,未知
北,河滨北路,有,16,逸景雅轩,108400296171,2室1厅,150,从化,毛坯,95.82平米,81.03㎡,2010
东,太平镇,有,16,新光百德广场,108400308212,1室0厅,56,从化,精装,56.86平米,42.3㎡,未知
南,温泉镇,有,18,方圆明月山溪,108400316613,1室0厅,54,从化,精装,39.3平米,30.87㎡,2014
东南 北,温泉镇,有,18,方圆明月山溪,108400320720,1室0厅,58,从化,精装,44.81平米,32.76㎡,2014
南,鳌头镇,暂无数据,9,翡翠城,108400323638,2室2厅,85,从化,毛坯,83.53平米,72.31㎡,未知
北,江埔街,有,32,珠光御景山水城,108400335211,3室2厅,160,从化,毛坯,95.94平米,85.14㎡,未知
北,江埔街,有,24,逸泉映翠,108400346572,2室1厅,110,从化,毛坯,77平米,56.74㎡,2014
北,神岗镇,有,9,人盛巴厘天地,108400394057,3室2厅,120,从化,毛坯,103平米,暂无数据,未知
东南,太平镇,有,16,新光百德广场,108400410643,1室0厅,58,从化,精装,56.65平米,42.14㎡,未知
东,河滨北路,无,7,中华市场邮电宿舍,108400415569,2室2厅,60,从化,简装,66.48平米,66.48㎡,未知
南,太平镇,无,6,华标荔苑,108400417396,1室1厅,72,从化,毛坯,44.11平米,36.45㎡,2013
南,河滨北路,有,13,岭南首府,108400421027,3室2厅,188,从化,毛坯,109平米,86.81㎡,2007
南,江埔街,有,24,逸泉映翠,108400425094,3室2厅,175,从化,毛坯,126.99平米,101.39㎡,2014
西南,太平镇,无,11,大城云山,108400432769,3室2厅,186,从化,毛坯,114.25平米,94.56㎡,2016
南,太平镇,无,6,华标荔苑,108400509887,1室1厅,72,从化,精装,46.15平米,40.7㎡,未知
南,太平镇,无,6,紫泉翠荔嘉园,108400624038,4室1厅,178,从化,简装,125平米,113.68㎡,未知
东北,神岗镇,有,28,珠江壹城,108400613376,3室2厅,162,从化,精装,111.59平米,85.75㎡,未知
南,江埔街,有,15,上城湾畔东区,108400615461,3室2厅,195,从化,简装,93.14平米,暂无数据,2009
南,太平镇,有,12,华标荔苑,108400087259,2室2厅,136,从化,精装,88.57平米,72.1㎡,2012
东南,江埔街,有,17,上城湾畔东区,108400127911,3室1厅,250,从化,精装,117.32平米,暂无数据,2009
南,江埔街,有,17,上城湾畔B区,108400127918,3室2厅,250,从化,毛坯,117.86平米,暂无数据,2009
南,江埔街,有,24,逸泉映翠,108400127919,3室2厅,130,从化,毛坯,94.27平米,暂无数据,2014
南,新城片区,有,9,托斯卡纳(从化区),108400156335,3室1厅,168,从化,毛坯,108.78平米,86.03㎡,2005
北,鳌头镇,有,11,利泰花林湖畔,108400164083,2室2厅,87,从化,毛坯,95.63平米,81.14㎡,2012
北,温泉镇,有,18,富力泉天下,108400169701,2室1厅,115,从化,简装,83平米,暂无数据,2014
西,鳌头镇,有,11,利泰花林湖畔,108400169999,2室2厅,80,从化,毛坯,79.27平米,67.27㎡,2014
东南,太平镇,无,9,大城云山,108400170873,3室2厅,125,从化,精装,77.06平米,暂无数据,2016
南 北,鳌头镇,有,11,利泰花林湖畔,108400173578,3室2厅,108,从化,毛坯,107.84平米,92.99㎡,2012
东南,新城片区,无,9,怡富绿色家园,108400175939,3室2厅,170,从化,精装,123.5平米,暂无数据,2005
南,江埔街,有,12,雅居乐滨江花园,108400175945,2室2厅,205,从化,精装,81平米,64.95㎡,2007
南,温泉镇,有,18,富力泉天下,108400175995,3室2厅,160,从化,精装,123.61平米,101.91㎡,2014
东南,太平镇,无,6,紫泉翠荔嘉园,108400175999,3室2厅,150,从化,简装,105.34平米,93.19㎡,2004
西南,太平镇,无,6,紫泉翠荔嘉园,108400176039,3室2厅,160,从化,简装,103.35平米,93.23㎡,2007
南,太平镇,有,6,星汇峰,108400176077,1室1厅,75,从化,简装,47.83平米,38.63㎡,2010
北,太平镇,有,9,星汇峰,108400176121,2室1厅,110,从化,简装,74.29平米,59.15㎡,2010
西,河滨北路,有,15,城市印象,108400176191,3室2厅,280,从化,精装,141.19平米,115.39㎡,2008
南,江埔街,有,17,上城湾畔东区,108400176258,4室2厅,380,从化,精装,173.81平米,143.03㎡,2009
北,江埔街,有,24,逸泉映翠,108400176263,3室2厅,135,从化,毛坯,94平米,暂无数据,2014
南,河滨北路,有,31,宏诚海岸花园,108400176290,3室2厅,275,从化,精装,144.81平米,117.32㎡,2008
南,河滨北路,有,13,岭南首府,108400176295,4室2厅,220,从化,毛坯,161.73平米,暂无数据,2007
东,旧城区,无,8,时代名苑,108400177420,3室2厅,133,从化,简装,89.81平米,暂无数据,2000
东北,河滨北路,有,16,宏润巴塞阳光,108400177426,3室2厅,152,从化,精装,91.18平米,78.22㎡,2008
南 西 北,江埔街,无,8,从化商贸城北区,108400179068,3室2厅,140,从化,精装,101.41平米,暂无数据,2013
北,旧城区,无,9,时代名苑,108400190112,3室2厅,126,从化,精装,90.32平米,暂无数据,2000
西,鳌头镇,有,9,利泰花林湖畔,108400194500,3室1厅,108,从化,精装,93.92平米,74.7㎡,未知
南,新城片区,无,8,镇安社区,108400198074,2室1厅,85,从化,简装,68.93平米,68.93㎡,未知
南 北,江埔街,有,18,欣荣宏国际商贸城,108400198588,3室2厅,280,从化,精装,135.54平米,暂无数据,2013
东,江埔街,无,7,康怡花园,108400203132,3室2厅,115,从化,简装,84.92平米,74.57㎡,2002
南,神岗镇,有,17,人盛巴厘天地,108400208218,2室1厅,136,从化,简装,84.91平米,66.14㎡,2012
南,河滨北路,有,10,智杰雅筑,108400213337,4室2厅,321,从化,精装,153.62平米,133.02㎡,2016
南,旧城区,有,9,新时代家园,108400220042,3室2厅,180,从化,毛坯,109.38平米,暂无数据,2012
南,太平镇,有,17,大城云山,108400221508,2室2厅,150,从化,简装,90.88平米,72.25㎡,2016
东南,河滨北路,无,10,河滨北路,108400222720,3室2厅,129,从化,精装,117.07平米,106.74㎡,1992
北,江埔街,有,24,逸泉映翠,108400224126,3室2厅,125,从化,毛坯,95平米,80㎡,2014
北,江埔街,有,15,上城湾畔东区,108400226361,3室2厅,240,从化,精装,115.12平米,93㎡,2009
东,太平镇,无,11,大城云山,108400226527,2室2厅,150,从化,精装,83.62平米,69.21㎡,2016
南,江埔街,有,24,莱茵水岸,108400227173,3室2厅,250,从化,精装,108.77平米,89.62㎡,未知
东南,江埔街,有,24,逸泉映翠,108400227215,3室2厅,140,从化,毛坯,95.75平米,76.57㎡,2014
东,新城片区,无,9,城南路,108400227803,3室2厅,175,从化,精装,147.46平米,147.46㎡,1998
西南,江埔街,无,8,得成苑,108400227850,3室2厅,108,从化,简装,93.59平米,暂无数据,未知
北,温泉镇,有,23,富力泉天下,108400228896,2室2厅,115,从化,精装,86.47平米,暂无数据,未知
南,江埔街,有,32,珠光御景山水城,108400229464,4室2厅,185,从化,毛坯,131.16平米,暂无数据,2000
西南,太平镇,有,17,大城云山,108400230898,3室2厅,150,从化,毛坯,111.73平米,88.75㎡,2016
南,太平镇,有,12,华标荔苑,108400230955,2室2厅,160,从化,简装,91平米,71.07㎡,未知
西南,太平镇,有,23,紫泉翠荔嘉园,108400234971,3室2厅,150,从化,简装,90.29平米,74.48㎡,未知
东,太平镇,有,1,星汇峰,108400239912,1室2厅,158,从化,简装,75.25平米,暂无数据,2012
东南,江埔街,有,17,上城湾畔东区,108400242278,3室2厅,248,从化,精装,112.5平米,92.3㎡,2009
南 北,温泉镇,有,18,方圆明月山溪,108400242357,2室2厅,120,从化,精装,84.48平米,暂无数据,2014
南,太平镇,有,23,紫泉翠荔嘉园,108400243680,2室2厅,125,从化,精装,78.58平米,64.83㎡,未知
东南,太平镇,无,6,华标荔苑,108400246005,2室2厅,140,从化,精装,87.54平米,75.08㎡,2000
南,太平镇,无,6,紫泉翠荔嘉园,108400246606,3室2厅,130,从化,精装,89.77平米,79.35㎡,2008
南,太平镇,无,6,紫泉翠荔嘉园,108400246615,3室2厅,130,从化,精装,89.77平米,79.34㎡,未知
南 北,新城片区,暂无数据,7,新城东路,108400247279,3室2厅,85,从化,简装,76.44平米,68.32㎡,未知
北,温泉镇,有,18,富力泉天下,108400247667,2室1厅,100,从化,精装,82.33平米,68.41㎡,2014
东北,太平镇,有,18,紫泉翠荔嘉园,108400250994,2室2厅,115,从化,毛坯,76.2平米,59.89㎡,未知
东,江埔街,有,16,君源御湖城,108400253757,2室1厅,104,从化,毛坯,81平米,66.74㎡,2000
南,河滨北路,无,7,东成路,108400257314,3室2厅,90,从化,简装,81.24平米,81.24㎡,1992
南,旧城区,无,8,西宁中路朝阳街,108400263284,2室2厅,98,从化,简装,83.91平米,暂无数据,1995
东北,旺城片区,无,8,旺城花苑西区,108400265784,2室1厅,83,从化,精装,56.48平米,48.26㎡,2010
南,新城片区,无,9,凤仪东路,108400266280,3室2厅,128,从化,精装,101.28平米,暂无数据,2000
南 北,太平镇,无,6,紫泉翠荔嘉园,108400269158,4室2厅,175,从化,精装,118平米,104.83㎡,未知
南,神岗镇,有,17,人盛巴厘天地,108400272214,3室2厅,143,从化,毛坯,112.41平米,87.98㎡,2013
西,太平镇,有,17,大城云山,108400283194,3室2厅,130,从化,毛坯,92.63平米,暂无数据,2016
东南,河滨北路,有,16,城市印象,108400284014,3室2厅,222,从化,精装,130.19平米,106.4㎡,2008
南,江埔街,有,26,景业荔都,108400284686,2室2厅,103,从化,精装,87平米,暂无数据,未知
南 北,太平镇,有,12,华标荔苑,108400286491,2室2厅,155,从化,精装,88.57平米,72.1㎡,未知
南,新城片区,无,9,中田南小区,108400286869,2室1厅,105,从化,精装,82.43平米,暂无数据,2000
东北,太平镇,有,12,华标荔苑,108400286931,3室2厅,150,从化,精装,90.45平米,71.07㎡,未知
南 北,河滨北路,有,10,智杰雅筑,108400287792,3室2厅,200,从化,简装,100.51平米,86.11㎡,2000
南,温泉镇,有,18,富力泉天下,108400293129,3室2厅,117,从化,简装,98.63平米,暂无数据,2014
北,江埔街,有,17,上城湾畔东区,108400293274,3室2厅,230,从化,精装,93.06平米,75.22㎡,2009
南,神岗镇,有,15,逸泉山庄,108400294334,4室2厅,200,从化,精装,139.25平米,111.17㎡,未知
东南,新城片区,有,9,城南北二巷,108400294616,3室1厅,150,从化,精装,94.6平米,85.15㎡,2001
南,太平镇,无,6,华标荔苑,108400297330,2室2厅,121,从化,精装,74.68平米,63.93㎡,2012
南,江埔街,有,15,上城湾畔东区,108400297676,3室2厅,220,从化,精装,95.72平米,77.23㎡,2009
东南,江埔街,有,15,上城湾畔东区,108400298823,3室2厅,200,从化,毛坯,93.44平米,75.39㎡,2009
东南,河滨北路,无,5,金裕街,108400301202,3室2厅,119,从化,精装,85.4平米,74.74㎡,1998
南 北,旧城区,有,9,新时代家园,108400301377,3室2厅,190,从化,精装,109.2平米,暂无数据,2012
南,江埔街,有,18,欣荣宏国际商贸城,108400301891,2室2厅,173,从化,毛坯,90.37平米,70.89㎡,2013
西南,神岗镇,有,28,珠江壹城,108400304317,3室2厅,155,从化,精装,103.83平米,82.15㎡,2017
南,江埔街,有,17,上城湾畔B区,108400304681,3室2厅,270,从化,毛坯,117.86平米,91.81㎡,2009
东,神岗镇,无,6,流溪河山庄,108400305975,3室2厅,105,从化,精装,110.52平米,99.62㎡,1998
南,太平镇,无,8,花园中路四巷,108400306307,3室2厅,123,从化,简装,119.42平米,暂无数据,未知
南,河滨北路,有,31,宏诚海岸花园,108400307192,3室2厅,258,从化,精装,143.43平米,117.32㎡,2008
西,江埔街,有,10,上城湾畔B区,108400307384,3室2厅,270,从化,精装,116.13平米,92.02㎡,2009
南,旧城区,无,6,西宁中路,108400310913,3室2厅,93,从化,简装,79.42平米,暂无数据,1995
东南,神岗镇,有,17,人盛巴厘天地,108400311783,3室2厅,130,从化,毛坯,103平米,暂无数据,2012
东,温泉镇,有,18,方圆明月山溪,108400316510,1室1厅,70,从化,精装,57.89平米,45.56㎡,2014
东南,太平镇,有,16,骏逸湖畔花苑,108400319918,3室2厅,160,从化,精装,128.47平米,108.51㎡,2013
南,温泉镇,有,18,富力泉天下,108400320141,3室2厅,130,从化,精装,99.79平米,暂无数据,未知
南,江埔街,有,8,从化商贸城南区,108400321304,3室2厅,98,从化,毛坯,90.11平米,暂无数据,2007
南,鳌头镇,有,11,利泰花林湖畔,108400323101,2室2厅,80,从化,毛坯,79.31平米,暂无数据,2012
东南 南,太平镇,有,9,丰盈雅居,108400325440,3室2厅,131,从化,毛坯,100.48平米,81.72㎡,2008
北,旺城片区,有,9,蜜糖苑,108400325583,2室2厅,140,从化,精装,79.27平米,暂无数据,2012
南,太平镇,无,6,紫泉翠荔嘉园,108400325625,2室2厅,115,从化,简装,76.11平米,67㎡,未知
北,太平镇,有,12,华标荔苑,108400325759,2室2厅,172,从化,精装,90.45平米,71.07㎡,未知
北,江埔街,有,23,逸泉映翠,108400327542,3室2厅,145,从化,简装,99.24平米,78.48㎡,2014
西南 西北,太平镇,有,23,紫泉翠荔嘉园,108400328653,3室2厅,162,从化,简装,90.29平米,74.48㎡,未知
西南 西北,新城片区,有,8,凤仪西路,108400328663,3室2厅,150,从化,简装,93.41平米,82.75㎡,1993
南,神岗镇,无,5,逸泉山庄,108400329094,3室1厅,210,从化,毛坯,135.16平米,119.05㎡,2009
南,温泉镇,有,18,方圆明月山溪,108400331290,4室2厅,233.4,从化,精装,212.14平米,166.7㎡,2014
南,江埔街,无,7,红荔新村,108400336747,3室2厅,120,从化,简装,105.38平米,105.38㎡,1997
东南,新城片区,无,8,凤仪西路,108400341278,3室2厅,160,从化,精装,109平米,109㎡,1987
南,神岗镇,有,11,广东动漫城,108400342221,2室1厅,49,从化,精装,53.54平米,40.87㎡,2013
南,新城片区,无,9,温馨家园,108400343207,3室2厅,185,从化,精装,100.18平米,暂无数据,2000
北,河滨北路,有,9,智杰雅筑,108400344798,3室2厅,185,从化,毛坯,92.44平米,79.2㎡,2000
东南,太平镇,无,6,华标荔苑,108400352862,2室2厅,145,从化,精装,89.34平米,暂无数据,未知
东南,旧城区,无,6,关围新村,108400353517,3室2厅,80,从化,简装,74.25平米,暂无数据,1996
南,旧城区,有,9,新时代家园,108400356489,3室2厅,155,从化,毛坯,93.54平米,81.39㎡,2012
南,新城片区,无,7,青云路,108400357504,3室2厅,115,从化,简装,92.6平米,暂无数据,2000
南,江埔街,有,17,上城湾畔东区,108400358871,3室2厅,276,从化,精装,116.57平米,95.63㎡,2009
南 北,河滨北路,有,13,岭南首府,108400359662,3室2厅,210,从化,精装,106.5平米,88.89㎡,2007
南,太平镇,无,6,华标荔苑,108400360523,2室2厅,138,从化,精装,89.34平米,78.79㎡,2013
东北,江埔街,有,10,上城湾畔B区,108400361727,3室2厅,258,从化,精装,121.91平米,95.28㎡,2009
东南,旧城区,无,6,城内路,108400364122,3室2厅,130,从化,简装,79.46平米,暂无数据,1996
南,旧城区,有,9,西宁中路朝阳街,108400366473,3室2厅,125,从化,简装,94.68平米,暂无数据,2000
北,太平镇,无,8,从化怡景楼,108400367911,2室2厅,105,从化,简装,72.54平米,64.45㎡,2010
南,江埔街,有,31,珠光山水御苑,108400367930,2室2厅,100,从化,毛坯,77.21平米,66.98㎡,2014
西南,太平镇,无,6,紫泉翠荔嘉园,108400369489,2室1厅,130,从化,简装,67.52平米,57.99㎡,2008
东,新城片区,有,22,貝月湾,108400371255,3室2厅,220,从化,精装,113平米,89.63㎡,2005
东北,太平镇,无,6,华标荔苑,108400371922,3室2厅,128,从化,简装,92平米,81.26㎡,2013
北,河滨北路,有,9,智杰雅筑,108400376058,3室2厅,175,从化,精装,92.44平米,79.2㎡,2000
南,神岗镇,有,17,人盛巴厘天地,108400377220,3室2厅,180,从化,精装,122平米,96.01㎡,2011
南,江埔街,有,23,逸泉映翠,108400379657,3室2厅,135,从化,毛坯,96.48平米,76.29㎡,2014
南 北,河滨北路,有,31,宏诚海岸花园,108400383942,4室2厅,300,从化,精装,142.97平米,114.17㎡,2008
南 北,江埔街,有,18,欣荣宏国际商贸城,108400390542,2室2厅,185,从化,精装,91.33平米,71.7㎡,2013
东南,太平镇,无,6,紫泉翠荔嘉园,108400390577,3室2厅,176,从化,毛坯,117.4平米,105.23㎡,未知
南,太平镇,无,6,紫泉翠荔嘉园,108400392285,3室1厅,140,从化,简装,83.95平米,72.66㎡,2007
南,江埔街,有,18,欣荣宏国际商贸城,108400392774,2室2厅,200,从化,精装,91.69平米,71.92㎡,2013
东,太平镇,有,9,丰盈雅居,108400393938,3室2厅,133,从化,精装,100.48平米,81.72㎡,未知
东南,河滨北路,有,13,宏润巴塞阳光,108400395199,3室2厅,172,从化,简装,108.7平米,92.23㎡,2000
北,江埔街,有,11,星河绿洲,108400403924,3室2厅,215,从化,精装,137.22平米,115.51㎡,2009
南,太平镇,无,8,回归路小区,108400404007,3室2厅,115,从化,精装,120.93平米,暂无数据,未知
南 北,神岗镇,有,17,人盛巴厘天地,108400404300,3室2厅,140,从化,精装,104.96平米,暂无数据,未知
北,温泉镇,有,18,富力泉天下,108400404497,2室2厅,106,从化,精装,81.45平米,81.45㎡,2014
东北,江埔街,有,24,逸泉映翠,108400405613,2室2厅,130,从化,精装,77平米,60.63㎡,2014
南,江埔街,有,24,逸泉映翠,108400405757,3室2厅,142,从化,精装,95.76平米,76.61㎡,2014
南,江埔街,无,11,雅居乐滨江花园,108400418306,2室2厅,185,从化,精装,82.97平米,67.38㎡,未知
北,温泉镇,有,18,望谷温泉小镇,108400419000,2室2厅,105,从化,精装,85.9平米,71.19㎡,未知
北,河滨北路,有,14,城市印象,108400419041,3室2厅,215,从化,精装,127平米,103.7㎡,2006
东南,太平镇,有,12,华标荔苑,108400422079,3室1厅,150,从化,简装,91.74平米,72.09㎡,未知
南,神岗镇,有,17,人盛巴厘天地,108400426330,3室2厅,130,从化,精装,83.97平米,65.82㎡,未知
东南,江埔街,有,13,海洋广场,108400426334,2室1厅,95,从化,简装,75平米,61.55㎡,未知
西北,江埔街,有,16,御景宏雅花园,108400428595,2室2厅,118,从化,简装,87.37平米,70.43㎡,2014
南,江埔街,有,13,海洋广场,108400428894,3室2厅,110,从化,精装,90.13平米,暂无数据,未知
西南,神岗镇,有,16,雅居乐小院流溪,108400433454,3室2厅,160,从化,毛坯,110.56平米,110.56㎡,2015
北,旧城区,有,9,新时代家园,108400434517,3室2厅,155,从化,精装,93.34平米,暂无数据,2012
西北,神岗镇,有,16,雅居乐小院流溪,108400435079,3室2厅,170,从化,简装,116.44平米,92.95㎡,2015
东北,太平镇,有,17,大城云山,108400435363,3室2厅,235,从化,精装,125.04平米,99.41㎡,2016
南,旧城区,无,9,城内路,108400436760,2室2厅,98,从化,简装,83.45平米,暂无数据,未知
东南,江埔街,有,18,欣荣宏国际商贸城,108400440705,2室2厅,190,从化,毛坯,91.63平米,71.94㎡,2013
南,太平镇,无,8,从化怡景楼,108400441460,2室2厅,110,从化,简装,85.43平米,75.28㎡,未知
南,太平镇,无,8,从化怡景楼,108400441469,2室2厅,93,从化,简装,78.57平米,69.8㎡,未知
南,江埔街,有,12,星河绿洲,108400442235,2室2厅,135,从化,毛坯,82.32平米,暂无数据,2009
南 北,温泉镇,有,18,富力泉天下,108400452624,3室2厅,120,从化,精装,100.41平米,100.41㎡,未知
东南,江埔街,无,6,龙井村,108400454155,3室1厅,93,从化,精装,80.45平米,80.45㎡,1996
南,新城片区,无,9,中蓝东路,108400455112,2室2厅,88,从化,简装,69.49平米,69.49㎡,1996
西南,太平镇,无,8,从化怡景楼,108400458914,2室2厅,110,从化,精装,85.56平米,75.4㎡,未知
北,旧城区,有,9,新时代家园,108400460318,3室2厅,132,从化,毛坯,93.21平米,81.11㎡,2012
东北,太平镇,有,12,华标荔苑,108400463831,2室2厅,150,从化,毛坯,89.65平米,70.44㎡,未知
东南,太平镇,无,6,紫泉翠荔嘉园,108400467346,3室2厅,140,从化,简装,90.56平米,暂无数据,未知
东南,河滨北路,无,7,东成路,108400467496,2室1厅,77,从化,简装,77平米,暂无数据,1992
北,神岗镇,有,15,逸泉山庄,108400469237,3室2厅,170,从化,精装,95.13平米,74.6㎡,未知
东南,太平镇,无,8,从化怡景楼,108400469681,3室2厅,80,从化,简装,82.55平米,72.7㎡,未知
南 西南,新城片区,有,21,雍禾苑,108400473363,3室2厅,236,从化,精装,112.83平米,暂无数据,2012
东北,太平镇,有,9,丰盈雅居,108400475512,3室1厅,128,从化,精装,94.46平米,77.2㎡,未知
南,江埔街,有,15,上城湾畔东区,108400479368,3室2厅,248,从化,精装,117.5平米,95.08㎡,2009
南 北,太平镇,有,9,星汇峰,108400481284,2室2厅,110,从化,精装,74.3平米,59.15㎡,2010
南,旧城区,无,9,西宁中路,108400485623,3室1厅,85,从化,简装,80.14平米,暂无数据,2000
北,江埔街,暂无数据,8,河东北路,108400485685,4室2厅,118,从化,精装,121.2平米,暂无数据,未知
西北,神岗镇,有,18,珠光流溪御景,108400490557,3室2厅,120,从化,毛坯,95.82平米,81.58㎡,未知
东南,神岗镇,无,6,流溪河山庄,108400490826,2室2厅,75,从化,简装,65.94平米,56.98㎡,2011
西南,太平镇,无,6,紫泉翠荔嘉园,108400492438,2室2厅,95,从化,简装,67.46平米,57.36㎡,未知
北,江埔街,有,13,星河绿洲,108400495704,2室2厅,150,从化,精装,93.86平米,76.11㎡,2009
东南,江埔街,有,21,夏日港湾,108400500229,3室1厅,246,从化,精装,122.28平米,暂无数据,2004
东,太平镇,有,9,丰盈雅居,108400506084,3室1厅,141,从化,简装,100.48平米,81.72㎡,未知
北,太平镇,无,6,丰盈雅居,108400506986,2室2厅,95,从化,精装,80.67平米,60.86㎡,未知
南 北,新城片区,无,8,碧溪六巷,108400507734,3室2厅,112,从化,简装,83平米,暂无数据,未知
南,鳌头镇,有,11,利泰花林湖畔,108400509274,3室2厅,120,从化,精装,99.83平米,86.29㎡,2012
南,河滨北路,有,31,宏诚海岸花园,108400509776,3室2厅,261,从化,毛坯,145.89平米,117.32㎡,2008
南,神岗镇,有,17,人盛巴厘天地,108400512176,3室2厅,186,从化,精装,102.99平米,78.2㎡,2012
西,神岗镇,有,18,雅居乐小院流溪,108400513229,3室2厅,175,从化,毛坯,116.43平米,暂无数据,未知
东南,旧城区,有,9,雍晟美景家园,108400533031,3室2厅,204,从化,精装,120.01平米,95.98㎡,2005
东,太平镇,无,6,丰盈雅居,108400534154,2室1厅,88,从化,简装,73.94平米,55.78㎡,未知
南,新城片区,有,19,乔安楼居住小区,108400542464,1室1厅,122,从化,精装,60.68平米,暂无数据,1999
西南,太平镇,无,7,紫泉翠荔嘉园,108400543759,4室2厅,173,从化,精装,125.95平米,113.68㎡,未知
东南,旧城区,无,8,镇南路,108400548975,3室2厅,120,从化,精装,105.93平米,暂无数据,1998
南,旧城区,无,7,城内路,108400548984,3室1厅,138,从化,精装,77.7平米,暂无数据,1995
北,旧城区,有,9,人盛大厦,108400549163,2室1厅,80,从化,简装,62平米,54.16㎡,2000
东南,太平镇,有,17,大城云山,108400549866,3室2厅,175,从化,精装,125.04平米,99.41㎡,2016
东南,神岗镇,有,17,雅居乐小院流溪,108400550298,3室2厅,185,从化,精装,133.92平米,暂无数据,2013
南,旧城区,无,9,西宁中路朝阳街,108400550846,3室1厅,125,从化,简装,96平米,暂无数据,1995
南 北,河滨北路,无,8,河滨北路180号,108400553695,3室2厅,185,从化,简装,141.56平米,暂无数据,未知
南,旧城区,无,9,西宁中路,108400562822,3室2厅,115,从化,简装,93.19平米,暂无数据,2000
东南,神岗镇,有,17,人盛巴厘天地,108400563172,3室2厅,115,从化,毛坯,85.15平米,80.64㎡,2013
南 北,太平镇,有,8,花园路,108400566892,3室2厅,115,从化,精装,112.4平米,暂无数据,2009
东北,神岗镇,有,27,珠江壹城,108400597178,3室1厅,133,从化,精装,87.59平米,68.32㎡,未知
南,江埔街,有,27,名城御景绿洲,108400178950,3室2厅,240,从化,精装,140.83平米,114.5㎡,2011
南,江埔街,有,24,莱茵水岸,108400217558,3室2厅,226,从化,精装,112.16平米,89.96㎡,未知
南,新城片区,无,9,建云东路小区,108400352864,4室2厅,165,从化,简装,123平米,暂无数据,2000
南,神岗镇,有,17,人盛巴厘天地,108400356475,3室2厅,180,从化,毛坯,129平米,100.95㎡,2012
南,神岗镇,有,15,逸泉山庄,108400361545,3室2厅,260,从化,毛坯,111平米,暂无数据,未知
东南,江埔街,有,21,夏日港湾,108400519140,3室2厅,235,从化,精装,125.01平米,暂无数据,2004
西南,神岗镇,有,28,珠江壹城,108400438618,4室2厅,226,从化,其他,146平米,暂无数据,未知
东南,神岗镇,无,6,流溪河山庄,108400592209,2室2厅,60,从化,简装,65.79平米,暂无数据,1995
北,江埔街,有,32,珠光御景山水城,108400405946,3室2厅,137,从化,毛坯,96平米,暂无数据,未知
南 北,神岗镇,有,17,人盛巴厘天地,108400440711,2室2厅,97,从化,毛坯,84平米,暂无数据,2018
南 北,旧城区,有,9,西宁中路朝阳街,108400251992,2室2厅,110,从化,简装,94.08平米,暂无数据,2000
南,江埔街,有,32,珠光御景山水城,108400323861,3室2厅,210,从化,其他,129.07平米,105㎡,未知
东南,神岗镇,有,17,人盛巴厘天地,108400430921,2室1厅,123,从化,其他,83平米,暂无数据,2012
南,江埔街,有,15,上城湾畔东区,108400441740,3室2厅,225,从化,其他,93.14平米,75.15㎡,2009
南,旧城区,有,9,西宁中路,108400472732,3室2厅,110,从化,其他,92.8平米,暂无数据,未知
南,鳌头镇,有,11,利泰花林湖畔,108400518044,3室2厅,110,从化,精装,99.2平米,86.29㎡,2012
南 北,神岗镇,有,17,人盛巴厘天地,108400527451,3室2厅,165,从化,毛坯,131.54平米,101.66㎡,2008
东南,太平镇,无,6,紫泉翠荔嘉园,108400531563,3室2厅,175,从化,其他,89.77平米,79.34㎡,未知
东南,江埔街,有,31,珠光山水御苑,108400532358,3室2厅,138,从化,其他,103.9平米,暂无数据,2014
北,神岗镇,有,11,广东动漫城,108400559330,2室1厅,60,从化,其他,54.12平米,41.32㎡,2013
南,神岗镇,有,17,人盛巴厘天地,108400562724,2室2厅,102,从化,其他,84平米,83.97㎡,未知
南,新城片区,无,9,华兴花园(从化区),108400176204,4室2厅,155,从化,简装,147.33平米,暂无数据,2000
南,河滨北路,有,28,新境界豪廷,108400177770,4室2厅,380,从化,精装,204.64平米,166.24㎡,2003
东南,神岗镇,有,18,雅居乐小院流溪,108400208979,4室2厅,210,从化,毛坯,147.39平米,暂无数据,2015
东南,新城片区,有,27,富逸华庭,108400221081,3室3厅,220,从化,精装,172.5平米,暂无数据,2012
南,神岗镇,有,7,荔山雅筑,108400230866,4室2厅,320,从化,精装,156平米,128.78㎡,2013
东南,江埔街,有,11,云星夏日南湾,108400232075,3室2厅,250,从化,精装,108.7平米,87.8㎡,2012
南,江埔街,有,22,御景宏雅花园,108400297461,5室2厅,350,从化,毛坯,214.41平米,168.03㎡,2014
西南,江埔街,有,22,御景宏雅花园,108400297476,5室2厅,400,从化,简装,247.69平米,194.11㎡,2014
东南,江埔街,有,26,名城御景绿洲,108400314741,3室2厅,190,从化,毛坯,133.95平米,109.71㎡,2011
南,江埔街,有,21,名城御景绿洲,108400348220,3室2厅,200,从化,毛坯,137.47平米,112.87㎡,2011
南,太平镇,有,17,大城云山,108400349951,3室2厅,175,从化,毛坯,116.14平米,98.01㎡,2016
东南,神岗镇,有,26,珠光流溪御景,108400353822,4室2厅,215,从化,精装,143.32平米,119.52㎡,未知
南,新城片区,无,8,青云花园,108400367890,4室2厅,183,从化,精装,159平米,150㎡,2000
南,神岗镇,有,28,珠江壹城,108400368545,4室2厅,216,从化,精装,144.75平米,113.35㎡,未知
南,温泉镇,有,23,富力泉天下,108400396262,3室1厅,160,从化,精装,120.95平米,98.67㎡,未知
南,江埔街,有,32,珠光山水御苑,108400408314,4室2厅,180,从化,精装,141.42平米,116.14㎡,2014
东南,神岗镇,有,17,人盛巴厘天地,108400424313,3室2厅,180,从化,精装,128.98平米,100.95㎡,2013
南 北,神岗镇,无,4,雅居乐小院流溪,108400433349,4室2厅,320,从化,精装,167.47平米,暂无数据,2014
东,神岗镇,有,23,珠光流溪御景,108400433450,3室2厅,185,从化,毛坯,143.03平米,119.74㎡,未知
南 北,太平镇,有,11,华标荔苑,108400436054,5室2厅,355,从化,精装,235.48平米,190.02㎡,未知
东,旺城片区,无,8,旺城广场,108400448243,3室2厅,145,从化,简装,116平米,101.06㎡,未知
东南 南,旧城区,有,12,翰林国际,108400526323,4室2厅,238,从化,毛坯,158平米,133.51㎡,未知
南,江埔街,有,24,莱茵水岸,108400572058,3室2厅,237,从化,精装,122.58平米,99.86㎡,未知
南,太平镇,有,10,大城云山,108400574957,2室1厅,130,从化,毛坯,94.7平米,79.42㎡,2016
南,太平镇,无,9,大城云山,108400597150,1室1厅,81,从化,毛坯,55平米,44.86㎡,2016
南 北,神岗镇,有,17,人盛巴厘天地,108400604721,3室2厅,146,从化,毛坯,123.52平米,暂无数据,2012
西南,太平镇,有,12,华标荔苑,108400231000,2室2厅,139,从化,简装,88.57平米,暂无数据,未知
东,太平镇,有,25,云星钱隆天誉,108400264437,2室2厅,106,从化,毛坯,69.37平米,53.96㎡,2016
东北,神岗镇,有,27,珠江壹城,108400431068,3室1厅,145,从化,简装,101.86平米,79.46㎡,未知
南 北,太平镇,有,16,新光百德广场,108400158803,1室1厅,45,从化,精装,52.58平米,暂无数据,未知
东南 西南,太平镇,无,6,紫泉翠荔嘉园,108400176119,4室2厅,160,从化,毛坯,124.96平米,113.68㎡,2008
南,太平镇,有,17,紫泉流溪湾,108400176123,3室2厅,160,从化,毛坯,88.84平米,暂无数据,2012
东南,旧城区,无,9,时代名苑,108400176171,3室2厅,168,从化,简装,108.61平米,94.81㎡,2000
南,温泉镇,有,18,富力泉天下,108400206601,3室2厅,150,从化,精装,121.11平米,100.61㎡,2014
南,江埔街,有,27,名城御景绿洲,108400208500,3室2厅,205,从化,毛坯,121.06平米,暂无数据,2011
南,江埔街,无,6,龙腾路,108400215342,3室1厅,110,从化,简装,86.69平米,73.78㎡,未知
南 北,太平镇,有,16,新光百德广场,108400255051,1室0厅,39,从化,精装,44.55平米,44.55㎡,2014
北,太平镇,有,16,新光百德广场,108400288821,1室0厅,45,从化,精装,44.4平米,33.03㎡,未知
南,江埔街,有,24,逸泉映翠,108400293002,3室2厅,140,从化,毛坯,98.34平米,77.8㎡,2014
北,鳌头镇,无,9,利泰花林湖畔,108400298703,2室2厅,78,从化,毛坯,82.05平米,66.8㎡,2012
北,太平镇,有,6,星汇峰,108400311537,2室1厅,79,从化,精装,47.83平米,38.63㎡,2010
东南,太平镇,有,16,新光百德广场,108400333740,1室2厅,50,从化,精装,61.01平米,45.38㎡,未知
南,太平镇,有,16,新光百德广场,108400348478,1室2厅,58.9,从化,精装,61.97平米,46.1㎡,未知
西南,太平镇,无,6,华标荔苑,108400352873,1室1厅,96,从化,精装,47.12平米,41.58㎡,未知
东,太平镇,有,16,新光百德广场,108400359215,1室1厅,42,从化,简装,44.4平米,33.03㎡,未知
东南,太平镇,有,16,新光百德广场,108400366214,1室1厅,40,从化,精装,56.65平米,42.14㎡,未知
东,太平镇,有,16,新光百德广场,108400375118,2室2厅,64,从化,精装,76.56平米,56.95㎡,2014
东北,温泉镇,无,7,侨宏花园,108400382576,1室1厅,43,从化,精装,43.82平米,暂无数据,2008
西南,太平镇,无,6,华标荔苑,108400396204,1室1厅,70,从化,精装,47.14平米,41.58㎡,2013
南,温泉镇,有,7,富力泉天下,108400403250,1室1厅,88,从化,精装,78.79平米,58.29㎡,2014
北,江埔街,有,24,逸泉映翠,108400406322,3室2厅,135,从化,毛坯,97平米,暂无数据,2014
西北,太平镇,无,6,华标荔苑,108400406608,2室2厅,110,从化,精装,71.35平米,61.08㎡,未知
东南,太平镇,有,16,新光百德广场,108400416390,1室1厅,45,从化,精装,56.86平米,42.3㎡,未知
东南,江埔街,有,24,逸泉映翠,108400420132,2室1厅,118,从化,毛坯,82.35平米,65.74㎡,2014
东北,太平镇,有,16,新光百德广场,108400420193,1室0厅,45,从化,精装,44.4平米,33.03㎡,未知
北,温泉镇,有,18,富力泉天下,108400425758,2室2厅,118,从化,精装,82.35平米,暂无数据,未知
东,太平镇,有,16,新光百德广场,108400433508,1室1厅,38,从化,简装,44.82平米,32.92㎡,未知
东南,太平镇,有,16,新光百德广场,108400482079,1室2厅,60,从化,精装,59.79平米,44.47㎡,未知
南,旧城区,无,7,新村西路,108400495857,1室1厅,50,从化,精装,36.77平米,34.77㎡,1992
西南,太平镇,有,16,新光百德广场,108400520554,1室1厅,45,从化,简装,44.4平米,暂无数据,未知
南,太平镇,有,16,新光百德广场,108400534152,1室1厅,40,从化,简装,44.55平米,33.14㎡,未知
南,太平镇,有,16,新光百德广场,108400536197,1室1厅,42,从化,其他,52.58平米,39.12㎡,未知
南,太平镇,无,6,华标荔苑,108400538960,1室1厅,70,从化,简装,44.11平米,暂无数据,2013
东南 南,江埔街,有,16,君源御湖城,108400634954,3室2厅,150,从化,毛坯,106.99平米,暂无数据,未知
东南,温泉镇,有,11,富力泉天下,108400127285,2室1厅,95,从化,精装,88.39平米,暂无数据,2014
东北,温泉镇,有,18,富力泉天下,108400127854,2室2厅,130,从化,精装,84.28平米,暂无数据,2014
东南,神岗镇,有,17,人盛巴厘天地,108400127891,3室1厅,135,从化,毛坯,103平米,暂无数据,2012
西南,神岗镇,有,18,珠光流溪御景,108400157756,3室2厅,207,从化,毛坯,148.59平米,126.51㎡,2012
北,神岗镇,有,23,珠光流溪御景,108400160068,3室2厅,155,从化,毛坯,114平米,暂无数据,2012
东南,太平镇,有,15,大城云山,108400175428,3室2厅,150,从化,毛坯,90.57平米,75.37㎡,2016
东南,神岗镇,有,16,雅居乐小院流溪,108400175991,3室2厅,160,从化,毛坯,117.9平米,93.31㎡,2015
南,太平镇,有,17,紫泉流溪湾,108400176024,2室2厅,110,从化,毛坯,76.61平米,暂无数据,2012
西南,神岗镇,有,28,珠江壹城,108400176090,3室2厅,150,从化,精装,105.25平米,暂无数据,未知
南,江埔街,有,32,珠光御景山水城,108400176352,3室2厅,150,从化,毛坯,101平米,80.95㎡,2000
南,温泉镇,有,18,富力泉天下,108400176708,3室2厅,155,从化,精装,122.3平米,暂无数据,未知
西南,神岗镇,有,28,珠江壹城,108400178942,3室2厅,175,从化,精装,112.13平米,暂无数据,2013
南 北,旺城片区,有,22,小城大院,108400224476,2室2厅,126,从化,毛坯,83.54平米,64.79㎡,未知
东北,太平镇,有,18,荔林春晓,108400227413,3室2厅,125,从化,毛坯,94.33平米,暂无数据,2016
北,太平镇,有,25,云星钱隆天誉,108400230862,3室2厅,197.5,从化,毛坯,123.4平米,95.72㎡,2014
西北,太平镇,有,15,紫泉流溪湾,108400230949,2室2厅,130,从化,精装,86.99平米,暂无数据,2012
西,太平镇,有,17,紫泉流溪湾,108400230989,2室2厅,104,从化,毛坯,80.3平米,暂无数据,2015
东北,太平镇,有,9,星汇峰,108400232884,2室2厅,115,从化,精装,73.53平米,58.55㎡,2010
东 西,太平镇,有,10,大城云山,108400238381,1室1厅,90,从化,毛坯,56.79平米,暂无数据,2016
西北,太平镇,有,18,荔林春晓,108400240435,3室2厅,148,从化,精装,92.48平米,74.53㎡,2016
南,江埔街,有,24,逸泉映翠,108400245605,4室1厅,195,从化,毛坯,138平米,137.08㎡,2014
东南,旧城区,无,7,安苑新村,108400251450,3室2厅,125,从化,精装,99.07平米,85.32㎡,2008
东北,江埔街,有,13,海洋广场,108400256040,3室2厅,130,从化,精装,90.47平米,暂无数据,2000
南,旺城片区,有,22,小城大院,108400263449,2室1厅,140,从化,毛坯,80.51平米,64.26㎡,未知
东北,太平镇,无,25,云星钱隆天誉,108400268716,3室2厅,125,从化,毛坯,89.94平米,70.02㎡,2016
南,神岗镇,有,12,珠光流溪御景,108400269722,3室2厅,162,从化,毛坯,130.25平米,110.15㎡,2012
南,温泉镇,有,18,望谷温泉小镇,108400271748,3室2厅,177,从化,精装,127.77平米,暂无数据,2014
东南,太平镇,有,24,云星钱隆天誉,108400272223,3室2厅,130,从化,毛坯,92.7平米,71.96㎡,未知
南,温泉镇,有,23,富力泉天下,108400273332,2室2厅,115,从化,精装,86.97平米,暂无数据,未知
北,太平镇,有,17,紫泉流溪湾,108400275888,3室2厅,138,从化,毛坯,88.67平米,暂无数据,未知
西南,太平镇,有,12,星汇峰,108400291392,2室1厅,115.9,从化,简装,79.99平米,63.69㎡,2010
南,太平镇,有,18,紫泉翠荔嘉园,108400294966,2室2厅,116,从化,简装,80.91平米,66.75㎡,未知
西南,神岗镇,有,28,珠江壹城,108400296472,3室2厅,180,从化,精装,116.36平米,90.84㎡,未知
南,太平镇,有,15,大城云山,108400303549,3室2厅,138,从化,毛坯,102.78平米,85.53㎡,2016
南,太平镇,无,6,华标荔苑,108400310004,3室2厅,135,从化,毛坯,88.73平米,78.31㎡,2011
北,太平镇,有,24,云星钱隆天誉,108400312175,3室2厅,140,从化,毛坯,93.47平米,72.55㎡,未知
东南,神岗镇,有,6,荔山雅筑,108400314734,3室1厅,160,从化,毛坯,94.84平米,80.42㎡,2011
东南,江埔街,有,26,名城御景绿洲,108400315016,3室2厅,205,从化,毛坯,130.16平米,106.6㎡,2011
南,太平镇,有,17,紫泉流溪湾,108400316015,2室2厅,125,从化,毛坯,76.61平米,61.17㎡,未知
西南,神岗镇,有,28,珠江壹城,108400317409,3室2厅,156,从化,精装,104.77平米,82.21㎡,未知
南,神岗镇,有,28,珠江壹城,108400318058,3室2厅,180,从化,精装,112.13平米,86.12㎡,未知
南,旧城区,有,9,新时代家园,108400319577,3室2厅,150,从化,毛坯,109.2平米,95.11㎡,2012
北,太平镇,有,17,紫泉流溪湾,108400325560,3室2厅,124,从化,毛坯,88.84平米,70.94㎡,2012
东南,太平镇,无,5,花园路,108400331975,2室1厅,75,从化,简装,77.28平米,67.76㎡,未知
南 北,神岗镇,无,4,雅居乐小院流溪,108400345318,7室2厅,350,从化,精装,183.58平米,158.65㎡,2014
南,神岗镇,有,28,珠江壹城,108400346594,4室2厅,280,从化,精装,143.66平米,112.5㎡,未知
南 北,江埔街,暂无数据,32,珠光御景山水城,108400348785,3室2厅,165,从化,毛坯,101.72平米,暂无数据,未知
南,江埔街,有,24,爱尚流溪,108400350106,3室2厅,145,从化,毛坯,100平米,80㎡,2015
南,旺城片区,有,17,小城大院,108400352879,3室2厅,175,从化,毛坯,102.4平米,暂无数据,2011
西北,旧城区,有,9,新时代家园,108400382833,3室2厅,138,从化,毛坯,93.38平米,暂无数据,2012
南,温泉镇,有,18,富力泉天下,108400396138,4室2厅,180,从化,简装,154.71平米,125.59㎡,未知
东南,鳌头镇,有,11,利泰花林湖畔,108400402170,3室1厅,110,从化,精装,108.5平米,93.78㎡,2012
南,温泉镇,有,18,富力泉天下,108400402426,3室2厅,138,从化,精装,98.63平米,暂无数据,2014
东南,太平镇,有,18,紫泉流溪湾,108400411444,3室2厅,205,从化,毛坯,127.66平米,105.4㎡,未知
东南,太平镇,有,24,云星钱隆天誉,108400417932,3室2厅,140,从化,毛坯,92.39平米,71.96㎡,未知
南,太平镇,无,6,丰盈雅居,108400420023,2室2厅,90,从化,简装,73.94平米,暂无数据,2011
东北,鳌头镇,暂无数据,16,宏润天睿,108400425945,3室2厅,88,从化,毛坯,97.43平米,80.61㎡,未知
东南,江埔街,有,23,逸泉映翠,108400427805,3室2厅,135,从化,毛坯,96.48平米,76.29㎡,2014
西南,新城片区,无,7,托斯卡纳(从化区),108400430341,3室2厅,202,从化,毛坯,129.77平米,107.05㎡,2000
东南,神岗镇,有,17,人盛巴厘天地,108400430942,3室2厅,142,从化,精装,101.56平米,暂无数据,2012
东北,神岗镇,有,28,珠江壹城,108400431058,3室2厅,157,从化,精装,112平米,85.78㎡,未知
南,江埔街,有,24,逸泉映翠,108400431186,3室2厅,133,从化,毛坯,95.76平米,76.61㎡,2014
北 南,鳌头镇,有,16,宏润天睿,108400434058,3室2厅,110,从化,毛坯,101.92平米,暂无数据,未知
南,鳌头镇,有,16,宏润天睿,108400434061,3室2厅,110,从化,毛坯,101.56平米,暂无数据,未知
东南,太平镇,有,15,紫泉流溪湾,108400434102,2室2厅,108,从化,毛坯,78.77平米,61.96㎡,未知
南,太平镇,有,23,紫泉翠荔嘉园,108400441812,2室1厅,120,从化,精装,78.58平米,64.83㎡,未知
南,旧城区,有,9,新时代家园,108400452078,3室2厅,176,从化,精装,109.38平米,暂无数据,2012
北,太平镇,有,16,骏逸湖畔花苑,108400454558,3室1厅,106,从化,毛坯,88.45平米,74.7㎡,2012
南,江埔街,有,15,宏诚海峰花园,108400459681,3室2厅,135,从化,毛坯,87.21平米,暂无数据,2000
东北,神岗镇,有,28,珠江壹城,108400470201,3室2厅,163,从化,精装,112平米,86.12㎡,未知
西南,神岗镇,有,27,珠江壹城,108400474389,3室2厅,178,从化,简装,118.28平米,92.27㎡,未知
东北,太平镇,有,18,荔林春晓,108400477909,3室2厅,134,从化,毛坯,92.7平米,74.53㎡,2016
南,鳌头镇,有,16,宏润天睿,108400477922,3室2厅,91,从化,毛坯,102平米,84.27㎡,未知
南,旧城区,有,9,新时代家园,108400489695,3室2厅,190,从化,精装,109.2平米,95.11㎡,2012
东南,神岗镇,有,15,逸泉山庄,108400490654,3室2厅,155,从化,精装,95.13平米,暂无数据,2010
东南,旧城区,有,11,翰林国际,108400492096,3室2厅,193,从化,毛坯,96.86平米,78.19㎡,2001
北,神岗镇,有,16,雅居乐小院流溪,108400496222,3室2厅,135,从化,毛坯,94.38平米,77.08㎡,未知
东北,江埔街,有,18,汉中紫薇苑,108400506140,2室2厅,138,从化,毛坯,91.99平米,91.99㎡,2016
南 北,神岗镇,有,16,雅居乐小院流溪,108400532492,3室2厅,175,从化,毛坯,116.44平米,92.95㎡,2015
南,江埔街,有,24,逸泉映翠,108400536537,3室2厅,180,从化,精装,127平米,102㎡,2014
南,江埔街,有,32,珠光御景山水城,108400553078,3室2厅,160,从化,毛坯,104.34平米,84.56㎡,未知
西南,神岗镇,有,28,珠江壹城,108400559967,3室2厅,170,从化,精装,116.36平米,90.84㎡,未知
南 北,鳌头镇,暂无数据,16,宏润天睿,108400567265,3室2厅,90,从化,毛坯,97.43平米,暂无数据,未知
北,神岗镇,有,27,珠光流溪御景,108400160202,3室2厅,140,从化,精装,97.32平米,81.63㎡,2012
南,温泉镇,有,18,富力泉天下,108400174558,3室2厅,152,从化,精装,121.7平米,100.72㎡,2014
南 北,太平镇,有,12,华标荔苑,108400176099,2室2厅,140,从化,毛坯,90.8平米,暂无数据,2013
东南,太平镇,有,17,大城云山,108400228292,3室2厅,172,从化,毛坯,111.63平米,暂无数据,2016
南,温泉镇,有,18,富力泉天下,108400254823,4室2厅,180,从化,精装,146.77平米,暂无数据,未知
南,太平镇,有,9,星汇峰,108400270354,2室2厅,98,从化,毛坯,76.81平米,61.15㎡,2010
南,温泉镇,有,18,方圆明月山溪,108400277693,1室0厅,53,从化,精装,39.29平米,暂无数据,2014
南,温泉镇,有,18,富力泉天下,108400295803,3室2厅,120,从化,精装,100.41平米,暂无数据,2014
东南 南,神岗镇,有,17,人盛巴厘天地,108400317589,3室1厅,123,从化,毛坯,104.54平米,79.46㎡,2012
南,神岗镇,有,17,人盛巴厘天地,108400330208,3室2厅,150,从化,毛坯,127.72平米,暂无数据,未知
南,神岗镇,有,11,广东动漫城,108400342214,2室1厅,45,从化,简装,53.39平米,暂无数据,2013
南,神岗镇,有,11,广东动漫城,108400342230,2室1厅,55,从化,简装,54.2平米,暂无数据,2013
东南,太平镇,有,23,紫泉翠荔嘉园,108400364755,2室2厅,110,从化,简装,81.44平米,67.19㎡,未知
南,神岗镇,有,21,珠光流溪御景,108400371241,4室2厅,200,从化,精装,142.17平米,118.39㎡,未知
东 西,太平镇,无,6,紫泉翠荔嘉园,108400424162,4室2厅,180,从化,简装,124平米,113.46㎡,2006
北,江埔街,有,17,上城湾畔东区,108400433537,3室2厅,250,从化,精装,114.15平米,暂无数据,2009
东南,神岗镇,无,6,流溪河山庄,108400435628,2室2厅,95,从化,简装,94.97平米,85.86㎡,1998
西南,太平镇,无,6,华标荔苑,108400463626,2室2厅,130,从化,简装,89.34平米,78.79㎡,2013
东南,河滨北路,无,6,东成路,108400470761,2室1厅,55,从化,简装,41.52平米,41.52㎡,1996
西南,太平镇,无,7,银农楼,108400473893,3室2厅,78,从化,简装,79.83平米,79.83㎡,未知
西南,神岗镇,有,28,珠江壹城,108400507916,3室2厅,175,从化,精装,104.77平米,82.21㎡,未知
东南,太平镇,有,18,紫泉翠荔嘉园,108400512760,2室1厅,118,从化,简装,80.91平米,66.75㎡,未知
南,神岗镇,有,17,人盛巴厘天地,108400540564,2室1厅,110,从化,毛坯,82.1平米,暂无数据,2013
南,神岗镇,有,17,人盛巴厘天地,108400550201,2室1厅,102,从化,毛坯,83.97平米,暂无数据,未知
北,太平镇,有,11,华标荔苑,108400565681,3室1厅,185,从化,毛坯,135.6平米,109.38㎡,未知
南,旺城片区,有,22,小城大院,108400582657,2室2厅,130,从化,其他,84平米,暂无数据,未知
南 北,太平镇,有,18,荔林春晓,108400591267,3室2厅,129.8,从化,精装,81.82平米,65.78㎡,2016
南,神岗镇,有,15,逸泉山庄,108400556420,4室2厅,235,从化,精装,141平米,暂无数据,未知
南 北,太平镇,有,18,紫泉流溪湾,108400561795,4室2厅,210,从化,毛坯,151.69平米,125.24㎡,未知
西北,神岗镇,有,26,珠光流溪御景,108400127861,3室2厅,133,从化,毛坯,113.94平米,95.02㎡,2008
北,鳌头镇,无,9,利泰花林湖畔,108400177386,3室2厅,95,从化,毛坯,94平米,暂无数据,2012
南,旧城区,无,7,新城中路,108400177391,3室2厅,80,从化,简装,86.57平米,86.57㎡,1996
西南,神岗镇,有,28,珠江壹城,108400205260,3室2厅,200,从化,精装,116.36平米,暂无数据,2017
东北,神岗镇,有,28,珠江壹城,108400431054,3室2厅,168,从化,其他,112.59平米,85.78㎡,未知
西南,神岗镇,有,28,珠江壹城,108400431089,3室2厅,165,从化,其他,116平米,91.41㎡,未知
南,神岗镇,有,28,珠江壹城,108400431458,3室2厅,140,从化,其他,101.01平米,77.59㎡,未知
西南,神岗镇,有,28,珠江壹城,108400521849,3室2厅,165,从化,精装,119.74平米,92.28㎡,未知
东北,太平镇,有,18,荔林春晓,108400572973,3室1厅,128,从化,毛坯,92.7平米,74.53㎡,2016
北,温泉镇,有,18,富力泉天下,108400164252,2室1厅,110,从化,简装,81.45平米,暂无数据,2014
东南,温泉镇,有,18,方圆明月山溪,108400173561,1室0厅,60,从化,简装,44.81平米,32.76㎡,2014
东南,温泉镇,有,18,方圆明月山溪,108400173569,1室0厅,60,从化,简装,44.81平米,32.76㎡,2014
东南,河滨北路,有,13,宏润巴塞阳光,108400177344,3室2厅,200,从化,精装,121.31平米,104.38㎡,2008
东北,太平镇,无,11,大城云山,108400191897,2室2厅,150,从化,精装,83.6平米,暂无数据,2016
北,温泉镇,有,18,富力泉天下,108400204455,2室2厅,120,从化,简装,81.36平米,暂无数据,2014
北,旧城区,无,9,西宁中路,108400207414,2室1厅,58,从化,简装,54.63平米,暂无数据,2000
南,太平镇,有,16,新光百德广场,108400312468,1室0厅,45,从化,精装,56.86平米,42.3㎡,未知
东南,太平镇,有,25,智汇国际,108400348592,3室2厅,100,从化,毛坯,78.72平米,57.51㎡,2013
南,太平镇,有,16,新光百德广场,108400352334,1室0厅,58,从化,精装,56.65平米,42.14㎡,未知
南 北,温泉镇,无,7,侨宏花园,108400448501,1室1厅,37.6,从化,精装,47平米,暂无数据,2008
南,温泉镇,有,18,富力泉天下,108200015326,3室2厅,128,从化,精装,98.35平米,暂无数据,2014
南,太平镇,有,17,大城云山,108400176045,3室2厅,165,从化,精装,108.48平米,暂无数据,2016
南 北,太平镇,有,24,云星钱隆天誉,108400181372,3室2厅,138.5,从化,毛坯,92.37平米,71.96㎡,2013
南,太平镇,有,24,云星钱隆天誉,108400337722,3室2厅,150,从化,精装,92.37平米,71.96㎡,未知
南,温泉镇,有,11,富力泉天下,108400127893,1室0厅,65,从化,精装,45.59平米,35.46㎡,未知
南,太平镇,有,24,云星钱隆天誉,108400176075,3室2厅,120,从化,毛坯,94.19平米,72.03㎡,未知
南,江埔街,有,24,珠光御景山水城,108400177345,3室2厅,160,从化,毛坯,104.87平米,84.48㎡,未知
东北,神岗镇,有,28,珠江壹城,108400178890,3室2厅,170,从化,精装,113.14平米,暂无数据,2013
西南,旺城片区,无,8,旺城北路,108400203761,3室2厅,132,从化,简装,89.77平米,暂无数据,2000
南,江埔街,暂无数据,24,珠光御景山水城,108400247556,3室2厅,168.5,从化,毛坯,104平米,83.75㎡,未知
南,江埔街,有,17,宏诚海峰花园,108400293224,3室2厅,135,从化,毛坯,86.69平米,暂无数据,2000
东北,温泉镇,有,9,富力泉天下,108400347718,1室1厅,70,从化,精装,37.88平米,暂无数据,未知
南,太平镇,有,17,紫泉流溪湾,108400387616,2室2厅,103,从化,毛坯,76.61平米,61.17㎡,未知
北,太平镇,有,25,云星钱隆天誉,108400405349,3室1厅,130,从化,毛坯,91.68平米,71.12㎡,未知
东北,太平镇,有,15,大城云山,108400442748,3室2厅,150,从化,毛坯,102.68平米,85.45㎡,2016
南,温泉镇,有,11,富力泉天下,108400481982,1室0厅,50,从化,精装,45.59平米,暂无数据,未知
东南,温泉镇,无,7,侨宏花园,108400515384,1室1厅,26,从化,精装,36.22平米,36.22㎡,2008
南,温泉镇,有,18,富力泉天下,108200019481,3室2厅,166,从化,精装,119.25平米,100.52㎡,2014
南,温泉镇,有,23,富力泉天下,108400127863,3室2厅,150,从化,简装,120.95平米,暂无数据,2014
南 北,神岗镇,有,12,珠光流溪御景,108400127909,3室2厅,198,从化,毛坯,135.22平米,114.35㎡,2012
东北,江埔街,有,32,珠光御景山水城,108400127931,3室2厅,138,从化,毛坯,94.46平米,暂无数据,未知
东南,太平镇,有,25,云星钱隆天誉,108400175926,3室2厅,127,从化,毛坯,93.58平米,72.78㎡,2016
南,新城片区,无,8,开源路,108400175982,3室2厅,115,从化,简装,99.19平米,89.76㎡,1993
南,太平镇,有,15,大城云山,108400175996,3室2厅,165,从化,精装,102.68平米,85.45㎡,2016
北,太平镇,有,25,云星钱隆天誉,108400176022,3室2厅,128,从化,毛坯,87.97平米,暂无数据,未知
南,太平镇,有,6,星汇峰,108400176067,1室1厅,70,从化,简装,47.83平米,暂无数据,2010
南,新城片区,有,16,建宏·德堡花苑,108400176210,3室2厅,260,从化,简装,131.43平米,暂无数据,2000
北,神岗镇,有,26,珠光流溪御景,108400176242,3室2厅,168,从化,精装,113.94平米,暂无数据,未知
西北,江埔街,有,17,上城湾畔B区,108400176317,3室2厅,240,从化,精装,93平米,暂无数据,2009
南,江埔街,有,16,君源御湖城,108400176334,3室2厅,150,从化,毛坯,103.6平米,85.72㎡,2011
南,河滨北路,有,8,人盛花园,108400176337,3室2厅,205,从化,简装,123.29平米,暂无数据,2006
南,新城片区,无,9,玫瑰園,108400177348,3室3厅,198,从化,精装,135.07平米,暂无数据,2008
北,旧城区,无,8,时代名苑,108400177355,3室2厅,145,从化,简装,94.62平米,暂无数据,2000
东南,神岗镇,有,6,荔山雅筑,108400185015,3室2厅,155,从化,精装,91.78平米,暂无数据,2017
北,温泉镇,有,18,富力泉天下,108400189063,2室1厅,116,从化,精装,83.39平米,暂无数据,2014
南,温泉镇,有,11,方圆明月山溪,108400207228,2室2厅,85,从化,精装,75.64平米,59.05㎡,2014
南,江埔街,有,23,御景宏雅花园,108400216963,2室2厅,138,从化,毛坯,92.6平米,暂无数据,2014
南,江埔街,有,18,欣荣宏国际商贸城,108400224254,3室2厅,150,从化,精装,93.26平米,93.26㎡,2014
南,江埔街,有,32,珠光御景山水城,108400228359,3室2厅,200,从化,精装,129.07平米,暂无数据,未知
东南,太平镇,无,11,大城云山,108400228360,2室2厅,140,从化,简装,83平米,暂无数据,2016
东北,太平镇,有,6,星汇峰,108400230938,3室2厅,140,从化,简装,100.08平米,暂无数据,2010
北,旺城片区,有,22,小城大院,108400236485,2室2厅,144,从化,毛坯,83.54平米,64.79㎡,2011
北,太平镇,有,17,紫泉流溪湾,108400240094,3室2厅,130,从化,毛坯,88.67平米,70.8㎡,2012
西北,神岗镇,有,27,珠光流溪御景,108400240766,3室1厅,136.8,从化,毛坯,97.75平米,81.53㎡,未知
西南,旺城片区,有,22,小城大院,108400241180,3室2厅,190,从化,毛坯,102.96平米,79.86㎡,未知
东北,江埔街,有,26,景业荔都,108400244421,2室2厅,108,从化,精装,87.76平米,暂无数据,未知
东南,旧城区,无,9,新村路,108400245561,3室2厅,116,从化,精装,103.85平米,95.37㎡,2001
南 北,温泉镇,有,18,富力泉天下,108400248701,3室2厅,143,从化,精装,109平米,88.6㎡,未知
北,神岗镇,有,18,珠光流溪御景,108400248852,3室2厅,130,从化,毛坯,94.69平米,暂无数据,未知
东北,江埔街,有,30,珠光山水御苑,108400262205,3室2厅,132,从化,毛坯,102.51平米,暂无数据,2016
南,神岗镇,有,12,珠光流溪御景,108400268860,3室2厅,170,从化,毛坯,135.22平米,114.35㎡,未知
北,神岗镇,有,18,珠光流溪御景,108400274749,3室2厅,146,从化,毛坯,95.82平米,81.58㎡,未知
北,温泉镇,有,18,富力泉天下,108400287238,2室2厅,105,从化,简装,82.33平米,暂无数据,未知
东南,江埔街,有,22,御景宏雅花园,108400295710,2室2厅,130,从化,毛坯,93平米,暂无数据,2015
南,旺城片区,有,22,小城大院,108400296890,4室2厅,200,从化,精装,102.35平米,暂无数据,未知
南,江埔街,有,31,珠光山水御苑,108400299638,3室2厅,140,从化,精装,104平米,83.33㎡,2014
东,神岗镇,有,17,人盛巴厘天地,108400311786,3室2厅,130,从化,毛坯,102.84平米,78.17㎡,2012
南,江埔街,有,32,珠光御景山水城,108400316040,3室2厅,145,从化,毛坯,101平米,80㎡,未知
南,江埔街,有,20,珠光御景山水城,108400316838,3室2厅,175,从化,精装,101平米,80㎡,2000
西北 东北,旧城区,无,9,时代名苑,108400317269,3室2厅,135,从化,精装,97.8平米,暂无数据,2000
东南,温泉镇,有,18,富力泉天下,108400342054,4室2厅,198,从化,精装,146.92平米,暂无数据,2014
东北,神岗镇,有,27,珠光流溪御景,108400350759,3室2厅,128,从化,毛坯,97.75平米,81.53㎡,未知
东北,神岗镇,有,16,雅居乐小院流溪,108400358745,3室2厅,155,从化,毛坯,94平米,77.08㎡,未知
北,神岗镇,无,8,珠光流溪御景,108400361008,2室2厅,98,从化,毛坯,75.8平米,61.72㎡,2011
东,神岗镇,有,11,广东动漫城,108400362482,2室1厅,62,从化,精装,53.54平米,40.87㎡,2013
南,太平镇,有,25,云星钱隆天誉,108400365901,3室2厅,140,从化,毛坯,88.3平米,68.5㎡,未知
南,旧城区,无,9,西宁中路,108400371856,2室2厅,85,从化,简装,78.52平米,暂无数据,2000
东南,旧城区,无,6,环城路,108400384332,3室2厅,98,从化,简装,84.72平米,84.72㎡,1996
南,神岗镇,无,8,珠光流溪御景,108400387722,2室1厅,125,从化,精装,74.8平米,60.9㎡,2011
南,旺城片区,无,8,塘圈路,108400392330,3室2厅,105,从化,简装,103.25平米,暂无数据,1996
北,江埔街,有,17,御景宏雅花园,108400393583,2室2厅,120,从化,精装,85.17平米,70.21㎡,2014
南,新城片区,有,15,俊嘉汇绿名居,108400396951,2室2厅,150,从化,毛坯,98平米,97.87㎡,2000
东南,温泉镇,有,23,富力泉天下,108400398075,3室2厅,192,从化,精装,127.06平米,103.65㎡,未知
西南,江埔街,有,32,珠光山水御苑,108400399508,3室2厅,135,从化,精装,102平米,83.95㎡,2016
东南,温泉镇,有,18,富力泉天下,108400404822,3室2厅,153,从化,精装,121.11平米,暂无数据,未知
南,太平镇,无,6,紫泉翠荔嘉园,108400408000,3室2厅,180,从化,简装,89.77平米,79.35㎡,未知
南,江埔街,有,27,景业荔都,108400408760,3室2厅,120,从化,精装,111平米,暂无数据,2014
西南,太平镇,有,18,荔林春晓,108400414749,3室2厅,138,从化,毛坯,94.56平米,70.06㎡,2016
东南,河滨北路,有,13,岭南首府,108400416580,4室2厅,235,从化,精装,161.73平米,暂无数据,2007
南,江埔街,有,12,星河绿洲,108400416598,3室2厅,218,从化,毛坯,137.95平米,暂无数据,2009
东南 南 东北,神岗镇,有,16,雅居乐小院流溪,108400424186,3室2厅,175,从化,毛坯,110.56平米,91.44㎡,2015
北,鳌头镇,暂无数据,11,利泰花林湖畔,108400439310,2室2厅,76,从化,毛坯,82.3平米,暂无数据,未知
东南,江埔街,有,21,夏日港湾,108400452473,4室2厅,280,从化,精装,139平米,114㎡,2004
东南,旧城区,有,15,云星钱隆公馆,108400458234,3室2厅,145,从化,毛坯,93.99平米,暂无数据,2011
东北,神岗镇,有,28,珠江壹城,108400460727,3室2厅,165,从化,精装,113.84平米,87.43㎡,未知
东,太平镇,有,17,紫泉流溪湾,108400461817,2室2厅,100,从化,毛坯,76.61平米,暂无数据,未知
西南,太平镇,无,8,太平花园,108400464602,3室2厅,75,从化,简装,102.05平米,96.4㎡,未知
南,温泉镇,有,18,富力泉天下,108400469180,3室2厅,115,从化,简装,100.3平米,暂无数据,未知
东南,神岗镇,有,6,荔山雅筑,108400469940,3室2厅,130,从化,毛坯,91.79平米,74.61㎡,未知
北,温泉镇,有,18,富力泉天下,108400485209,2室2厅,100,从化,精装,87.11平米,8.11㎡,未知
西南,新城片区,无,6,荔景园(从化区),108400485211,3室2厅,222,从化,精装,106平米,暂无数据,2005
南,新城片区,无,8,青云花园,108400486455,2室2厅,106,从化,简装,84平米,暂无数据,2000
东南,鳌头镇,无,9,利泰花林湖畔,108400490808,2室2厅,107,从化,毛坯,98.44平米,82.8㎡,2012
南,神岗镇,无,8,珠光流溪御景,108400493978,2室2厅,100,从化,毛坯,72.53平米,59.05㎡,2011
南,鳌头镇,暂无数据,16,宏润天睿,108400496929,3室2厅,100,从化,毛坯,97.66平米,80.79㎡,未知
北,太平镇,有,18,荔林春晓,108400506735,3室2厅,135,从化,精装,92.7平米,74.53㎡,2016
东南,旧城区,有,15,云星钱隆公馆,108400506852,3室2厅,190,从化,精装,94.59平米,94.59㎡,未知
东南,太平镇,有,3,东方夏湾拿,108400513814,2室2厅,135,从化,简装,121.55平米,97.47㎡,2010
南 北,神岗镇,有,28,珠江壹城,108400516175,3室2厅,210,从化,精装,141.08平米,141.08㎡,未知
南,鳌头镇,有,16,宏润天睿,108400531235,3室2厅,106,从化,毛坯,102平米,暂无数据,未知
南,江埔街,有,24,逸泉映翠,108400535627,3室2厅,188,从化,精装,127平米,101.32㎡,2014
南 北,鳌头镇,有,11,利泰花林湖畔,108400606568,3室2厅,115,从化,精装,101.71平米,暂无数据,2012
东南,神岗镇,有,10,人盛巴厘天地,108400127914,3室1厅,130,从化,毛坯,99.64平米,暂无数据,2008
东,江埔街,无,11,雅居乐滨江花园,108400159888,2室2厅,185,从化,精装,82.94平米,67.38㎡,2007
南,太平镇,无,6,紫泉翠荔嘉园,108400176021,3室2厅,165,从化,简装,105.93平米,95.45㎡,2007
南,新城片区,有,8,凤仪东路,108400176202,3室2厅,198,从化,精装,149.89平米,暂无数据,2010
南,温泉镇,有,18,望谷温泉小镇,108400227084,2室2厅,103,从化,毛坯,87.68平米,暂无数据,2014
南,太平镇,有,17,大城云山,108400238442,2室2厅,160,从化,精装,90.88平米,72.25㎡,2016
南,河滨北路,有,31,宏诚海岸花园,108400245892,3室2厅,270,从化,精装,144.81平米,暂无数据,2008
西北,鳌头镇,有,11,利泰花林湖畔,108400250443,3室2厅,105,从化,精装,108.5平米,暂无数据,2012
东南,温泉镇,有,18,望谷温泉小镇,108400267370,2室2厅,115,从化,毛坯,87.86平米,暂无数据,未知
东 西南,河滨北路,有,28,新境界豪廷,108400275292,3室2厅,260,从化,精装,197.22平米,160.22㎡,2003
北,神岗镇,有,15,逸泉山庄,108400277390,4室2厅,220,从化,精装,156.68平米,45.79㎡,2012
南,温泉镇,有,18,富力泉天下,108400348874,3室2厅,135,从化,精装,100平米,100㎡,2014
南,太平镇,有,10,紫泉流溪湾,108400371998,4室2厅,240,从化,毛坯,186.27平米,151.91㎡,2012
东南,神岗镇,有,15,逸泉山庄,108400392047,2室2厅,255,从化,精装,156.68平米,暂无数据,2013
东南,太平镇,无,6,紫泉翠荔嘉园,108400393485,3室2厅,187,从化,毛坯,124.62平米,113.31㎡,未知
南 北,温泉镇,有,18,方圆明月山溪,108400420246,2室2厅,99,从化,精装,84.48平米,66.37㎡,2014
南,温泉镇,无,9,方圆明月山溪,108400427790,3室2厅,166,从化,精装,158.45平米,123.32㎡,2011
南 北,江埔街,暂无数据,16,君源御湖城,108400436923,3室1厅,155,从化,毛坯,103平米,86.67㎡,2000
东南,温泉镇,有,18,富力泉天下,108400438574,3室2厅,155,从化,精装,122.6平米,102.56㎡,未知
南,新城片区,无,9,城南路,108400509302,3室2厅,180,从化,精装,131.07平米,124.51㎡,1998
东北,太平镇,有,9,星汇峰,108400515910,2室2厅,98,从化,毛坯,73.53平米,58.55㎡,2010
北,新城片区,无,9,怡富绿色家园,108400519151,3室2厅,155,从化,精装,109.5平米,暂无数据,2005
南,神岗镇,有,17,人盛巴厘天地,108400536610,3室1厅,163,从化,毛坯,117平米,91.81㎡,2012
北,江埔街,有,24,逸泉映翠,108400541743,3室1厅,130,从化,毛坯,96平米,76.85㎡,2014
南,神岗镇,有,28,珠江壹城,108400176053,4室2厅,270,从化,精装,196.47平米,暂无数据,2003
西北,神岗镇,有,12,珠光流溪御景,108400201634,2室2厅,105,从化,其他,76平米,暂无数据,2012
东南,神岗镇,无,6,流溪河山庄,108400258931,3室2厅,105,从化,精装,100.19平米,90.28㎡,1998
南,神岗镇,有,28,珠江壹城,108400473790,3室2厅,180,从化,精装,116.5平米,暂无数据,未知
东南,神岗镇,有,16,雅居乐小院流溪,108400510125,3室2厅,170,从化,其他,117.86平米,93.31㎡,2015
西南,江埔街,有,23,名城御景绿洲,108400568861,4室1厅,241,从化,其他,141.77平米,暂无数据,2011
西北,江埔街,有,8,从化商贸城北区,108400226862,3室2厅,105,从化,毛坯,114.61平米,暂无数据,2000
东北,太平镇,无,5,彩虹苑,108400400802,1室0厅,33.3,从化,简装,35.49平米,27.6㎡,未知
东北,太平镇,无,5,彩虹苑,108400402439,1室0厅,68.2,从化,简装,70.28平米,54.67㎡,未知
东南,温泉镇,无,7,侨宏花园,108400517370,1室1厅,29,从化,简装,38.66平米,暂无数据,2008
东南,太平镇,无,6,紫泉翠荔嘉园,108400574064,4室2厅,185,从化,精装,124.6平米,113.31㎡,未知
南,太平镇,无,6,紫泉翠荔嘉园,108400521123,3室1厅,185,从化,其他,105.93平米,95.45㎡,2008
南,太平镇,无,5,回归路小区,108400524459,3室2厅,133,从化,其他,108.61平米,93.73㎡,1996
东南,温泉镇,有,23,富力泉天下,108400127961,4室2厅,182,从化,精装,153.43平米,暂无数据,2014
北,江埔街,暂无数据,32,珠光御景山水城,108400176358,3室2厅,133,从化,毛坯,93.54平米,暂无数据,未知
西南,河滨北路,无,7,镇北路,108400193618,3室2厅,106,从化,简装,85.31平米,暂无数据,1995
东,旧城区,无,7,环城路,108400202312,4室1厅,108,从化,精装,79.69平米,暂无数据,1996
南,太平镇,有,16,新光百德广场,108400232313,1室1厅,38,从化,精装,44.55平米,暂无数据,未知
南,江埔街,有,24,珠光御景山水城,108400249902,3室2厅,163,从化,毛坯,105平米,84.73㎡,2000
东南,江埔街,有,21,逸泉映翠,108400255173,3室2厅,140,从化,毛坯,96平米,80㎡,2014
北,温泉镇,有,11,富力泉天下,108400299706,1室0厅,50,从化,简装,45.59平米,暂无数据,未知
南,温泉镇,有,11,富力泉天下,108400301336,1室0厅,58,从化,精装,45.59平米,35.46㎡,未知
北,温泉镇,有,11,富力泉天下,108400301640,1室0厅,53,从化,精装,45.59平米,暂无数据,未知
南,温泉镇,有,11,富力泉天下,108400301800,1室0厅,60,从化,简装,45.72平米,35.56㎡,未知
南,温泉镇,有,11,富力泉天下,108400308927,1室0厅,60.8,从化,精装,45.59平米,35.46㎡,未知
东南,太平镇,有,16,新光百德广场,108400315023,1室1厅,58.9,从化,简装,61.97平米,46.1㎡,未知
北,温泉镇,有,11,富力泉天下,108400328586,1室0厅,54,从化,精装,45.59平米,35.46㎡,未知
北,温泉镇,有,11,富力泉天下,108400328979,1室0厅,53.5,从化,精装,45.59平米,35.46㎡,未知
东北,太平镇,有,16,新光百德广场,108400348546,1室0厅,60,从化,精装,56.86平米,42.3㎡,2014
北,江埔街,有,23,爱尚流溪,108400392799,3室2厅,115,从化,毛坯,87.6平米,70.49㎡,2014
东南,太平镇,有,16,新光百德广场,108400432242,1室0厅,54,从化,简装,56.65平米,42.14㎡,未知
南,温泉镇,无,7,侨宏花园,108400441226,1室1厅,37.6,从化,简装,47平米,暂无数据,2008
东南,江埔街,有,22,雍晟岭南雅苑,108400452485,3室2厅,175,从化,精装,90.4平米,暂无数据,2016
东南,温泉镇,有,18,方圆明月山溪,108400453308,1室0厅,52,从化,精装,39.29平米,39.29㎡,2014
南,温泉镇,暂无数据,18,望谷·温泉小镇,108400481641,1室1厅,77,从化,精装,51.36平米,40.66㎡,未知
南,温泉镇,暂无数据,18,望谷·温泉小镇,108400481654,1室1厅,77,从化,精装,51.36平米,暂无数据,未知
南,温泉镇,暂无数据,18,望谷·温泉小镇,108400481672,1室0厅,77,从化,精装,51.36平米,40.66㎡,未知
东北,江埔街,有,18,欣荣宏国际商贸城,108400549648,1室1厅,113.4,从化,简装,47.25平米,34.16㎡,2014
南,江埔街,有,31,珠光御景山水城,108400626945,3室2厅,118,从化,其他,100.06平米,暂无数据,未知
西南,神岗镇,有,28,珠江壹城,108400636552,3室2厅,148,从化,其他,105.62平米,82.46㎡,未知
东 西,江埔街,有,18,欣荣宏国际商贸城,108400069060,3室2厅,235,从化,毛坯,135.5平米,99.88㎡,2013
北,神岗镇,有,27,珠光流溪御景,108400173076,3室2厅,125,从化,毛坯,97.47平米,暂无数据,2012
南,太平镇,无,25,云星钱隆天誉,108400176069,3室2厅,135,从化,毛坯,92.96平米,72.37㎡,2016
南,温泉镇,有,18,富力泉天下,108400176368,3室2厅,145,从化,精装,120.41平米,暂无数据,未知
西南,河滨北路,无,8,中华市场邮电宿舍,108400225210,2室2厅,110,从化,简装,91.74平米,83.25㎡,未知
西南,太平镇,有,24,云星钱隆天誉,108400267745,3室2厅,139,从化,毛坯,92.7平米,71.96㎡,未知
南,神岗镇,有,28,珠江壹城,108400308606,3室2厅,190,从化,精装,114.86平米,暂无数据,未知
东,江埔街,有,18,欣荣宏国际商贸城,108400317931,3室2厅,268,从化,精装,123.68平米,暂无数据,2013
南 北,神岗镇,有,6,荔山雅筑,108400410129,3室2厅,163,从化,毛坯,98平米,暂无数据,2015
南,神岗镇,有,27,珠光流溪御景,108400418140,3室2厅,186,从化,精装,98.41平米,暂无数据,未知
南,旧城区,无,6,关围新村,108400176208,2室1厅,90,从化,简装,68.75平米,60㎡,2000
东南,太平镇,有,16,新光百德广场,108400230905,1室0厅,43,从化,精装,56.86平米,42.3㎡,未知
东北,太平镇,无,5,彩虹苑,108400400804,2室0厅,66.5,从化,简装,69.94平米,54.4㎡,未知
西南,太平镇,有,25,智汇国际,108400550167,1室0厅,60,从化,毛坯,40.95平米,29.15㎡,未知
北,江埔街,有,26,景业荔都,108400320428,2室2厅,96,从化,简装,87.03平米,暂无数据,2017
南,神岗镇,有,27,珠光流溪御景,108400498136,4室2厅,230,从化,毛坯,147.7平米,暂无数据,未知
西南,神岗镇,有,28,珠江壹城,108400159873,3室2厅,190,从化,简装,105.25平米,82.16㎡,2008
南,太平镇,有,11,华标荔苑,108400168892,3室2厅,189,从化,简装,135.61平米,109.38㎡,2000
南,温泉镇,有,23,富力泉天下,108400174792,3室2厅,125,从化,精装,108.63平米,88.53㎡,未知
南 北,太平镇,无,6,紫泉翠荔嘉园,108400246586,3室2厅,238,从化,精装,150.84平米,137.82㎡,2004
东南,神岗镇,有,17,雅居乐小院流溪,108400357841,3室2厅,172,从化,毛坯,129.66平米,暂无数据,2013
西北,神岗镇,有,18,珠光流溪御景,108400385847,3室2厅,145,从化,精装,95.82平米,暂无数据,未知
南,神岗镇,有,18,珠光流溪御景,108400386351,3室2厅,170,从化,毛坯,148.91平米,暂无数据,未知
西南,神岗镇,有,28,珠江壹城,108400431024,3室2厅,158,从化,精装,100.71平米,暂无数据,未知
东南,旺城片区,有,22,小城大院,108400517250,3室1厅,185,从化,毛坯,103平米,79.86㎡,2011
北,温泉镇,暂无数据,18,望谷·温泉小镇,108400448335,1室1厅,73,从化,其他,51.36平米,暂无数据,未知
南,神岗镇,有,17,人盛巴厘天地,108400560075,3室2厅,130,从化,其他,108.99平米,82.84㎡,2012
东南,神岗镇,有,6,珠光流溪御景,108400567482,2室1厅,118,从化,其他,96.48平米,暂无数据,2011
东南,太平镇,有,17,大城云山,108400586416,4室2厅,252,从化,其他,92.24平米,77.84㎡,2016
西南,神岗镇,有,28,珠江壹城,108400597061,3室1厅,153,从化,其他,104.77平米,82.54㎡,未知
南,江埔街,有,32,珠光御景山水城,108400328322,3室2厅,195,从化,毛坯,130平米,109.74㎡,2000
南,神岗镇,无,4,雅居乐小院流溪,108400465217,4室2厅,260,从化,毛坯,167.68平米,144.91㎡,2013
南,温泉镇,有,11,富力泉天下,108400471902,1室1厅,59,从化,精装,45.59平米,35.46㎡,未知
西南,江埔街,有,23,爱尚流溪,108400529372,3室2厅,113,从化,毛坯,94.18平米,75.66㎡,2016
南 北,江埔街,有,32,珠光御景山水城,108400541283,3室2厅,150,从化,毛坯,100.72平米,81.62㎡,未知
南,太平镇,有,16,新光百德广场,108400256909,1室0厅,34,从化,精装,39.59平米,29.45㎡,未知
北,神岗镇,有,15,逸泉山庄,108400342196,4室1厅,215,从化,毛坯,152.09平米,120.92㎡,未知
南,新城片区,无,9,城南路,108400353727,3室2厅,135,从化,简装,93平米,暂无数据,1998
南,神岗镇,有,11,珠光流溪御景,108400377746,4室2厅,268,从化,毛坯,167.45平米,167.45㎡,2013
西南,神岗镇,有,28,珠江壹城,108400430950,3室2厅,146,从化,精装,105.26平米,82.16㎡,未知
西南,神岗镇,有,15,珠江壹城,108400431004,3室2厅,155,从化,其他,104平米,103.83㎡,2015
南 北,温泉镇,无,9,方圆明月山溪,108400432176,4室2厅,210,从化,其他,202平米,暂无数据,2011
南,温泉镇,有,23,富力泉天下,108400446410,3室2厅,141,从化,精装,108平米,88.53㎡,未知
西北,太平镇,有,16,新光百德广场,108400469343,1室0厅,40,从化,其他,52.58平米,39.12㎡,未知
东南,河滨北路,有,16,逸景雅轩,108400481798,2室2厅,130,从化,其他,77平米,65.16㎡,2010
西北,江埔街,无,7,红荔新村,108400484435,3室2厅,115,从化,简装,95.68平米,暂无数据,2000
西南,太平镇,无,6,华标荔苑,108400503489,3室2厅,148,从化,毛坯,91.75平米,78.69㎡,未知
东,江埔街,有,18,汉中紫薇苑,108400509958,3室2厅,159,从化,毛坯,101平米,10.66㎡,2015
南,神岗镇,无,4,逸泉山庄,108400555820,4室2厅,200,从化,精装,144.73平米,126.95㎡,2011
东南,江埔街,有,15,上城湾畔东区,108400556319,3室2厅,218,从化,精装,93.2平米,暂无数据,2009
东南,江埔街,有,26,景业荔都,108400565467,2室2厅,100,从化,毛坯,87.76平米,暂无数据,未知
南,太平镇,有,17,大城云山,108400569146,3室2厅,138,从化,精装,89.34平米,75.37㎡,2016
南 北,神岗镇,有,17,人盛巴厘天地,108400575217,2室2厅,128,从化,其他,84.57平米,65.88㎡,2012
南,江埔街,暂无数据,24,珠光御景山水城,108400590222,3室2厅,155,从化,其他,104.57平米,84.53㎡,未知
南 北,新城片区,有,19,貝月湾,108400596420,3室2厅,295,从化,毛坯,126.62平米,暂无数据,2005
南,太平镇,无,6,华标荔苑,108400605556,2室1厅,131,从化,毛坯,89.34平米,78.79㎡,未知
北,太平镇,有,17,大城云山,108400608206,3室2厅,236,从化,精装,117.71平米,99.35㎡,2016
北,温泉镇,有,18,富力泉天下,108400609110,2室1厅,98,从化,其他,84.1平米,69.52㎡,2014
西南,温泉镇,有,18,富力泉天下,108400609354,3室2厅,135,从化,精装,118.84平米,暂无数据,2014
西北,太平镇,有,17,大城云山,108400620189,3室2厅,175,从化,毛坯,125.04平米,99.41㎡,2016
南,江埔街,有,18,雅居乐滨江花园,108400620923,3室2厅,270,从化,精装,117.42平米,98.38㎡,2007
西,新城片区,无,8,碧溪六巷,108400624593,3室2厅,120,从化,精装,106.04平米,暂无数据,未知
南,温泉镇,有,23,富力泉天下,108400626774,3室1厅,130,从化,精装,108.61平米,88.6㎡,未知
南,温泉镇,有,18,方圆明月山溪,108400626921,1室0厅,55,从化,其他,39.2平米,30.87㎡,2014
南,江埔街,无,9,从化商贸城南区,108400627176,3室2厅,130,从化,其他,115.89平米,暂无数据,未知
东南,太平镇,有,8,回归路小区,108400628219,3室2厅,90,从化,精装,89.22平米,76.41㎡,未知
东南,太平镇,有,23,紫泉翠荔嘉园,108400628679,3室2厅,133.5,从化,毛坯,90.28平米,暂无数据,未知
南,江埔街,无,11,雅居乐滨江花园,108400628833,2室1厅,176,从化,精装,81.45平米,66.17㎡,2007
东,江埔街,有,23,逸泉映翠,108400630869,3室1厅,135,从化,毛坯,96.48平米,暂无数据,2014
南,神岗镇,有,11,逸泉山庄,108400632423,3室2厅,210,从化,其他,138.73平米,暂无数据,未知
北,江埔街,有,32,珠光御景山水城,108400633764,3室2厅,143,从化,其他,90.23平米,90.23㎡,未知
南,江埔街,有,24,珠光御景山水城,108400634927,3室2厅,160,从化,精装,105.08平米,84.52㎡,未知
东北,神岗镇,有,28,珠江壹城,108400634964,3室2厅,200,从化,精装,141.64平米,暂无数据,未知
南 北,温泉镇,有,18,方圆明月山溪,108400636263,2室2厅,108,从化,精装,84.48平米,暂无数据,2014
西北,江埔街,有,25,莱茵水岸,108400638292,3室2厅,250,从化,精装,117.57平米,96.1㎡,未知
东南,江埔街,有,16,御景宏雅花园,108400640559,3室2厅,186,从化,精装,124.28平米,暂无数据,2014
东南,江埔街,暂无数据,8,小海南路,108400642502,3室2厅,100,从化,精装,82.46平米,暂无数据,未知
北 南,太平镇,有,17,大城云山,108400642645,3室1厅,188,从化,毛坯,125.04平米,99.41㎡,2016
南,太平镇,暂无数据,9,花园西路,108400643352,3室2厅,163,从化,毛坯,131.5平米,108㎡,未知
东南,河滨北路,暂无数据,8,镇北路十巷,108400643957,3室2厅,152,从化,其他,95.99平米,暂无数据,未知
南,新城片区,暂无数据,9,温馨家园,108400644484,3室2厅,185,从化,精装,109.66平米,暂无数据,未知
南,太平镇,无,6,华标荔苑,108400644641,2室2厅,117,从化,精装,72.93平米,62.43㎡,未知
东南 南,温泉镇,有,23,富力泉天下,108400645383,3室2厅,108,从化,精装,108平米,暂无数据,2014
东南,太平镇,有,18,紫泉流溪湾,108400645451,3室2厅,136,从化,简装,90.53平米,70.87㎡,2013
南 北,江埔街,有,24,逸泉映翠,108400645500,3室2厅,131,从化,其他,95.76平米,暂无数据,2014
东南,太平镇,有,18,紫泉翠荔嘉园,108400645961,2室2厅,138,从化,简装,80.91平米,66.75㎡,未知
东 北,太平镇,暂无数据,9,花园西路,108400646331,3室2厅,120,从化,毛坯,96.44平米,96.44㎡,未知
北,太平镇,暂无数据,9,花园西路,108400646347,3室1厅,96.2,从化,毛坯,80.89平米,63.12㎡,未知
北,神岗镇,有,15,逸泉山庄,108400647777,4室2厅,230,从化,毛坯,150平米,暂无数据,未知
东北,太平镇,有,11,大城云山,108400647914,3室2厅,175,从化,简装,96.28平米,79.96㎡,2016
南,温泉镇,有,11,富力泉天下,108400648867,1室0厅,49,从化,其他,45.59平米,暂无数据,未知
西南,神岗镇,有,28,珠江壹城,108400648890,3室2厅,163,从化,精装,105.26平米,暂无数据,未知
南,神岗镇,有,10,人盛巴厘天地,108400649059,2室1厅,102,从化,毛坯,84.56平米,暂无数据,未知
北,太平镇,无,6,华标荔苑,108400649788,1室1厅,67,从化,其他,43.05平米,36.85㎡,未知
南,太平镇,有,23,紫泉翠荔嘉园,108400650824,2室2厅,135,从化,精装,78.58平米,64.83㎡,未知
西南,神岗镇,有,28,珠江壹城,108400651358,3室2厅,150,从化,其他,100.68平米,77.51㎡,未知
南,太平镇,有,16,新光百德广场,108400651468,1室0厅,40,从化,简装,44.4平米,33.03㎡,未知
南,神岗镇,有,17,人盛巴厘天地,108400652212,3室2厅,156,从化,精装,118.21平米,暂无数据,2012
西南 东北,神岗镇,有,17,人盛巴厘天地,108400652220,2室2厅,123,从化,其他,85平米,66.14㎡,2012
北,温泉镇,有,23,富力泉天下,108400652423,2室2厅,105,从化,其他,86.47平米,70.71㎡,未知
南,神岗镇,有,6,荔山雅筑,108400653129,3室2厅,145,从化,毛坯,96.31平米,暂无数据,未知
南,太平镇,无,8,从化怡景楼,108400656121,2室1厅,88,从化,简装,79.9平米,69.8㎡,未知
南,温泉镇,有,18,富力泉天下,108400657578,3室2厅,150,从化,精装,122.3平米,暂无数据,未知
北,江埔街,有,32,珠光御景山水城,108400659245,3室2厅,145,从化,精装,96.03平米,78.26㎡,未知
南,江埔街,有,18,珠光御景山水城,108400660135,4室2厅,180,从化,毛坯,128平米,105.86㎡,未知
南,神岗镇,有,17,人盛巴厘天地,108400662991,3室2厅,160,从化,毛坯,118.21平米,暂无数据,2012
西南,太平镇,无,6,紫泉翠荔嘉园,108400176006,4室2厅,190,从化,简装,151平米,137.75㎡,2004
南,江埔街,有,3,莱茵水岸,108400444435,5室2厅,410,从化,精装,175.67平米,175.67㎡,2005
南,新城片区,有,11,托斯卡纳(从化区),108400153676,3室2厅,210,从化,精装,120.02平米,91.25㎡,2007
北,太平镇,有,12,华标荔苑,108400140583,3室2厅,192,从化,毛坯,128.21平米,暂无数据,未知
东南,江埔街,有,27,名城御景绿洲,108400152334,3室2厅,205,从化,毛坯,121.14平米,98.12㎡,2011
南,太平镇,无,3,东方夏湾拿,108400417220,4室2厅,272,从化,简装,159.91平米,159.91㎡,2008
东南,江埔街,有,24,莱茵水岸,108400155797,3室2厅,250,从化,精装,112.16平米,89.96㎡,未知
西南,鳌头镇,有,9,利泰花林湖畔,108400162115,3室1厅,89,从化,毛坯,94.25平米,暂无数据,2014
南,神岗镇,有,15,逸泉山庄,108400433907,4室2厅,300,从化,精装,151平米,暂无数据,2005
东北,江埔街,有,13,星河绿洲,108400530077,4室3厅,390,从化,精装,139.6平米,139.6㎡,2009
西南 东北,太平镇,无,3,东方夏湾拿,108400442735,5室2厅,380,从化,精装,213.15平米,213.15㎡,2013
南 北,温泉镇,有,18,富力泉天下,108400072496,3室2厅,150,从化,精装,110平米,92.07㎡,2014
南,江埔街,有,10,上城湾畔B区,108400444015,3室2厅,286,从化,精装,119.98平米,95.07㎡,2009
北,鳌头镇,无,9,利泰花林湖畔,108400177413,3室2厅,98,从化,毛坯,107.9平米,暂无数据,2012
南,神岗镇,有,17,人盛巴厘天地,108400018584,2室2厅,106,从化,毛坯,84.97平米,65.66㎡,2008
南,太平镇,有,17,大城云山,108400082818,3室2厅,202,从化,精装,111.63平米,88.75㎡,2016
东南,温泉镇,有,18,富力泉天下,108400127933,3室2厅,125,从化,精装,105.4平米,暂无数据,未知
南,温泉镇,有,18,富力泉天下,108400623058,3室2厅,125,从化,其他,100.9平米,暂无数据,未知
北,江埔街,有,10,上城湾畔B区,108400127971,2室2厅,200,从化,精装,96.37平米,75.31㎡,2009
西南,温泉镇,有,18,富力泉天下,108400127981,3室2厅,215,从化,精装,121.09平米,100.61㎡,未知
东 东南,河滨北路,无,9,宏业楼,108400129680,4室2厅,250,从化,精装,128.79平米,暂无数据,2011
北,神岗镇,有,17,雅居乐小院流溪,108400151516,3室2厅,180,从化,毛坯,129.65平米,106.12㎡,2013
南,神岗镇,有,28,珠江壹城,108400155310,3室2厅,158,从化,精装,104.77平米,暂无数据,2014
南,江埔街,有,15,上城湾畔东区,108400388484,3室2厅,210,从化,精装,92.76平米,75.12㎡,2009
东南,鳌头镇,有,9,利泰花林湖畔,108400162105,3室2厅,100,从化,毛坯,101.22平米,83.13㎡,2012
南,旧城区,无,5,新村北路,108400577341,2室1厅,59,从化,简装,68.18平米,54.55㎡,2000
西北,神岗镇,有,23,珠光流溪御景,108400127873,3室2厅,155,从化,精装,113.52平米,暂无数据,2012
东南,温泉镇,有,23,富力泉天下,108400127950,3室2厅,198,从化,精装,127.08平米,暂无数据,未知
西南,温泉镇,有,23,富力泉天下,108400127960,4室2厅,255,从化,精装,154.05平米,暂无数据,未知
南,江埔街,有,26,景业荔都,108400150156,4室2厅,180,从化,精装,139.61平米,114.98㎡,2017
东南,温泉镇,有,18,望谷温泉小镇,108400153082,3室2厅,218,从化,精装,164.65平米,暂无数据,2014
南,江埔街,有,24,莱茵水岸,108400352393,3室2厅,320,从化,精装,122.71平米,暂无数据,未知
南,太平镇,有,16,新光百德广场,108400062194,1室0厅,50,从化,精装,55.46平米,41.26㎡,未知
南 北,神岗镇,有,15,逸泉山庄,108400293590,3室2厅,190,从化,毛坯,111.34平米,88.04㎡,2011
南,太平镇,有,25,云星钱隆天誉,108400085066,3室2厅,162,从化,毛坯,122.94平米,暂无数据,2014
西南,温泉镇,有,23,富力泉天下,108400127869,3室2厅,150,从化,精装,120.95平米,暂无数据,未知
南,太平镇,有,10,大城云山,108400127973,3室2厅,140,从化,毛坯,92.06平米,77.2㎡,2016
东南,神岗镇,有,28,珠江壹城,108400337931,3室2厅,150,从化,精装,100.71平米,77.51㎡,未知
北,温泉镇,有,11,富力泉天下,108400355885,1室1厅,104,从化,精装,69.68平米,54.19㎡,未知
南 东北,太平镇,无,6,紫泉翠荔嘉园,108400385869,3室2厅,130,从化,毛坯,88.98平米,78.58㎡,2007
东南,新城片区,有,10,托斯卡纳(从化区),108400213144,3室1厅,172,从化,精装,82.67平米,62.85㎡,2007
南,江埔街,有,12,雅居乐滨江花园,108200017484,3室2厅,280,从化,精装,94.24平米,80.04㎡,2007
北,太平镇,有,17,紫泉流溪湾,108400013667,3室2厅,123,从化,毛坯,88.67平米,70.8㎡,2006
东南,新城片区,暂无数据,8,凤仪西路,108400618429,3室2厅,135,从化,简装,95平米,暂无数据,未知
南,温泉镇,暂无数据,18,望谷·温泉小镇,108400621133,1室1厅,60,从化,精装,51.53平米,暂无数据,未知
南,神岗镇,有,15,逸泉山庄,108400309865,3室2厅,200,从化,精装,110.24平米,88㎡,未知
东南 南,旧城区,有,9,雍晟美景家园,108400422302,3室2厅,200,从化,精装,110.98平米,暂无数据,2005
西北,新城片区,有,9,城南路,108400497865,3室2厅,165,从化,简装,119.31平米,119.31㎡,2002
南,太平镇,有,23,紫泉翠荔嘉园,108400542639,2室2厅,120,从化,简装,81.44平米,67.19㎡,未知
南,江埔街,有,24,逸泉映翠,108400071712,3室2厅,178,从化,毛坯,137.25平米,暂无数据,2014
南,江埔街,有,11,雅居乐滨江花园,108400103863,4室2厅,350,从化,毛坯,145.7平米,暂无数据,2007
南,神岗镇,有,17,人盛巴厘天地,108400176034,2室1厅,113,从化,毛坯,83.96平米,65.82㎡,2008
东南,温泉镇,有,16,方圆明月山溪,108400618783,3室2厅,230,从化,其他,158.26平米,121.17㎡,2011
南,温泉镇,有,11,富力泉天下,108400301781,1室0厅,63.7,从化,简装,45.72平米,35.56㎡,未知
南,太平镇,无,12,花园路,108400433447,3室1厅,102,从化,简装,102.55平米,暂无数据,2000
东南,神岗镇,无,2,雅居乐小院流溪,108400504062,5室2厅,350,从化,毛坯,212.03平米,暂无数据,2013
东南,江埔街,有,11,名城御景绿洲,108400327155,3室2厅,220,从化,毛坯,136.17平米,112.81㎡,2011
南,神岗镇,有,17,人盛巴厘天地,108400003482,3室2厅,300,从化,毛坯,132.73平米,132.73㎡,2012
南,温泉镇,有,3,亿城泉说,108400052561,2室2厅,160,从化,精装,86.27平米,49.94㎡,2012
西,江埔街,有,18,珠光御景山水城,108400127959,3室1厅,150,从化,毛坯,91.57平米,76.86㎡,未知
东南,江埔街,有,24,逸泉映翠,108400177366,3室2厅,158,从化,毛坯,110平米,89.74㎡,2014
南,江埔街,有,24,逸泉映翠,108400225921,3室2厅,145.5,从化,毛坯,97平米,暂无数据,2014
南,河滨北路,有,10,智杰雅筑,108400236018,4室3厅,295,从化,精装,153.62平米,133.02㎡,2016
南 北,神岗镇,有,17,人盛巴厘天地,108400250067,2室2厅,135,从化,精装,84.91平米,66.14㎡,2012
南,江埔街,有,32,珠光御景山水城,108400274087,3室2厅,230,从化,精装,128平米,107.74㎡,未知
南,太平镇,无,3,东方夏湾拿,108400280600,5室2厅,370,从化,精装,208.66平米,208.66㎡,2006
南,温泉镇,有,18,富力泉天下,108400299414,3室2厅,165,从化,精装,120.41平米,暂无数据,未知
东南,神岗镇,有,18,上苑四期,108400303763,2室2厅,100,从化,简装,71.39平米,54.97㎡,2008
西南,江埔街,有,31,珠光山水御苑,108400321335,3室2厅,135,从化,毛坯,103平米,82.74㎡,2014
北,江埔街,有,31,珠光山水御苑,108400324755,2室2厅,140,从化,精装,78平米,78㎡,2014
东南,江埔街,有,32,珠光山水御苑,108400330832,3室2厅,140,从化,毛坯,103平米,82.74㎡,2014
东北,江埔街,有,25,莱茵水岸,108400385912,3室2厅,255,从化,毛坯,119.26平米,97.48㎡,未知
南 北,神岗镇,有,27,珠光流溪御景,108400387053,4室3厅,250,从化,精装,175.82平米,148.21㎡,未知
北,江埔街,有,24,逸泉映翠,108400390943,3室1厅,145,从化,毛坯,93.61平米,74.46㎡,2014
南,江埔街,有,24,逸泉映翠,108400407810,3室2厅,160,从化,毛坯,98.34平米,77.82㎡,2014
东南,太平镇,无,8,从化怡景楼,108400431404,3室2厅,130,从化,简装,106.9平米,94.15㎡,未知
东北,太平镇,有,16,新光百德广场,108400443353,2室2厅,80,从化,精装,76.54平米,56.93㎡,未知
南,神岗镇,有,2,雅居乐小院流溪,108400447521,4室3厅,320,从化,毛坯,243.69平米,暂无数据,2009
南,温泉镇,暂无数据,18,望谷·温泉小镇,108400448356,1室1厅,60.7,从化,精装,50.61平米,暂无数据,未知
南 北,神岗镇,有,16,雅居乐小院流溪,108400525918,3室2厅,165,从化,毛坯,111.61平米,111.61㎡,2015
北,河滨北路,暂无数据,10,智杰雅筑,108400620710,3室2厅,185,从化,毛坯,92.56平米,79.33㎡,未知
南,江埔街,有,21,夏日港湾,108200020791,3室2厅,235,从化,精装,125平米,暂无数据,2004
东北,神岗镇,有,28,珠江壹城,108400587119,3室2厅,145,从化,精装,101平米,79.45㎡,未知
西南,旧城区,无,7,西宁西路,108400593788,4室2厅,140,从化,简装,140.9平米,暂无数据,1996
东北,鳌头镇,暂无数据,9,翡翠城,108400606267,3室2厅,95,从化,其他,103.79平米,88.72㎡,2010
北,太平镇,暂无数据,8,花园中路,108400539533,2室2厅,83,从化,简装,111平米,111㎡,未知
西南,神岗镇,有,28,珠江壹城,108400576550,3室2厅,170,从化,其他,116平米,89.68㎡,未知
南 北,神岗镇,有,2,雅居乐小院流溪,108400548593,4室2厅,238,从化,其他,167.46平米,167.46㎡,2014
北,江埔街,有,12,雅居乐滨江花园,108200013773,5室3厅,378,从化,精装,142.35平米,暂无数据,2007
南,太平镇,无,9,大城云山,108400176116,2室2厅,150,从化,简装,83.19平米,暂无数据,2016
北,江埔街,有,30,珠光山水御苑,108400309776,2室1厅,100,从化,简装,77.49平米,69㎡,2016
东 南,江埔街,有,16,君源御湖城,108400313734,3室1厅,138,从化,简装,104平米,暂无数据,2011
南,江埔街,暂无数据,18,珠光御景山水城,108400315897,4室2厅,228,从化,毛坯,142.22平米,121.96㎡,未知
东,江埔街,有,31,珠光山水御苑,108400321321,3室2厅,135,从化,毛坯,103平米,80㎡,2014
南,江埔街,有,31,珠光山水御苑,108400324757,3室2厅,142,从化,简装,103平米,82.74㎡,2014
东南,江埔街,有,30,珠光山水御苑,108400331135,3室2厅,140,从化,毛坯,103平米,82.74㎡,2016
南,江埔街,有,32,珠光山水御苑,108400344180,4室2厅,178,从化,毛坯,141平米,115.98㎡,2014
南,神岗镇,有,12,珠光流溪御景,108400352438,4室2厅,200,从化,毛坯,170.56平米,145.18㎡,2012
南,江埔街,有,16,君源御湖城,108400358767,3室2厅,135,从化,毛坯,105.5平米,87㎡,2011
东北,江埔街,有,32,珠光御景山水城,108400388264,3室2厅,140,从化,毛坯,96.12平米,80㎡,未知
南,江埔街,暂无数据,8,小海南路,108400391491,3室2厅,95,从化,精装,101.62平米,暂无数据,未知
南,温泉镇,无,9,方圆明月山溪,108400404115,4室2厅,200,从化,精装,194.66平米,151.34㎡,2011
北,江埔街,有,32,珠光御景山水城,108400433980,3室2厅,135,从化,毛坯,90平米,暂无数据,未知
西南,神岗镇,有,28,珠江壹城,108400434334,3室2厅,160,从化,简装,104平米,82.46㎡,未知
北,江埔街,有,32,珠光御景山水城,108400438703,3室1厅,136,从化,毛坯,96平米,82㎡,未知
南,江埔街,有,20,珠光御景山水城,108400442611,3室2厅,160,从化,毛坯,104平米,暂无数据,未知
东南,江埔街,有,16,君源御湖城,108400463849,2室2厅,118,从化,毛坯,80.28平米,63.69㎡,2000
南,温泉镇,有,18,望谷温泉小镇,108400481680,2室1厅,128,从化,精装,85.9平米,71.19㎡,未知
东南,江埔街,有,16,君源御湖城,108400554798,3室2厅,125,从化,毛坯,104.4平米,暂无数据,2011
南,太平镇,有,18,紫泉流溪湾,108400566450,3室2厅,136,从化,毛坯,90.53平米,暂无数据,2013
北,江埔街,有,12,雅居乐滨江花园,108400178260,4室2厅,348,从化,精装,145平米,122.44㎡,2007
南,江埔街,有,21,逸泉映翠,108400189822,2室2厅,128,从化,其他,85.45平米,暂无数据,2014
东 东南,太平镇,有,16,新光百德广场,108400469274,1室0厅,45,从化,简装,56.86平米,42.3㎡,未知
东,太平镇,有,8,回归路小区,108400539785,3室2厅,120,从化,简装,100.44平米,86.02㎡,1995
南,太平镇,有,16,新光百德广场,108400542830,1室1厅,43,从化,精装,44.4平米,33.03㎡,未知
南,太平镇,有,16,新光百德广场,108400542833,1室0厅,43,从化,精装,44.09平米,32.8㎡,未知
东南,江埔街,有,13,海洋广场,108400570494,3室2厅,140,从化,其他,97.63平米,80.12㎡,未知
西南,神岗镇,有,28,珠江壹城,108400610194,3室2厅,165,从化,其他,100.71平米,暂无数据,未知
东北,太平镇,有,16,新光百德广场,108400616753,1室0厅,39.6,从化,精装,44.4平米,33.03㎡,未知
南,江埔街,有,17,上城湾畔B区,108400635809,4室2厅,328,从化,精装,150平米,暂无数据,2009
北,太平镇,有,16,新光百德广场,108400636049,1室0厅,40,从化,简装,44.33平米,32.98㎡,未知
南,江埔街,有,18,珠光御景山水城,108400636491,3室2厅,200,从化,毛坯,126.12平米,105.86㎡,未知
南,太平镇,有,16,新光百德广场,108400637207,1室1厅,45,从化,精装,44.4平米,33.03㎡,未知
东南,温泉镇,暂无数据,7,富力泉天下,108400638835,1室1厅,65,从化,其他,58.1平米,42.99㎡,未知
北,旺城片区,无,8,旺城花苑东区,108400640957,2室1厅,90,从化,其他,56平米,暂无数据,未知
北,江埔街,有,23,爱尚流溪,108400641575,3室2厅,130,从化,其他,87.3平米,70.26㎡,2014
东,太平镇,暂无数据,9,花园西路,108400646307,3室2厅,161.7,从化,毛坯,131.5平米,108㎡,未知
北,太平镇,暂无数据,9,花园西路,108400646320,3室1厅,95.7,从化,毛坯,80.89平米,63.12㎡,未知
北,太平镇,暂无数据,9,花园西路,108400646351,3室1厅,120.4,从化,毛坯,96.44平米,75.25㎡,未知
东,太平镇,暂无数据,9,花园西路,108400646361,3室1厅,96.5,从化,毛坯,80.89平米,63.12㎡,未知
北,太平镇,暂无数据,9,花园西路,108400646370,3室1厅,105,从化,精装,80.89平米,80.89㎡,未知
北,太平镇,暂无数据,9,花园西路,108400646376,3室1厅,120,从化,精装,96.44平米,75.25㎡,未知
北,太平镇,暂无数据,9,花园西路,108400646414,3室1厅,119.6,从化,毛坯,96.44平米,暂无数据,未知
北,太平镇,无,25,云星钱隆天誉,108400648464,3室2厅,139.5,从化,毛坯,92.96平米,72.39㎡,2016
西,太平镇,无,25,云星钱隆天誉,108400648475,2室1厅,113,从化,毛坯,69.51平米,54.11㎡,未知
南,江埔街,有,16,君源御湖城,108400650232,2室2厅,106,从化,其他,79.96平米,66.2㎡,2011
南,鳌头镇,暂无数据,9,翡翠城,108400652503,2室1厅,70,从化,其他,88平米,69.25㎡,未知
北,温泉镇,有,18,富力泉天下,108400659868,2室2厅,100,从化,精装,84.1平米,69.52㎡,2014
东北,神岗镇,有,28,珠江壹城,108400660811,3室2厅,168,从化,其他,112平米,暂无数据,未知
南,太平镇,有,18,荔林春晓,108400662864,3室2厅,145,从化,毛坯,94.33平米,76.02㎡,2016
南 北,江埔街,有,26,景业荔都,108400665030,2室2厅,93,从化,其他,87.02平米,暂无数据,未知
南,太平镇,无,6,紫泉翠荔嘉园,108400665808,2室2厅,110,从化,简装,67.33平米,57.82㎡,未知
南,神岗镇,有,7,荔山雅筑,108400666503,3室2厅,190,从化,毛坯,133.8平米,暂无数据,未知
西南,江埔街,有,24,逸泉映翠,108400668741,3室2厅,125,从化,毛坯,95.76平米,暂无数据,2014
西南,神岗镇,有,28,珠江壹城,108400668752,3室2厅,170,从化,其他,104平米,暂无数据,未知
东南 南,温泉镇,有,18,富力泉天下,108400178454,3室1厅,138,从化,精装,100.9平米,83.4㎡,未知
