南 北,金沙洲,有,58,恒大御景湾,108400574403,2室2厅,200,南海,简装,88.68平米,68.39㎡,未知
东北,金沙洲,无,6,万科四季花城芙蓉苑,108400577660,3室2厅,175,南海,精装,87.19平米,80㎡,2005
东南,金沙洲,有,31,恒大御景半岛,108400608635,3室2厅,230,南海,精装,97平米,暂无数据,未知
东南,金沙洲,有,6,万科四季花城丹桂苑,108400121266,3室2厅,180,南海,精装,90.56平米,暂无数据,2008
东南,金沙洲,有,18,万科四季花城云山美筑,108400121390,3室2厅,230,南海,精装,110.66平米,90.48㎡,2002
西南,金沙洲,有,32,金名都,108400121584,3室2厅,225,南海,精装,92平米,暂无数据,2017
北,金沙洲,有,18,时代糖果三期,108400606473,3室2厅,190,南海,精装,88.37平米,71.74㎡,未知
东南,金沙洲,有,32,恒大御景湾,108400628473,2室2厅,216,南海,精装,89.94平米,69.24㎡,未知
北,金沙洲,有,9,白天鹅花园,108300002449,2室1厅,110,南海,精装,68平米,暂无数据,2006
东北,金沙洲,有,18,时代糖果二期,108400595351,2室2厅,150,南海,简装,75.35平米,61.57㎡,未知
东,金沙洲,有,33,中海金沙湾B区,108400515388,4室2厅,450,南海,精装,153.08平米,124.71㎡,2010
西南,金沙洲,有,33,中海金沙湾A区,108400520775,4室2厅,420,南海,精装,152平米,暂无数据,未知
南,金沙洲,有,33,中海金沙湾C区,108400529331,4室2厅,588,南海,精装,187.85平米,161.12㎡,未知
东南,金沙洲,有,21,万科四季花城灏山美筑,108400121327,3室2厅,212,南海,精装,101.97平米,80㎡,未知
西南,金沙洲,无,6,万科四季花城丹桂苑,108400526597,3室2厅,230,南海,精装,107.09平米,暂无数据,未知
南,金沙洲,暂无数据,6,万科四季花城丹桂苑,108400606955,3室2厅,240,南海,简装,107.09平米,96.24㎡,未知
南,金沙洲,有,17,时代糖果二期,108400612549,2室1厅,110,南海,精装,57平米,44.5㎡,未知
东北,金沙洲,有,33,中海金沙湾A区,108400617103,3室2厅,270,南海,其他,102.33平米,暂无数据,未知
北,金沙洲,有,45,金名都,108400630786,2室1厅,185,南海,精装,80平米,暂无数据,2017
东 西,金沙洲,有,31,恒大御景半岛,108400577311,4室2厅,360,南海,精装,159.22平米,128.44㎡,未知
东,金沙洲,有,31,恒大御景半岛,108400452192,3室2厅,325,南海,精装,140平米,111.81㎡,2009
东,金沙洲,有,32,金名都,108400586710,2室2厅,210,南海,精装,80.36平米,61.28㎡,2017
西南,金沙洲,有,18,时代糖果二期,108400120269,3室2厅,198,南海,精装,87.65平米,69.66㎡,未知
东,金沙洲,有,31,恒大御景半岛,108400196625,4室2厅,416,南海,精装,158.57平米,127.7㎡,2007
西南,金沙洲,有,33,中海金沙湾A区,108400426686,4室2厅,395,南海,精装,140.24平米,119.18㎡,未知
东南,金沙洲,有,31,恒大御景半岛,108400612431,3室1厅,305,南海,精装,127.79平米,100.42㎡,未知
南 北,金沙洲,有,11,金名都,108400400717,3室1厅,195,南海,精装,79.57平米,暂无数据,2013
东北,金沙洲,无,11,万科四季花城影湖居,108400120908,3室2厅,450,南海,简装,144.75平米,122.05㎡,2002
东,金沙洲,有,18,万科四季花城云山美筑,108400121378,3室2厅,280,南海,简装,123.83平米,101.23㎡,2002
东 西,金沙洲,有,33,中海金沙湾C区,108400130472,5室2厅,635,南海,精装,209.97平米,166.78㎡,2013
东 东南,金沙洲,有,31,恒大御景半岛,108400274598,3室2厅,330,南海,精装,125.9平米,100.39㎡,2010
南 北,金沙洲,有,15,时代糖果一期,108400315898,4室2厅,208,南海,精装,94.23平米,75.73㎡,未知
南 东北,金沙洲,有,16,万科四季花城俪姗美筑,108400330725,2室2厅,150,南海,精装,69平米,49.5㎡,未知
东,金沙洲,有,31,恒大御景半岛,108400332712,3室2厅,400,南海,精装,140平米,暂无数据,未知
东,金沙洲,有,31,恒大御景半岛,108400366545,3室2厅,300,南海,精装,96.43平米,77.66㎡,2007
南 北,金沙洲,无,8,沙面新城,108400395373,3室2厅,170,南海,简装,106平米,暂无数据,2003
西南 西北,金沙洲,有,23,万科四季花城俪姗美筑,108400413879,2室2厅,160,南海,精装,65.22平米,51.58㎡,2008
南,金沙洲,有,14,时代糖果一期,108400462256,3室2厅,140,南海,精装,79平米,63.91㎡,未知
西南,金沙洲,有,17,时代糖果二期,108400481238,3室2厅,225,南海,精装,112.7平米,91.02㎡,未知
东南,金沙洲,有,31,恒大御景半岛,108400520741,3室2厅,338,南海,精装,140平米,111.81㎡,未知
南,金沙洲,有,18,时代糖果一期,108400558783,3室2厅,260,南海,精装,128.67平米,107.3㎡,未知
西南,金沙洲,有,17,时代糖果二期,108400567840,3室2厅,180,南海,精装,87.98平米,69.66㎡,未知
南 北,金沙洲,无,6,万科四季花城铃兰苑,108400606163,3室2厅,208,南海,简装,93.7平米,84.38㎡,未知
南 北,金沙洲,有,17,时代糖果二期,108400606552,3室2厅,198,南海,其他,87平米,69.66㎡,未知
东北,金沙洲,有,31,恒大御景半岛,108400316093,4室2厅,380,南海,精装,158.46平米,127.3㎡,未知
东北,金沙洲,有,31,恒大御景半岛,108400316101,4室2厅,380,南海,精装,159.04平米,127.77㎡,未知
东,金沙洲,有,31,恒大御景半岛,108400570177,4室2厅,490,南海,精装,271.62平米,231.45㎡,未知
南 北,金沙洲,有,33,中海金沙湾B区,108400589803,4室2厅,420,南海,精装,150.16平米,123.13㎡,2005
东,金沙洲,有,31,恒大御景半岛,108400514676,4室2厅,660,南海,精装,275平米,231.45㎡,2010
南,金沙洲,有,31,恒大御景半岛,108400191345,3室2厅,338,南海,精装,142.36平米,111.48㎡,未知
东南,金沙洲,无,5,万科四季花城金桂苑,108400574932,3室2厅,238,南海,简装,108平米,96㎡,2002
东南,金沙洲,有,26,金名都,108400582975,3室1厅,280,南海,精装,92.78平米,69.73㎡,2015
东北,金沙洲,有,14,时代糖果一期,108400584962,2室2厅,148,南海,精装,78.16平米,63.91㎡,未知
东南,金沙洲,无,3,万科四季花城雨竹轩,108400594341,4室2厅,480,南海,精装,135.04平米,暂无数据,未知
南,金沙洲,有,33,中海金沙湾B区,108400597430,3室2厅,440,南海,精装,148平米,126.63㎡,未知
南 西南,金沙洲,有,48,中海金沙里,108400598609,3室2厅,295,南海,精装,106.31平米,85.99㎡,未知
南 北,金沙洲,有,45,金名都,108400602539,2室2厅,230,南海,精装,80平米,暂无数据,未知
南,金沙洲,有,31,恒大御景半岛,108400117075,5室2厅,530,南海,精装,273.27平米,231.45㎡,2015
东,金沙洲,有,31,恒大御景半岛,108400117194,4室2厅,505,南海,精装,202平米,暂无数据,未知
东南,金沙洲,有,18,时代糖果一期,108400147116,3室2厅,300,南海,其他,128.67平米,107.3㎡,未知
东南,金沙洲,有,21,万科四季花城灏山美筑,108400184905,3室2厅,250,南海,简装,115平米,91.4㎡,未知
东南,金沙洲,有,31,恒大御景半岛,108400284447,4室2厅,500,南海,精装,201平米,暂无数据,未知
东南,金沙洲,有,33,中海金沙湾C区,108400397768,5室2厅,650,南海,精装,208平米,170.1㎡,未知
南 北,金沙洲,无,6,万科四季花城荷花苑,108400471195,4室3厅,230,南海,精装,77.1平米,70㎡,2002
东南,金沙洲,有,12,万科四季花城伴山美筑,108400473412,4室2厅,420,南海,精装,121.89平米,103.65㎡,未知
北,金沙洲,有,18,时代糖果三期,108400502708,4室2厅,225,南海,精装,114.79平米,93.23㎡,未知
北,金沙洲,有,11,万科四季花城影湖居,108400554695,4室2厅,400,南海,精装,144平米,121.1㎡,未知
东,金沙洲,有,34,恒大御景湾,108400231103,2室1厅,240,南海,精装,92.52平米,72.56㎡,未知
东南,金沙洲,有,33,时代水岸,108400295305,3室2厅,252,南海,精装,92.97平米,75.29㎡,2017
西北,金沙洲,有,32,金名都,108400347726,3室1厅,240,南海,精装,93平米,69.51㎡,2017
东南,金沙洲,有,33,中海金沙湾A区,108400512270,3室2厅,385,南海,其他,122.9平米,104.49㎡,未知
东南,金沙洲,有,45,金名都,108400519623,3室2厅,260,南海,精装,91平米,暂无数据,2017
东南,金沙洲,有,5,万科四季花城紫荆苑,108400332368,2室2厅,145,南海,精装,74.51平米,66.61㎡,2002
南,金沙洲,有,48,中海金沙里,108400105749,3室2厅,290,南海,精装,106.2平米,86.03㎡,2015
西南,金沙洲,有,48,中海金沙里,108400129945,3室2厅,210,南海,精装,88.82平米,71.84㎡,未知
东南,金沙洲,无,21,万科四季花城灏山美筑,108400309359,3室2厅,240,南海,精装,115.2平米,91.4㎡,未知
西北,金沙洲,有,45,金名都,108400424659,3室1厅,298,南海,精装,117.02平米,91.3㎡,2017
东北,金沙洲,有,33,中海金沙湾A区,108400462105,2室2厅,200,南海,其他,82.55平米,69.72㎡,2005
西北,金沙洲,有,33,中海金沙湾B区,108400480237,3室2厅,320,南海,其他,112.85平米,94.89㎡,未知
西北,金沙洲,无,6,万科四季花城百合苑,108400480322,2室2厅,170,南海,精装,77平米,69.05㎡,2003
东北,金沙洲,有,33,中海金沙湾B区,108400509834,2室2厅,240,南海,精装,85.63平米,暂无数据,2000
南,金沙洲,有,18,时代糖果三期,108400555029,3室2厅,156,南海,精装,76.91平米,61.57㎡,未知
南,金沙洲,有,45,金名都,108400607389,3室2厅,280,南海,精装,91.57平米,暂无数据,2015
东南,金沙洲,有,31,恒大御景半岛,108400608657,3室2厅,330,南海,精装,140平米,暂无数据,未知
东,金沙洲,有,31,恒大御景半岛,108400610543,3室2厅,380,南海,精装,140平米,暂无数据,未知
东南,金沙洲,有,25,白天鹅花园,108400624153,4室2厅,355,南海,精装,169平米,暂无数据,2006
东北,金沙洲,有,34,时代水岸,108400631290,3室2厅,195,南海,精装,82平米,暂无数据,2016
东北,金沙洲,无,3,万科四季花城涛竹轩,108400120311,3室2厅,360,南海,精装,122.6平米,暂无数据,2003
东南,金沙洲,有,33,中海金沙湾C区,108400602197,4室2厅,560,南海,其他,197平米,暂无数据,未知
南,金沙洲,有,17,时代糖果二期,108400448717,4室1厅,225,南海,其他,111.39平米,91.02㎡,未知
西南,金沙洲,有,32,恒大御景湾,108400206934,2室1厅,215,南海,精装,89.99平米,69.28㎡,未知
北,金沙洲,有,11,金名都,108400268636,2室1厅,198,南海,精装,73.79平米,62.4㎡,2013
东北,金沙洲,有,31,恒大御景半岛,108400604980,3室2厅,320,南海,精装,142平米,暂无数据,未知
北,金沙洲,有,17,岐海苑,108400353824,2室2厅,128,南海,精装,80.09平米,暂无数据,未知
东南,金沙洲,无,8,白天鹅花园,108400420853,2室2厅,111,南海,简装,76平米,暂无数据,2006
南,金沙洲,有,31,恒大御景半岛,108400198630,4室2厅,570,南海,其他,191.79平米,暂无数据,2008
西南,金沙洲,无,6,万科四季花城碧榕苑,108400289212,3室2厅,195,南海,精装,89平米,80㎡,2002
西北,金沙洲,无,6,万科四季花城百合苑,108400317217,2室2厅,160,南海,简装,70.33平米,62.26㎡,未知
东 东南 东北,金沙洲,无,3,万科四季花城富竹轩,108400435349,3室2厅,350,南海,精装,118.72平米,109.19㎡,未知
西南,金沙洲,有,16,万科四季花城俪姗美筑,108400447207,2室1厅,140,南海,精装,69平米,60㎡,未知
东,金沙洲,有,26,金名都,108400201493,3室2厅,225,南海,精装,86.82平米,63.41㎡,2015
东北,金沙洲,有,17,时代糖果二期,108400264418,3室2厅,180,南海,精装,76.23平米,61.57㎡,未知
东北,金沙洲,有,31,恒大御景半岛,108400384669,3室2厅,240,南海,精装,97平米,77.49㎡,2008
东南,金沙洲,有,31,恒大御景半岛,108400414620,4室2厅,390,南海,精装,158.57平米,127.7㎡,2007
东南,金沙洲,有,16,万科四季花城悦山美筑,108400120978,3室2厅,235,南海,精装,109.45平米,暂无数据,2002
东,金沙洲,有,18,万科四季花城云山美筑,108400121393,3室2厅,270,南海,精装,123.86平米,101.23㎡,2007
西南,金沙洲,无,5,万科四季花城翠竹轩,108400333187,4室2厅,320,南海,精装,126.78平米,115.65㎡,2002
东南,金沙洲,有,16,万科四季花城俪姗美筑,108400439754,2室2厅,130,南海,精装,69.96平米,50.19㎡,未知
东,金沙洲,有,33,中海金沙湾B区,108400525181,2室2厅,220,南海,精装,82.99平米,69.78㎡,未知
西北,金沙洲,有,26,金名都,108400111634,3室2厅,250,南海,精装,92.15平米,68.52㎡,2015
北,金沙洲,有,18,时代糖果三期,108400120283,2室2厅,150,南海,精装,75平米,61.57㎡,未知
西南,金沙洲,有,33,中海金沙湾B区,108400121501,3室2厅,350,南海,精装,132平米,107.73㎡,2009
南 北,金沙洲,有,33,中海金沙湾B区,108400129352,3室2厅,310,南海,精装,125.19平米,101.99㎡,2011
东南,金沙洲,有,33,恒大御景湾,108400144207,3室2厅,260,南海,精装,89.38平米,70.16㎡,未知
东南,金沙洲,有,32,恒大御景湾,108400157671,2室2厅,190,南海,精装,90.03平米,69.31㎡,未知
西南,金沙洲,有,6,万科四季花城牡丹苑,108400191826,3室2厅,210,南海,精装,105.63平米,105.63㎡,2012
东北,金沙洲,有,33,中海金沙湾A区,108400312221,3室2厅,260,南海,精装,99.98平米,83.82㎡,2005
南,金沙洲,有,6,万科四季花城玉兰苑,108400319741,5室2厅,338,南海,精装,110平米,98㎡,2011
南 北,金沙洲,有,33,中海金沙湾B区,108400340134,3室2厅,290,南海,精装,117.3平米,99.07㎡,未知
东南,金沙洲,有,16,万科四季花城悦山美筑,108400351321,3室2厅,220,南海,精装,109.45平米,87㎡,未知
北,金沙洲,有,33,中海金沙湾A区,108400358706,3室2厅,330,南海,简装,130.64平米,110.44㎡,2008
东,金沙洲,有,33,中海金沙湾C区,108400367454,4室2厅,580,南海,精装,186.89平米,160.8㎡,未知
北,金沙洲,有,35,时代水岸,108400377502,3室2厅,190,南海,精装,81.78平米,64㎡,2016
北,金沙洲,有,11,万科四季花城影湖居,108400379843,3室2厅,410,南海,简装,144.75平米,122.05㎡,未知
西南,金沙洲,有,19,时代糖果一期,108400383361,3室2厅,190,南海,精装,94.16平米,73.53㎡,未知
东南,金沙洲,无,3,万科四季花城紫竹轩,108400385220,3室2厅,380,南海,精装,118平米,暂无数据,2002
东南,金沙洲,无,6,万科四季花城丹枫苑,108400392246,3室2厅,195,南海,精装,87.55平米,77.44㎡,未知
南,金沙洲,有,32,恒大御景湾,108400392709,2室2厅,225,南海,精装,90.22平米,暂无数据,未知
东,金沙洲,有,31,敏捷花城里,108400400202,3室2厅,226,南海,精装,103平米,83.32㎡,未知
东南,金沙洲,无,21,万科四季花城灏山美筑,108400402673,3室2厅,240,南海,精装,100.77平米,暂无数据,2003
南,金沙洲,有,33,中海金沙湾A区,108400406366,3室2厅,339,南海,其他,117平米,99.45㎡,2008
北,金沙洲,无,8,沙面新城,108400410668,3室2厅,170,南海,简装,121.65平米,101.23㎡,2003
东南,金沙洲,无,11,万科四季花城影湖居,108400411556,3室2厅,450,南海,精装,144.75平米,122.05㎡,未知
东南,金沙洲,无,3,万科四季花城紫竹轩,108400418982,4室2厅,580,南海,精装,198.4平米,182.42㎡,未知
南 北,金沙洲,有,25,白天鹅花园,108400420311,4室2厅,380,南海,精装,168.86平米,137.43㎡,2006
南 北,金沙洲,有,33,中海金沙湾B区,108400425375,3室2厅,375,南海,精装,125平米,101.99㎡,2010
西南,金沙洲,有,6,万科四季花城蔷薇苑,108400428602,3室2厅,238,南海,精装,114平米,96㎡,2012
西北,金沙洲,有,6,万科四季花城海棠苑,108400434750,3室2厅,210,南海,精装,89.67平米,76.85㎡,2004
东北,金沙洲,无,3,万科四季花城富竹轩,108400436056,3室2厅,350,南海,精装,118.72平米,109.19㎡,2003
南,金沙洲,有,17,时代糖果二期,108400438001,3室2厅,194,南海,精装,87.86平米,69.66㎡,未知
东南,金沙洲,有,31,恒大御景半岛,108400438752,3室2厅,368,南海,精装,127平米,暂无数据,未知
东南,金沙洲,有,33,中海金沙湾B区,108400463151,3室2厅,310,南海,精装,116.61平米,98.49㎡,未知
西北,金沙洲,无,6,万科四季花城丹枫苑,108400476618,3室2厅,210,南海,毛坯,110.81平米,100㎡,未知
西北,金沙洲,无,6,万科四季花城碧榕苑,108400478707,2室2厅,163,南海,精装,73.63平米,65.1㎡,2002
西南,金沙洲,有,16,万科四季花城俪姗美筑,108400494349,2室2厅,140,南海,精装,69平米,56㎡,未知
西南,金沙洲,有,32,恒大御景湾,108400501063,2室2厅,230,南海,精装,89.99平米,暂无数据,未知
东北,金沙洲,有,31,恒大御景半岛,108400501196,3室2厅,250,南海,精装,96.43平米,77.66㎡,2007
东南,金沙洲,有,33,中海金沙湾B区,108400506212,3室2厅,370,南海,精装,132平米,113.93㎡,未知
南 北,金沙洲,无,6,万科四季花城碧榕苑,108400509045,3室1厅,192,南海,精装,88.58平米,78.4㎡,未知
西北,金沙洲,有,18,时代糖果三期,108400524074,3室2厅,195,南海,精装,90.2平米,71.74㎡,未知
东南,金沙洲,有,33,中海金沙湾C区,108400524827,3室2厅,452,南海,精装,150.5平米,129.75㎡,未知
东南,金沙洲,有,33,中海金沙湾C区,108400524829,3室2厅,452,南海,精装,150.8平米,129.75㎡,未知
南,金沙洲,有,45,金名都,108400527427,3室2厅,268,南海,精装,88.96平米,68.84㎡,2015
西南,金沙洲,有,48,中海金沙里,108400551736,3室2厅,235,南海,精装,87.85平米,70.7㎡,未知
南,金沙洲,有,18,时代糖果三期,108400555483,2室2厅,135,南海,精装,76.91平米,暂无数据,未知
南 北,金沙洲,有,33,中海金沙湾B区,108400556691,3室2厅,300,南海,其他,124平米,101.99㎡,2010
南,金沙洲,有,45,金名都,108400556907,3室2厅,235,南海,精装,90.6平米,70.69㎡,未知
东南 西北,金沙洲,无,6,万科四季花城百合苑,108400559582,2室2厅,180,南海,精装,79.71平米,70.31㎡,2002
西南,金沙洲,有,45,金名都,108400572229,2室2厅,198,南海,精装,80平米,61.82㎡,2017
东北,金沙洲,有,33,中海金沙湾A区,108400580900,2室2厅,190,南海,精装,82.59平米,70.13㎡,2007
北,金沙洲,有,34,时代水岸,108400606545,3室2厅,236,南海,简装,83平米,暂无数据,2016
东,金沙洲,有,31,恒大御景半岛,108400608660,3室2厅,240,南海,精装,97平米,暂无数据,未知
东,金沙洲,有,31,恒大御景半岛,108400608662,3室2厅,285,南海,精装,126平米,暂无数据,未知
东南,金沙洲,有,31,恒大御景半岛,108400610694,3室2厅,380,南海,精装,140平米,暂无数据,未知
南,金沙洲,有,31,恒大御景半岛,108400613219,4室2厅,380,南海,精装,167平米,暂无数据,未知
东北,金沙洲,有,17,时代糖果二期,108400613502,4室1厅,250,南海,精装,117平米,暂无数据,未知
东南,金沙洲,有,26,金名都,108400615938,3室2厅,265,南海,精装,93.39平米,暂无数据,2017
东,金沙洲,有,58,恒大御景湾,108400618147,3室2厅,270,南海,精装,91.8平米,暂无数据,未知
南 北,金沙洲,有,27,白天鹅花园,108400621557,3室2厅,252,南海,精装,131平米,暂无数据,2006
东北,金沙洲,有,31,恒大御景半岛,108400621927,3室2厅,330,南海,精装,126平米,暂无数据,未知
南 东南,金沙洲,有,34,时代水岸,108400622045,3室2厅,255,南海,精装,93平米,暂无数据,2016
东南,金沙洲,有,33,中海金沙湾B区,108400366738,3室2厅,375,南海,精装,131.25平米,107.68㎡,2000
西南,金沙洲,有,33,中海金沙湾B区,108400375758,3室2厅,275,南海,精装,99.79平米,80㎡,未知
南 北,金沙洲,有,33,中海金沙湾A区,108400407480,3室2厅,303,南海,精装,121平米,99.24㎡,未知
南 北,金沙洲,有,33,中海金沙湾C区,108400496904,3室2厅,400,南海,精装,153平米,暂无数据,未知
西南,金沙洲,有,33,中海金沙湾C区,108400535180,4室2厅,450,南海,精装,157.92平米,134.72㎡,未知
东南,金沙洲,无,6,万科四季花城茉莉苑,108400487886,2室3厅,170,南海,精装,74.09平米,暂无数据,未知
南,金沙洲,有,33,中海金沙湾C区,108200007852,4室2厅,480,南海,简装,187平米,暂无数据,2010
西北,金沙洲,有,33,中海金沙湾A区,108400121928,2室2厅,200,南海,精装,86平米,暂无数据,未知
北,金沙洲,有,8,新荔湾花园,108400561100,2室1厅,100,南海,精装,68平米,暂无数据,未知
东,金沙洲,有,31,恒大御景半岛,108400420199,4室2厅,450,南海,精装,179平米,暂无数据,未知
南,金沙洲,有,18,时代糖果三期,108400590758,4室2厅,240,南海,精装,117平米,暂无数据,未知
东,金沙洲,有,31,恒大御景半岛,108400591259,4室2厅,340,南海,精装,140平米,暂无数据,未知
东 南,金沙洲,有,58,恒大御景湾,108400592232,2室1厅,230,南海,精装,90平米,暂无数据,未知
东 北,金沙洲,有,58,恒大御景湾,108400592462,2室2厅,230,南海,精装,90平米,暂无数据,未知
东北,金沙洲,有,17,时代糖果二期,108400597422,2室1厅,160,南海,精装,77平米,暂无数据,未知
东北,金沙洲,有,48,中海金沙里,108400605309,4室2厅,400,南海,精装,132平米,暂无数据,未知
南,金沙洲,有,18,时代糖果三期,108400158022,3室1厅,160,南海,精装,76.91平米,61.57㎡,未知
东南,金沙洲,有,45,金名都,108400376597,3室2厅,260,南海,精装,90.7平米,暂无数据,2017
南,金沙洲,无,7,沙面新城,108400503143,2室1厅,120,南海,简装,75.35平米,67.44㎡,2016
南,金沙洲,有,45,金名都,108400049227,4室2厅,450,南海,精装,172.06平米,123.75㎡,2013
东南,金沙洲,有,31,恒大御景半岛,108400117196,6室2厅,1690,南海,精装,445平米,暂无数据,未知
东南,金沙洲,有,31,恒大御景半岛,108400120136,3室2厅,320,南海,精装,138.5平米,111.52㎡,2010
东北,金沙洲,无,6,万科四季花城茉莉苑,108400120433,3室2厅,200,南海,精装,91.47平米,78㎡,2003
东南,金沙洲,无,21,万科四季花城灏山美筑,108400121354,3室2厅,260,南海,精装,116.91平米,92.76㎡,2005
西南,金沙洲,有,18,时代糖果三期,108400201569,2室1厅,150,南海,精装,77平米,61.57㎡,未知
东南,金沙洲,有,33,中海金沙湾B区,108400347753,4室2厅,435,南海,精装,153.76平米,126.94㎡,2011
东,金沙洲,有,31,恒大御景半岛,108400386417,4室2厅,460,南海,精装,177平米,暂无数据,未知
东,金沙洲,有,31,恒大御景半岛,108400405616,4室2厅,550,南海,简装,202平米,暂无数据,未知
东,金沙洲,有,31,恒大御景半岛,108400424403,4室2厅,400,南海,精装,160平米,暂无数据,未知
东,金沙洲,有,33,中海金沙湾C区,108400430326,5室2厅,639,南海,精装,210平米,166.78㎡,未知
东,金沙洲,有,31,恒大御景半岛,108400435132,5室2厅,650,南海,精装,275平米,暂无数据,未知
东南 南,金沙洲,有,31,恒大御景半岛,108400441418,4室2厅,550,南海,精装,202平米,暂无数据,未知
南,金沙洲,有,31,恒大御景半岛,108400486705,4室2厅,600,南海,精装,208平米,暂无数据,未知
东南,金沙洲,有,33,中海金沙湾A区,108400502489,4室2厅,410,南海,精装,144平米,121.87㎡,未知
南,金沙洲,有,34,时代水岸,108400122354,4室2厅,275,南海,精装,113平米,暂无数据,2016
东北,金沙洲,有,14,时代糖果一期,108400006160,2室1厅,130,南海,其他,56.99平米,44.24㎡,2008
东南,金沙洲,无,6,万科四季花城百合苑,108400120391,2室2厅,145,南海,精装,70平米,暂无数据,2013
西南 东北,金沙洲,有,6,万科四季花城茉莉苑,108400120431,3室2厅,265,南海,精装,89.41平米,78.1㎡,2008
南,金沙洲,有,23,万科四季花城俪姗美筑,108400149312,2室2厅,150,南海,精装,71.19平米,56.3㎡,2008
东南,金沙洲,有,31,敏捷花城里,108400267891,2室1厅,135,南海,精装,72.77平米,60㎡,未知
南 北,金沙洲,有,31,敏捷花城里,108400304318,2室1厅,155,南海,毛坯,84平米,68.02㎡,未知
北,金沙洲,有,17,岐海苑,108400353811,2室2厅,130,南海,精装,83.56平米,暂无数据,未知
东南,金沙洲,有,16,万科四季花城俪姗美筑,108400420062,2室2厅,150,南海,精装,69平米,暂无数据,未知
东北,金沙洲,有,8,白天鹅花园,108400520085,2室1厅,85,南海,简装,56.68平米,44.03㎡,2006
南,金沙洲,有,18,时代糖果二期,108400547673,3室1厅,205,南海,精装,87.68平米,69.66㎡,未知
东南,金沙洲,有,23,万科四季花城俪姗美筑,108400557563,2室2厅,150,南海,精装,68平米,55㎡,2008
南 北,金沙洲,有,31,恒大御景半岛,108400469707,4室2厅,950,南海,精装,308.91平米,257.04㎡,未知
南 北,金沙洲,有,33,中海金沙湾B区,108400499147,3室2厅,310,南海,简装,123.97平米,101.99㎡,2010
东,金沙洲,无,5,万科四季花城铃兰苑,108400120400,3室2厅,280,南海,简装,120平米,暂无数据,未知
南,金沙洲,有,58,恒大御景湾,108400120782,2室2厅,230,南海,其他,91平米,暂无数据,未知
东南,金沙洲,有,33,中海金沙湾C区,108400122065,3室2厅,420,南海,精装,153平米,暂无数据,2010
东南,金沙洲,有,33,中海金沙湾B区,108400122364,3室2厅,398,南海,精装,127平米,暂无数据,未知
南,金沙洲,有,31,恒大御景半岛,108400216667,4室2厅,1450,南海,毛坯,444平米,暂无数据,未知
东南,金沙洲,有,23,万科四季花城灏山美筑,108400309341,3室2厅,255,南海,精装,113.09平米,91.83㎡,未知
西南,金沙洲,有,31,恒大御景半岛,108400312326,3室2厅,320,南海,精装,127平米,暂无数据,未知
南,金沙洲,有,35,时代水岸,108400375687,4室2厅,260,南海,精装,113平米,暂无数据,2016
东北,金沙洲,有,33,中海金沙湾B区,108400429793,3室2厅,258,南海,精装,104平米,86.36㎡,2005
东北,金沙洲,有,26,金名都,108400479094,3室2厅,238,南海,简装,91.8平米,68.53㎡,2017
东,金沙洲,有,16,万科四季花城俪姗美筑,108400492210,2室2厅,150,南海,其他,69平米,49.5㎡,未知
西南,金沙洲,有,48,中海金沙里,108400509682,3室2厅,280,南海,精装,107平米,暂无数据,未知
东南,金沙洲,有,9,万科四季花城提香公寓,108400510225,2室1厅,150,南海,简装,83平米,60㎡,未知
东北,金沙洲,有,48,中海金沙里,108400528508,3室2厅,310,南海,精装,107平米,暂无数据,未知
东南,金沙洲,有,16,万科四季花城俪姗美筑,108400539284,2室1厅,150,南海,其他,69平米,暂无数据,未知
西 西北,金沙洲,有,48,中海金沙里,108400559728,3室2厅,230,南海,精装,89平米,暂无数据,未知
东北,金沙洲,有,33,中海金沙湾A区,108400258528,2室2厅,200,南海,精装,83平米,69.72㎡,2005
南,金沙洲,有,27,永润广场,108400376575,2室1厅,90,南海,精装,75.8平米,暂无数据,未知
南 北,金沙洲,有,8,白天鹅花园,108400478881,2室1厅,120,南海,简装,72.58平米,暂无数据,2006
北,金沙洲,有,18,时代糖果三期,108400635547,3室1厅,140,南海,简装,74.94平米,61.57㎡,未知
南 北,金沙洲,有,18,时代糖果三期,108400520100,3室2厅,140,南海,简装,75平米,61.3㎡,未知
东北,金沙洲,有,30,时代水岸,108400544908,3室2厅,210,南海,精装,85.71平米,暂无数据,2016
北,金沙洲,有,14,沙面新城,108300009073,3室2厅,220,南海,简装,112平米,暂无数据,2003
东,金沙洲,有,26,金名都,108400119985,2室2厅,190,南海,精装,79平米,暂无数据,2015
西北,金沙洲,有,34,时代水岸,108400121993,3室2厅,180,南海,精装,83平米,暂无数据,2016
西北,金沙洲,有,18,时代糖果三期,108400578960,3室2厅,175,南海,精装,88平米,暂无数据,未知
南 北,金沙洲,有,8,沙面新城,108400592339,2室1厅,120,南海,简装,79.6平米,暂无数据,2003
南,金沙洲,有,6,万科四季花城米兰苑,108400120326,3室2厅,250,南海,精装,97平米,暂无数据,2003
南,金沙洲,有,31,沙面新城,108400236484,4室2厅,498,南海,精装,178平米,暂无数据,2003
西南,金沙洲,有,32,恒大御景湾,108400571092,2室2厅,220,南海,精装,90平米,暂无数据,未知
东南,金沙洲,有,16,万科四季花城俪姗美筑,108400121032,2室2厅,170,南海,精装,70.49平米,50.57㎡,未知
东南,金沙洲,无,6,万科四季花城米兰苑,108400121398,2室2厅,146,南海,精装,71.75平米,暂无数据,2010
东北,金沙洲,有,33,中海金沙湾B区,108400177230,3室2厅,320,南海,简装,105.22平米,86.87㎡,2011
西南,金沙洲,有,32,金名都,108400178447,2室2厅,220,南海,精装,80平米,暂无数据,2017
西南,金沙洲,有,17,万科四季花城尚山美筑,108400215155,3室2厅,260,南海,精装,123.87平米,102.2㎡,未知
西北,金沙洲,有,9,万科四季花城蔷薇苑,108400253318,3室2厅,210,南海,精装,93.01平米,暂无数据,未知
东北,金沙洲,有,16,万科四季花城俪姗美筑,108400291925,2室2厅,135,南海,精装,69平米,49.5㎡,未知
东南,金沙洲,有,34,敏捷花城里,108400292000,2室2厅,175,南海,精装,84平米,75㎡,未知
南,金沙洲,无,8,沙面新城,108400393168,3室2厅,150,南海,精装,98.23平米,87.03㎡,2003
东南,金沙洲,有,9,万科四季花城提香公寓,108400420068,1室1厅,100,南海,精装,41平米,暂无数据,未知
东南,金沙洲,有,31,恒大御景半岛,108400424634,3室2厅,280,南海,精装,127.99平米,100.42㎡,未知
东北,金沙洲,有,45,金名都,108400554688,2室1厅,200,南海,精装,80.03平米,暂无数据,2017
东南,金沙洲,有,31,恒大御景半岛,108400120703,4室2厅,460,南海,精装,178平米,暂无数据,2009
南,金沙洲,有,18,时代糖果三期,108400291538,4室1厅,220,南海,简装,117平米,暂无数据,未知
东,金沙洲,有,31,恒大御景半岛,108400399240,4室2厅,470,南海,精装,202平米,暂无数据,未知
西北,金沙洲,有,58,恒大御景湾,108400414031,2室2厅,208,南海,精装,90平米,69.24㎡,未知
东南,金沙洲,有,58,恒大御景湾,108400414033,2室2厅,215,南海,精装,90平米,69.79㎡,未知
东南,金沙洲,有,11,金名都,108400424940,3室2厅,260,南海,精装,93平米,暂无数据,2013
北,金沙洲,无,5,沙面新城,108400462813,3室2厅,160,南海,精装,73平米,暂无数据,2003
北,金沙洲,有,15,沙面新城,108400476606,3室2厅,218,南海,简装,115平米,暂无数据,2003
西,金沙洲,有,58,恒大御景湾,108400534775,2室2厅,225,南海,精装,90平米,暂无数据,未知
南,金沙洲,有,18,时代糖果三期,108400545562,4室2厅,235,南海,简装,115平米,暂无数据,未知
西,金沙洲,有,8,新荔湾花园,108400526051,1室1厅,53.8,南海,简装,41.89平米,暂无数据,1998
北,金沙洲,无,7,沙面新城,108400503127,2室1厅,120,南海,简装,71.72平米,67.42㎡,2016
西南,金沙洲,有,45,金名都,108400007457,2室2厅,200,南海,精装,79平米,暂无数据,2017
南 北,金沙洲,有,27,白天鹅花园,108400012885,4室2厅,380,南海,精装,170平米,142.65㎡,2006
东北,金沙洲,有,33,恒大御景湾,108400110372,2室1厅,225,南海,精装,90.95平米,70.79㎡,未知
东,金沙洲,有,49,恒大御景湾,108400116738,2室2厅,235,南海,精装,91平米,暂无数据,未知
东北,金沙洲,有,32,恒大御景湾,108400117146,2室1厅,245,南海,精装,91平米,暂无数据,未知
南,金沙洲,有,18,时代糖果一期,108400119707,3室2厅,240,南海,精装,122平米,暂无数据,未知
东,金沙洲,有,45,金名都,108400119736,3室2厅,240,南海,精装,89平米,暂无数据,2015
西南,金沙洲,有,33,中海金沙湾A区,108400119848,3室2厅,275,南海,精装,100.04平米,暂无数据,未知
东北,金沙洲,有,18,时代糖果三期,108400120254,3室2厅,198,南海,其他,89平米,暂无数据,未知
东,金沙洲,有,16,万科四季花城伴山美筑,108400120367,3室2厅,265,南海,精装,120平米,暂无数据,2003
东南,金沙洲,有,23,万科四季花城俪姗美筑,108400121013,2室2厅,155,南海,精装,71.19平米,56.3㎡,2008
西南,金沙洲,有,4,万科四季花城文竹轩,108400121055,3室2厅,370,南海,精装,138.78平米,100㎡,2008
东南,金沙洲,有,33,中海金沙湾B区,108400121439,3室2厅,365,南海,精装,127.75平米,暂无数据,2011
西南,金沙洲,有,30,时代水岸,108400130319,3室2厅,215,南海,其他,85平米,暂无数据,2016
东南,金沙洲,有,33,中海金沙湾A区,108400145394,3室2厅,330,南海,精装,115.21平米,暂无数据,未知
西南,金沙洲,有,6,万科四季花城海棠苑,108400150859,3室2厅,220,南海,简装,108.14平米,暂无数据,2002
西南,金沙洲,有,18,时代糖果二期,108400182336,3室2厅,245,南海,其他,111.39平米,暂无数据,未知
南,金沙洲,有,14,时代糖果一期,108400188415,4室1厅,320,南海,精装,137平米,暂无数据,未知
东南,金沙洲,有,18,时代糖果三期,108400190607,2室2厅,160,南海,精装,77平米,暂无数据,未知
东南,金沙洲,有,6,万科四季花城海棠苑,108400197647,3室2厅,238,南海,精装,89平米,暂无数据,未知
西北,金沙洲,有,48,中海金沙里,108400204910,3室2厅,220,南海,精装,89平米,暂无数据,未知
西南,金沙洲,有,21,沙面新城,108400247784,3室2厅,255,南海,简装,121.72平米,暂无数据,2003
东,金沙洲,有,3,万科四季花城云竹轩,108400265485,3室2厅,420,南海,精装,121.11平米,110.27㎡,2002
南,金沙洲,有,11,金名都,108400283516,3室2厅,270,南海,精装,93平米,暂无数据,2013
东南,金沙洲,有,33,恒大御景湾,108400303609,2室2厅,235,南海,精装,91平米,暂无数据,未知
东北,金沙洲,有,18,时代糖果二期,108400303644,3室2厅,190,南海,精装,87平米,暂无数据,未知
东南,金沙洲,有,58,恒大御景湾,108400303680,2室2厅,230,南海,精装,92.52平米,71.35㎡,2011
东北,金沙洲,无,5,万科四季花城荷花苑,108400315970,3室2厅,250,南海,精装,92平米,暂无数据,未知
东南,金沙洲,有,33,恒大御景湾,108400342891,2室2厅,205,南海,精装,92.73平米,暂无数据,未知
东南,金沙洲,有,31,恒大御景半岛,108400343870,3室2厅,310,南海,精装,127平米,暂无数据,未知
东南,金沙洲,有,31,恒大御景半岛,108400347428,3室2厅,270,南海,精装,97平米,暂无数据,未知
南,金沙洲,有,30,时代水岸,108400347689,3室2厅,220,南海,精装,84.9平米,暂无数据,2016
东南,金沙洲,有,33,中海金沙湾C区,108400350028,5室2厅,735,南海,精装,210.68平米,暂无数据,未知
东南,金沙洲,有,33,中海金沙湾C区,108400352320,5室2厅,600,南海,精装,198平米,暂无数据,未知
西南,金沙洲,有,33,中海金沙湾B区,108400354506,3室2厅,280,南海,精装,102平米,暂无数据,未知
西南,金沙洲,有,33,中海金沙湾A区,108400385880,3室2厅,280,南海,精装,99.98平米,暂无数据,未知
东北,金沙洲,有,48,中海金沙里,108400402253,3室2厅,260,南海,精装,107平米,暂无数据,未知
西南,金沙洲,有,33,中海金沙湾B区,108400406212,4室2厅,410,南海,精装,152平米,127.68㎡,未知
东南,金沙洲,有,34,时代水岸,108400417239,3室2厅,255,南海,精装,93平米,暂无数据,2016
东南,金沙洲,有,31,敏捷花城里,108400424294,2室1厅,168,南海,精装,84平米,68㎡,未知
东,金沙洲,有,31,恒大御景半岛,108400426214,3室2厅,360,南海,精装,127平米,暂无数据,未知
东南,金沙洲,有,6,万科四季花城海棠苑,108400430173,3室2厅,220,南海,精装,90平米,暂无数据,未知
南,金沙洲,有,33,恒大御景湾,108400436625,2室2厅,250,南海,精装,90平米,暂无数据,未知
东南 西北,金沙洲,有,34,时代水岸,108400444025,4室1厅,270,南海,精装,113平米,暂无数据,2016
东南,金沙洲,无,5,万科四季花城天竹轩,108400455765,3室2厅,410,南海,精装,138平米,125㎡,未知
东南,金沙洲,有,26,金名都,108400469863,3室2厅,260,南海,精装,91平米,暂无数据,2017
东南,金沙洲,有,12,沙面新城,108400474321,3室1厅,230,南海,简装,120.68平米,暂无数据,2003
西南,金沙洲,有,45,金名都,108400495627,2室2厅,200,南海,简装,80平米,暂无数据,未知
东北,金沙洲,有,30,时代水岸,108400501139,3室2厅,200,南海,简装,84平米,暂无数据,2016
西北,金沙洲,有,45,金名都,108400501939,2室1厅,205,南海,精装,80.2平米,61.2㎡,2017
东北,金沙洲,有,18,时代糖果二期,108400513128,3室1厅,148,南海,精装,77平米,暂无数据,未知
东南,金沙洲,有,31,敏捷花城里,108400520825,3室2厅,260,南海,精装,106平米,102㎡,未知
西南,金沙洲,有,33,中海金沙湾B区,108400531796,3室1厅,265,南海,精装,99.94平米,暂无数据,未知
西北,金沙洲,有,33,金名都,108400532853,3室1厅,200,南海,精装,80平米,暂无数据,2013
北,金沙洲,有,34,时代水岸,108400533080,3室2厅,182,南海,精装,83平米,暂无数据,2016
西北,金沙洲,有,33,中海金沙湾A区,108400534358,3室2厅,320,南海,精装,113.15平米,暂无数据,未知
西南,金沙洲,有,34,敏捷花城里,108400536669,2室2厅,168,南海,精装,84平米,68㎡,未知
南 北,金沙洲,有,33,中海金沙湾B区,108400539664,3室2厅,340,南海,精装,123.74平米,暂无数据,未知
西北,金沙洲,有,14,时代糖果一期,108400545812,3室2厅,230,南海,精装,117平米,暂无数据,未知
东南,金沙洲,有,31,恒大御景半岛,108400554702,3室2厅,330,南海,简装,141平米,暂无数据,未知
东南 西北,金沙洲,无,6,万科四季花城百合苑,108400560179,2室2厅,180,南海,精装,79.71平米,暂无数据,未知
南 北,金沙洲,有,6,万科四季花城芙蓉苑,108400561826,3室2厅,246,南海,精装,91.5平米,79.77㎡,未知
南,金沙洲,有,33,中海金沙湾B区,108400563896,3室2厅,320,南海,精装,123.07平米,101.99㎡,未知
东南,金沙洲,有,34,时代水岸,108400567105,4室2厅,280,南海,其他,113平米,暂无数据,2016
东南,金沙洲,有,58,恒大御景湾,108400570766,3室2厅,247,南海,精装,88平米,70.82㎡,未知
南,金沙洲,有,33,中海金沙湾B区,108400119593,3室2厅,480,南海,精装,147.57平米,126.61㎡,未知
东北,金沙洲,有,33,中海金沙湾A区,108400360345,3室2厅,275,南海,简装,102平米,暂无数据,未知
东南,金沙洲,有,33,中海金沙湾A区,108400378301,3室2厅,323,南海,精装,116平米,暂无数据,2008
西南,金沙洲,有,33,中海金沙湾C区,108400385401,3室2厅,428,南海,精装,152.57平米,130.96㎡,未知
西南,金沙洲,有,33,中海金沙湾B区,108400438153,3室2厅,270,南海,其他,100.47平米,84.17㎡,未知
东北,金沙洲,有,33,中海金沙湾A区,108400478574,3室1厅,260,南海,精装,101.58平米,暂无数据,未知
东,金沙洲,有,18,时代糖果三期,108400509879,3室2厅,150,南海,简装,77平米,暂无数据,2010
南 北,金沙洲,有,18,时代糖果二期,108400522771,3室2厅,230,南海,精装,87.59平米,暂无数据,未知
南,金沙洲,有,18,时代糖果三期,108400534057,3室1厅,160,南海,精装,75.85平米,暂无数据,未知
南 东南,金沙洲,有,31,恒大御景半岛,108400536315,5室2厅,660,南海,精装,190.45平米,暂无数据,未知
东南,金沙洲,有,18,万科四季花城云山美筑,108400607382,3室2厅,220,南海,精装,106.41平米,87㎡,未知
南,金沙洲,有,8,白天鹅花园,108400566743,2室1厅,92,南海,精装,73平米,暂无数据,2006
南 北,金沙洲,有,8,白天鹅花园,108400140189,2室2厅,120,南海,简装,71.25平米,暂无数据,2006
西南,金沙洲,有,17,时代糖果二期,108400120002,1室2厅,110,南海,精装,57平米,暂无数据,未知
西北,金沙洲,无,6,万科四季花城百合苑,108400120386,3室2厅,300,南海,其他,98平米,暂无数据,未知
东,金沙洲,有,16,万科四季花城悦山美筑,108400120996,3室2厅,240,南海,精装,112平米,暂无数据,未知
东,金沙洲,有,6,万科四季花城茉莉苑,108400139864,3室2厅,200,南海,精装,90.54平米,暂无数据,未知
西南,金沙洲,有,58,恒大御景湾,108400173570,2室2厅,221,南海,简装,92.5平米,暂无数据,未知
东北,金沙洲,有,17,时代糖果二期,108400187919,2室2厅,185,南海,简装,77平米,暂无数据,未知
东南,金沙洲,有,9,万科四季花城海棠苑,108400309888,3室2厅,330,南海,精装,114平米,暂无数据,未知
东北,金沙洲,有,33,中海金沙湾B区,108400396808,2室2厅,230,南海,精装,86平米,暂无数据,2000
西,金沙洲,有,8,新荔湾花园,108300010176,2室1厅,93,南海,简装,70.1平米,暂无数据,1998
西南,金沙洲,有,48,中海金沙里,108400120659,3室2厅,240,南海,精装,89平米,暂无数据,未知
东南,金沙洲,有,31,恒大御景半岛,108400129127,5室2厅,530,南海,精装,202平米,暂无数据,2012
东南,金沙洲,有,9,万科四季花城提香公寓,108400204913,1室1厅,80,南海,精装,40.36平米,31.19㎡,未知
南 北,金沙洲,无,8,白天鹅花园,108400315157,2室1厅,92,南海,简装,73.9平米,暂无数据,2006
西北,金沙洲,无,6,万科四季花城丁香苑,108400338992,4室2厅,358,南海,精装,110平米,暂无数据,2002
东南,金沙洲,有,45,金名都,108400414817,2室2厅,210,南海,精装,80平米,暂无数据,2017
西北,金沙洲,有,33,中海金沙湾C区,108400427041,3室2厅,380,南海,精装,156.6平米,131.54㎡,未知
东南,金沙洲,有,18,万科四季花城云山美筑,108400466411,4室1厅,240,南海,精装,123.81平米,暂无数据,未知
西南 西北,金沙洲,有,48,中海金沙里,108400477803,3室2厅,255,南海,精装,89平米,暂无数据,未知
南,金沙洲,有,8,新荔湾花园,108400478694,2室2厅,100,南海,精装,70平米,暂无数据,未知
南,金沙洲,有,12,沙面新城,108400533274,2室2厅,170,南海,简装,86平米,暂无数据,2003
东北,金沙洲,有,33,中海金沙湾B区,108400121440,3室2厅,260,南海,简装,102.33平米,暂无数据,2011
南 北,金沙洲,有,14,时代糖果一期,108400266663,2室2厅,141,南海,精装,78.25平米,63.91㎡,未知
西北,金沙洲,有,33,中海金沙湾B区,108400335532,2室2厅,200,南海,简装,86平米,暂无数据,未知
东南,金沙洲,有,32,恒大御景湾,108400119651,2室2厅,208,南海,精装,90平米,暂无数据,2007
西北,金沙洲,无,9,万科四季花城茉莉苑,108400120448,3室2厅,210,南海,精装,91.99平米,暂无数据,2002
西南,金沙洲,有,9,万科四季花城提香公寓,108400121081,2室2厅,188,南海,精装,82.27平米,暂无数据,未知
西南,金沙洲,无,6,万科四季花城米兰苑,108400121280,2室2厅,168,南海,精装,72.48平米,暂无数据,2002
西北,金沙洲,有,33,中海金沙湾B区,108400130392,2室2厅,249,南海,精装,82.99平米,69.78㎡,未知
东南,金沙洲,有,23,万科四季花城俪姗美筑,108400143428,2室2厅,140,南海,精装,67.86平米,暂无数据,2008
南,金沙洲,有,31,敏捷花城里,108400312669,3室2厅,200,南海,精装,103平米,103㎡,未知
南,金沙洲,无,8,沙面新城,108300000462,3室2厅,158,南海,简装,105平米,暂无数据,2003
北,金沙洲,有,34,时代水岸,108400405353,3室1厅,180,南海,精装,82平米,暂无数据,2016
东南,金沙洲,无,6,万科四季花城百合苑,108400120345,2室2厅,185,南海,精装,72平米,61.77㎡,2002
东北,金沙洲,有,33,中海金沙湾B区,108400122318,3室2厅,280,南海,简装,102平米,暂无数据,未知
东南,金沙洲,有,33,恒大御景湾,108400222919,2室2厅,240,南海,精装,92.71平米,暂无数据,未知
东南,金沙洲,有,33,中海金沙湾C区,108400284412,4室2厅,560,南海,简装,187平米,暂无数据,未知
西北,金沙洲,有,11,万科四季花城影湖居,108400352311,3室2厅,450,南海,精装,148平米,121.1㎡,未知
南 北,金沙洲,有,33,中海金沙湾A区,108400359055,3室2厅,325,南海,简装,117.24平米,暂无数据,2008
东南,金沙洲,无,6,万科四季花城米兰苑,108400399803,3室2厅,350,南海,精装,111平米,98.68㎡,未知
南 北,金沙洲,无,7,沙面新城,108400409017,3室2厅,210,南海,简装,151.7平米,暂无数据,2003
东南,金沙洲,有,33,中海金沙湾C区,108400410756,3室2厅,400,南海,简装,153平米,暂无数据,未知
东南 西,金沙洲,有,21,万科四季花城灏山美筑,108400451707,3室2厅,220,南海,精装,101.97平米,80.38㎡,未知
东南,金沙洲,有,33,中海金沙湾B区,108400453001,4室2厅,580,南海,简装,187平米,暂无数据,未知
东南,金沙洲,有,31,恒大御景半岛,108400486629,4室2厅,460,南海,精装,177平米,暂无数据,未知
南,金沙洲,有,27,白天鹅花园,108400512236,4室2厅,368,南海,简装,176平米,暂无数据,2006
南,金沙洲,有,33,中海金沙湾A区,108400517832,3室2厅,350,南海,精装,123平米,99.45㎡,未知
东,金沙洲,有,58,恒大御景湾,108400549738,3室2厅,230,南海,精装,89平米,暂无数据,未知
南,金沙洲,有,27,白天鹅花园,108400567276,4室2厅,320,南海,简装,146.07平米,118.02㎡,2006
南 北,金沙洲,有,8,白天鹅花园,108300001326,3室2厅,210,南海,精装,114平米,暂无数据,2006
东,金沙洲,有,31,恒大御景半岛,108400436286,3室2厅,295,南海,精装,127平米,127㎡,未知
东,金沙洲,有,18,时代糖果二期,108400438708,3室2厅,150,南海,精装,77.5平米,61.57㎡,未知
南,金沙洲,有,33,时代水岸,108400501224,3室2厅,260,南海,精装,95平米,77.76㎡,2019
东南,金沙洲,有,33,中海金沙湾A区,108400507639,3室2厅,330,南海,简装,119.27平米,暂无数据,未知
西南,金沙洲,有,45,金名都,108400532843,3室2厅,260,南海,精装,92平米,暂无数据,未知
南 北,金沙洲,有,33,中海金沙湾C区,108400536984,4室2厅,650,南海,精装,187平米,暂无数据,未知
西南,金沙洲,有,18,时代糖果二期,108400565521,3室2厅,185,南海,精装,88平米,69.66㎡,未知
东南,金沙洲,有,45,金名都,108400565808,3室2厅,263,南海,精装,90.67平米,暂无数据,2017
西南,金沙洲,有,31,恒大御景半岛,108400582328,4室2厅,370,南海,其他,160平米,暂无数据,未知
东南,金沙洲,有,26,金名都,108400587977,3室2厅,258,南海,精装,93.7平米,暂无数据,2015
南 北,金沙洲,有,33,恒大御景湾,108400593339,2室2厅,230,南海,精装,90平米,暂无数据,未知
东,金沙洲,有,31,恒大御景半岛,108400608640,3室2厅,235,南海,精装,97平米,暂无数据,未知
东,金沙洲,有,31,恒大御景半岛,108400608666,3室2厅,300,南海,精装,126.31平米,100.54㎡,未知
东南,金沙洲,有,8,新荔湾花园,108400618070,3室2厅,128,南海,精装,103.6平米,暂无数据,未知
东南,金沙洲,有,36,星港城,108400625369,2室1厅,240,南海,精装,113.56平米,74.16㎡,未知
东北,金沙洲,有,14,时代糖果一期,108400630650,1室1厅,108,南海,其他,57平米,暂无数据,未知
南 北,金沙洲,有,44,金名都,108400631624,3室1厅,280,南海,精装,96.68平米,70.45㎡,未知
南,金沙洲,有,18,时代糖果二期,108400634949,4室2厅,210,南海,精装,111.39平米,91.02㎡,未知
西北,金沙洲,有,45,金名都,108400635913,2室2厅,193,南海,精装,80平米,暂无数据,2017
东,金沙洲,有,31,恒大御景半岛,108400636520,3室2厅,330,南海,精装,126平米,暂无数据,未知
西南,金沙洲,暂无数据,6,万科四季花城碧榕苑,108400639190,3室2厅,180,南海,其他,88.81平米,78.6㎡,未知
东南,金沙洲,有,17,万科四季花城尚山美筑,108400640855,4室2厅,270,南海,精装,123.54平米,110㎡,2007
西南,金沙洲,有,33,中海金沙湾A区,108400641295,4室2厅,438,南海,精装,140平米,暂无数据,未知
东 东北,金沙洲,有,45,金名都,108400641513,2室2厅,190,南海,简装,79平米,暂无数据,2015
南 北,金沙洲,有,6,万科四季花城蔷薇苑,108400641633,4室2厅,280,南海,精装,104平米,暂无数据,未知
东南,金沙洲,有,48,中海金沙里,108400641951,4室2厅,438,南海,其他,130.63平米,105㎡,未知
东南,金沙洲,有,31,恒大御景半岛,108400642149,3室2厅,280,南海,精装,97平米,暂无数据,未知
东南,金沙洲,有,45,金名都,108400642409,3室2厅,255,南海,精装,90.76平米,69.47㎡,2017
东南,金沙洲,有,48,中海金沙里,108400642703,4室2厅,410,南海,精装,132平米,暂无数据,未知
西南,金沙洲,有,48,中海金沙里,108400643361,3室2厅,285,南海,精装,107平米,暂无数据,未知
东南,金沙洲,无,3,万科四季花城富竹轩,108400644208,6室3厅,500,南海,精装,133平米,暂无数据,2002
南 北,金沙洲,有,31,恒大御景半岛,108400644259,4室2厅,560,南海,精装,201.19平米,暂无数据,未知
东北,金沙洲,有,33,中海金沙湾A区,108400645322,2室2厅,195,南海,精装,85.38平米,69.98㎡,未知
东,金沙洲,有,9,万科四季花城茉莉苑,108400646867,3室2厅,210,南海,精装,91.5平米,88㎡,未知
东南,金沙洲,有,16,万科四季花城悦山美筑,108400649578,4室2厅,280,南海,其他,121.29平米,120㎡,未知
西北,金沙洲,有,48,中海金沙里,108400652145,3室2厅,230,南海,精装,89平米,暂无数据,未知
东,金沙洲,有,31,恒大御景半岛,108400652635,3室1厅,210,南海,其他,97平米,暂无数据,未知
南 北,金沙洲,有,33,中海金沙湾B区,108400656526,4室2厅,430,南海,精装,148平米,暂无数据,2011
东,金沙洲,有,32,恒大御景湾,108400658726,2室2厅,230,南海,精装,91平米,暂无数据,未知
西南,金沙洲,有,26,金名都,108400661128,3室2厅,225,南海,简装,87平米,暂无数据,2017
西北,金沙洲,有,26,金名都,108400661174,3室2厅,240,南海,精装,93平米,暂无数据,2017
西北,金沙洲,有,33,中海金沙湾A区,108400664336,2室1厅,195,南海,其他,84.57平米,暂无数据,未知
东,金沙洲,有,33,恒大御景湾,108400665370,3室1厅,252,南海,其他,90平米,暂无数据,未知
西北,金沙洲,有,45,金名都,108400668463,3室1厅,250,南海,精装,88.62平米,暂无数据,2017
东南,金沙洲,有,21,万科四季花城灏山美筑,108400121299,3室2厅,420,南海,精装,115平米,90㎡,2004
西南,金沙洲,有,33,中海金沙湾A区,108200030265,4室2厅,420,南海,精装,152平米,暂无数据,2007
东 东南,金沙洲,有,31,恒大御景半岛,108400117167,4室2厅,360,南海,精装,158.21平米,127.41㎡,2007
东,金沙洲,有,31,恒大御景半岛,108400454265,3室2厅,335,南海,精装,140.1平米,111.52㎡,未知
东北,金沙洲,有,33,中海金沙湾A区,108200024693,2室2厅,210,南海,简装,83平米,暂无数据,2007
南 北,金沙洲,有,34,敏捷花城里,108400023801,3室2厅,205,南海,其他,102.72平米,83.32㎡,未知
东,金沙洲,无,6,万科四季花城百合苑,108400120334,3室2厅,230,南海,精装,90.41平米,79.8㎡,未知
西南,金沙洲,有,33,中海金沙湾B区,108400120617,4室2厅,420,南海,精装,152.18平米,124.69㎡,2010
西南,金沙洲,有,18,时代糖果二期,108400050896,3室2厅,180,南海,精装,87.68平米,69.66㎡,2012
东,金沙洲,有,31,恒大御景半岛,108400635580,4室2厅,500,南海,精装,202平米,暂无数据,未知
东,金沙洲,有,31,恒大御景半岛,108200007768,4室2厅,534,南海,其他,178平米,暂无数据,未知
西南,金沙洲,无,6,万科四季花城铃兰苑,108400120408,3室2厅,330,南海,简装,108.77平米,98.06㎡,2003
东北,金沙洲,有,33,中海金沙湾A区,108400121467,2室2厅,200,南海,精装,82.9平米,69.72㎡,2009
西南,金沙洲,有,33,中海金沙湾B区,108400259817,4室2厅,450,南海,精装,153.21平米,124.71㎡,2010
东南,金沙洲,无,6,万科四季花城玫瑰苑,108400396124,2室2厅,140,南海,精装,69.24平米,60㎡,未知
西南,金沙洲,无,6,万科四季花城百合苑,108400624987,2室2厅,185,南海,精装,76.85平米,67㎡,未知
东,金沙洲,有,31,恒大御景半岛,108400023261,4室2厅,430,南海,精装,160平米,暂无数据,2010
东,金沙洲,有,31,恒大御景半岛,108400397696,4室2厅,490,南海,精装,202.98平米,161.27㎡,未知
东南,金沙洲,有,19,时代糖果一期,108200061134,3室2厅,215,南海,精装,94.12平米,暂无数据,未知
东南,金沙洲,有,31,恒大御景半岛,108400066004,4室2厅,420,南海,精装,158.21平米,127.41㎡,2007
东南,金沙洲,有,33,中海金沙湾C区,108400122435,5室2厅,680,南海,其他,210.38平米,166.38㎡,2013
东南,金沙洲,无,5,万科四季花城牡丹苑,108400167243,3室2厅,240,南海,精装,113.39平米,101.26㎡,2002
东南,金沙洲,无,3,万科四季花城云竹轩,108400297260,3室2厅,490,南海,精装,132.29平米,暂无数据,2002
西南,金沙洲,无,3,万科四季花城涛竹轩,108400317200,3室2厅,450,南海,精装,124.65平米,113.7㎡,未知
西北,金沙洲,无,5,万科四季花城天竹轩,108400331871,4室3厅,450,南海,精装,143平米,暂无数据,2008
东南,金沙洲,有,33,中海金沙湾A区,108400175366,3室2厅,298,南海,精装,122.92平米,104.49㎡,未知
北,金沙洲,无,7,沙面新城,108300000932,2室2厅,115,南海,简装,76平米,暂无数据,2016
东南,金沙洲,有,31,恒大御景半岛,108400104945,4室2厅,465,南海,精装,202平米,暂无数据,未知
东 南,金沙洲,有,23,万科四季花城俪姗美筑,108400120495,2室2厅,150,南海,精装,67.86平米,53.67㎡,2008
西南,金沙洲,有,33,中海金沙湾B区,108400120790,3室2厅,280,南海,精装,104.17平米,84.26㎡,未知
北,金沙洲,有,6,万科四季花城芙蓉苑,108400121049,2室2厅,195,南海,简装,76.73平米,66.98㎡,2005
西南,金沙洲,有,9,万科四季花城提香公寓,108400425595,2室2厅,155,南海,精装,81平米,64.38㎡,未知
东北,金沙洲,有,16,万科四季花城俪姗美筑,108400625577,2室1厅,140,南海,精装,69平米,49.5㎡,未知
南,金沙洲,有,20,星港城,108400121680,2室1厅,84,南海,毛坯,56平米,39.89㎡,2016
东,金沙洲,有,31,恒大御景半岛,108200007763,4室2厅,450,南海,精装,201平米,163㎡,2010
东,金沙洲,有,31,恒大御景半岛,108200007767,3室2厅,423,南海,其他,141平米,暂无数据,2009
东北,金沙洲,有,6,万科四季花城海棠苑,108200015877,4室2厅,250,南海,精装,92平米,暂无数据,2002
南,金沙洲,有,31,恒大御景半岛,108200060446,4室2厅,900,南海,其他,337平米,暂无数据,1998
西北,金沙洲,有,30,时代水岸,108400000897,3室2厅,200,南海,其他,83平米,暂无数据,2016
南,金沙洲,有,18,时代糖果三期,108200014917,2室1厅,160,南海,精装,75.84平米,暂无数据,2013
西南,金沙洲,有,17,时代糖果二期,108400070174,2室1厅,130,南海,精装,57平米,44.5㎡,未知
南 北,金沙洲,有,33,中海金沙湾B区,108200060308,3室2厅,350,南海,简装,117平米,暂无数据,未知
西南,金沙洲,无,3,万科四季花城富竹轩,108400120962,4室2厅,580,南海,精装,203.41平米,暂无数据,2003
南,金沙洲,无,6,万科四季花城百合苑,108400126252,4室2厅,250,南海,精装,78.94平米,暂无数据,2004
东,金沙洲,有,33,中海金沙湾C区,108400223616,5室2厅,672,南海,其他,210平米,暂无数据,未知
南,金沙洲,有,18,时代糖果三期,108400533089,4室2厅,230,南海,简装,115.64平米,95.12㎡,2013
东南,金沙洲,有,45,金名都,108400058526,3室1厅,245,南海,精装,88.95平米,68.84㎡,2011
东北,金沙洲,有,18,时代糖果三期,108400100395,2室2厅,145,南海,精装,74.94平米,61.57㎡,2013
南,金沙洲,有,18,时代糖果三期,108400113450,2室2厅,160,南海,简装,75.85平米,61.57㎡,2013
东南,金沙洲,有,31,恒大御景半岛,108400117152,3室1厅,248,南海,精装,96.39平米,77.66㎡,2007
东北,金沙洲,有,18,时代糖果三期,108400120248,3室2厅,175,南海,精装,89.61平米,71.74㎡,未知
北,金沙洲,有,33,中海金沙湾A区,108200002397,3室2厅,345,南海,精装,131平米,暂无数据,2009
南 北,金沙洲,有,14,时代糖果一期,108200013372,1室1厅,350,南海,其他,62.59平米,暂无数据,未知
东,金沙洲,有,14,时代糖果一期,108400071118,3室2厅,190,南海,精装,94.73平米,暂无数据,2008
西北,金沙洲,有,33,中海金沙湾B区,108400080461,2室2厅,200,南海,简装,82.99平米,69.78㎡,未知
东南,金沙洲,有,33,中海金沙湾C区,108400104922,3室2厅,460,南海,其他,153平米,131.24㎡,2012
南,金沙洲,有,33,中海金沙湾A区,108400119581,3室2厅,300,南海,简装,119.43平米,99.03㎡,未知
东南,金沙洲,有,18,时代糖果三期,108400119686,2室2厅,150,南海,其他,77平米,暂无数据,2013
西南,金沙洲,有,33,中海金沙湾B区,108400119899,3室2厅,270,南海,精装,99.69平米,83.95㎡,未知
东南,金沙洲,有,16,万科四季花城悦山美筑,108400120460,3室2厅,240,南海,精装,113.18平米,90.48㎡,2007
东南,金沙洲,有,11,万科四季花城悦山美筑,108400121277,3室2厅,300,南海,精装,125.8平米,100.75㎡,未知
西北,金沙洲,有,17,万科四季花城尚山美筑,108400121290,3室2厅,300,南海,精装,123.54平米,102.2㎡,2007
东南,金沙洲,有,21,万科四季花城灏山美筑,108400121333,3室2厅,180,南海,精装,103.25平米,暂无数据,未知
东,金沙洲,有,6,万科四季花城碧榕苑,108400121334,3室2厅,220,南海,精装,88.31平米,78.92㎡,2008
西南,金沙洲,有,33,中海金沙湾B区,108400121434,3室2厅,270,南海,精装,98.83平米,83.23㎡,2013
东北,金沙洲,有,33,中海金沙湾A区,108400121637,2室2厅,220,南海,精装,82.58平米,70.18㎡,未知
东北,金沙洲,有,33,中海金沙湾A区,108400121706,2室2厅,190,南海,简装,82.59平米,暂无数据,未知
东北,金沙洲,有,45,金名都,108400125871,2室2厅,210,南海,精装,80.12平米,61.28㎡,2017
东南 东北,金沙洲,有,6,万科四季花城碧榕苑,108400127415,2室2厅,160,南海,精装,73.4平米,暂无数据,2011
南,金沙洲,有,18,时代糖果三期,108400166844,3室1厅,160,南海,精装,78平米,61.57㎡,未知
南,金沙洲,无,6,万科四季花城丹桂苑,108400175381,3室2厅,310,南海,精装,107.61平米,96.44㎡,未知
东南,金沙洲,有,33,中海金沙湾A区,108400180402,3室2厅,320,南海,精装,127.98平米,105.12㎡,未知
西北,金沙洲,无,6,万科四季花城荷花苑,108400191969,2室2厅,180,南海,简装,77.33平米,67.89㎡,未知
南,金沙洲,有,17,时代糖果二期,108400337930,3室1厅,180,南海,其他,77.66平米,61.57㎡,未知
东南,金沙洲,有,18,万科四季花城云山美筑,108400343412,3室2厅,240,南海,精装,111平米,99㎡,未知
东北,金沙洲,有,33,中海金沙湾B区,108400415237,3室2厅,280,南海,精装,101.47平米,84.28㎡,2005
西南,金沙洲,有,33,中海金沙湾A区,108400475141,3室2厅,268,南海,简装,100平米,暂无数据,未知
东,金沙洲,有,12,沙面新城,108400492078,2室2厅,158,南海,简装,86平米,72.5㎡,2003
南,金沙洲,无,8,新荔湾花园,108300000790,3室1厅,180,南海,简装,103平米,暂无数据,1998
东,金沙洲,无,8,沙面新城,108400000115,3室2厅,190,南海,简装,121平米,暂无数据,2003
东北,金沙洲,有,33,中海金沙湾A区,108400372847,2室2厅,190,南海,精装,85.4平米,69.75㎡,未知
南,金沙洲,有,33,中海金沙湾A区,108400531612,3室2厅,355,南海,精装,133.34平米,108.62㎡,未知
西南,金沙洲,有,45,金名都,108200009328,2室2厅,226,南海,精装,79.06平米,暂无数据,2017
北,金沙洲,有,11,金名都,108200013757,3室1厅,210,南海,精装,80平米,暂无数据,2013
北,金沙洲,有,9,白天鹅花园,108300003022,3室1厅,190,南海,简装,112平米,暂无数据,2006
南,金沙洲,无,8,沙面新城,108300007091,4室2厅,244,南海,简装,158平米,暂无数据,2003
北,金沙洲,有,14,沙面新城,108300021649,4室2厅,220,南海,简装,113平米,113㎡,2003
南 北,金沙洲,有,18,时代糖果三期,108400583034,3室2厅,160,南海,精装,74.91平米,暂无数据,未知
南,金沙洲,有,30,时代水岸,108400120553,3室2厅,200,南海,精装,82平米,暂无数据,2016
南 北,金沙洲,有,17,时代糖果二期,108400585404,3室2厅,165,南海,精装,75.35平米,61.57㎡,未知
南,金沙洲,有,31,恒大御景半岛,108200007749,3室2厅,375,南海,精装,140.1平米,111.52㎡,2007
南,金沙洲,有,18,时代糖果三期,108200012956,3室2厅,190,南海,简装,88.31平米,暂无数据,2013
南,金沙洲,有,21,沙面新城,108300010984,4室2厅,410,南海,精装,165平米,暂无数据,2003
南,金沙洲,有,8,白天鹅花园,108300019485,4室2厅,245,南海,简装,150.2平米,暂无数据,2006
南,金沙洲,无,5,沙面新城,108400035802,5室2厅,266,南海,简装,166平米,暂无数据,2003
东南,金沙洲,无,8,白天鹅花园,108400382198,5室2厅,223,南海,简装,177.76平米,暂无数据,2006
南,金沙洲,有,45,金名都,108400462622,4室2厅,480,南海,精装,172平米,暂无数据,2013
西南,金沙洲,有,45,金名都,108200014941,2室2厅,220,南海,精装,80.01平米,暂无数据,2017
南 北,金沙洲,有,33,中海金沙湾C区,108400120814,5室2厅,612,南海,精装,198.03平米,156.34㎡,2012
南,金沙洲,无,8,新荔湾花园,108400184375,2室1厅,88,南海,精装,63平米,暂无数据,1998
北,金沙洲,有,17,岐海苑,108400306648,2室1厅,130,南海,简装,83平米,暂无数据,1993
东,金沙洲,有,15,沙面新城,108400378328,3室2厅,183,南海,精装,111平米,暂无数据,2003
东,金沙洲,有,31,恒大御景半岛,108200007777,3室2厅,420,南海,其他,139.94平米,暂无数据,2008
东南,金沙洲,有,31,恒大御景半岛,108200018149,4室2厅,560,南海,精装,202平米,暂无数据,2010
东南,金沙洲,有,31,恒大御景半岛,108200028093,3室2厅,360,南海,精装,127平米,暂无数据,2008
北,金沙洲,无,5,沙面新城,108300010521,5室2厅,400,南海,简装,208平米,暂无数据,2003
西,金沙洲,有,21,沙面新城,108300012104,4室2厅,253,南海,精装,121平米,111㎡,2003
南,金沙洲,有,27,白天鹅花园,108300012323,4室2厅,360,南海,其他,175平米,暂无数据,2006
东北,金沙洲,有,14,沙面新城,108400001720,4室2厅,388,南海,精装,166平米,暂无数据,2003
东,金沙洲,有,6,万科四季花城蔷薇苑,108400018237,6室2厅,320,南海,其他,108平米,暂无数据,2012
东,金沙洲,有,15,沙面新城,108400054138,4室2厅,280,南海,简装,166平米,暂无数据,2003
南,金沙洲,有,31,恒大御景半岛,108400070260,4室2厅,400,南海,其他,160平米,暂无数据,1998
南,金沙洲,有,33,中海金沙湾A区,108400119598,4室2厅,420,南海,其他,144.16平米,暂无数据,未知
北,金沙洲,有,3,万科四季花城紫竹轩,108400120907,4室2厅,580,南海,简装,198平米,暂无数据,2004
东南,金沙洲,有,11,万科四季花城影湖居,108400120925,3室2厅,430,南海,精装,144.75平米,暂无数据,2005
东,金沙洲,有,11,万科四季花城悦山美筑,108400120970,3室2厅,270,南海,精装,124.13平米,暂无数据,2015
东,金沙洲,有,12,万科四季花城伴山美筑,108400121253,4室3厅,340,南海,精装,118.61平米,100㎡,未知
东,金沙洲,无,5,万科四季花城天竹轩,108400121346,3室2厅,280,南海,精装,79.09平米,暂无数据,2012
西南,金沙洲,有,33,中海金沙湾A区,108400121629,4室2厅,450,南海,其他,144.65平米,暂无数据,未知
南,金沙洲,有,33,中海金沙湾A区,108400122068,4室2厅,460,南海,精装,143平米,暂无数据,未知
东南,金沙洲,有,33,中海金沙湾C区,108400122397,5室2厅,548,南海,精装,210平米,暂无数据,未知
东南,金沙洲,有,33,中海金沙湾C区,108400145432,3室2厅,520,南海,精装,150平米,暂无数据,未知
东南,金沙洲,有,33,中海金沙湾C区,108400156999,4室2厅,580,南海,精装,189平米,暂无数据,未知
东南,金沙洲,有,33,中海金沙湾C区,108400164315,3室2厅,550,南海,精装,158.43平米,暂无数据,未知
西南 东北,金沙洲,无,6,万科四季花城芙蓉苑,108400165273,3室2厅,260,南海,精装,83.66平米,暂无数据,2010
南,金沙洲,有,31,恒大御景半岛,108400176496,4室2厅,500,南海,精装,162平米,暂无数据,未知
东南,金沙洲,无,3,万科四季花城富竹轩,108400201714,5室2厅,530,南海,精装,200平米,暂无数据,2006
东北,金沙洲,有,3,万科四季花城云竹轩,108400208606,5室2厅,730,南海,精装,203平米,暂无数据,2007
南,金沙洲,有,31,恒大御景半岛,108400373037,4室2厅,330,南海,精装,135平米,暂无数据,未知
东南,金沙洲,有,31,恒大御景半岛,108400378071,4室2厅,500,南海,精装,202平米,暂无数据,未知
东,金沙洲,有,31,恒大御景半岛,108400438689,4室2厅,620,南海,精装,177平米,暂无数据,未知
东南,金沙洲,有,18,时代糖果三期,108400598712,3室2厅,185,南海,精装,90.18平米,71.74㎡,未知
东南,金沙洲,有,14,沙面新城,108400463801,4室2厅,200,南海,精装,140平米,93.98㎡,2003
东南,金沙洲,有,31,恒大御景半岛,108200007761,3室2厅,250,南海,精装,97.29平米,暂无数据,2008
西南,金沙洲,有,18,时代糖果三期,108200010383,3室2厅,210,南海,精装,90平米,暂无数据,未知
东,金沙洲,有,33,恒大御景湾,108200010708,2室2厅,248,南海,精装,91平米,暂无数据,2013
北,金沙洲,有,8,新荔湾花园,108300021761,2室1厅,95.2,南海,其他,68平米,暂无数据,1998
东南,金沙洲,有,48,中海金沙里,108400117018,4室2厅,430,南海,其他,132平米,暂无数据,未知
东南,金沙洲,有,31,恒大御景半岛,108400117043,4室2厅,390,南海,精装,160.27平米,暂无数据,未知
北,金沙洲,有,33,中海金沙湾B区,108400119879,3室2厅,335,南海,简装,130.77平米,暂无数据,未知
南,金沙洲,有,48,中海金沙里,108400120689,3室2厅,250,南海,精装,89平米,暂无数据,未知
东北,金沙洲,有,31,敏捷花城里,108400121011,3室2厅,205,南海,其他,102.81平米,暂无数据,2016
南,金沙洲,有,6,万科四季花城海棠苑,108400121380,3室2厅,195,南海,精装,89平米,暂无数据,未知
东南,金沙洲,无,6,万科四季花城荷花苑,108400121391,2室2厅,190,南海,其他,78平米,暂无数据,2002
西南,金沙洲,有,33,中海金沙湾A区,108400121472,3室2厅,294.7,南海,其他,98.22平米,暂无数据,2009
东南,金沙洲,有,33,中海金沙湾B区,108400121922,3室2厅,295,南海,精装,115平米,暂无数据,未知
西北,金沙洲,有,11,万科四季花城影湖居,108400182621,3室2厅,450,南海,精装,144.75平米,122.05㎡,2002
西南,金沙洲,有,17,时代糖果二期,108400203407,1室1厅,109,南海,简装,57平米,暂无数据,2010
南 北,金沙洲,无,8,沙面新城,108400232973,3室1厅,125,南海,简装,79平米,暂无数据,2003
北,金沙洲,无,9,沙面新城,108400299400,5室3厅,370,南海,简装,197平米,暂无数据,2003
西北,金沙洲,有,33,中海金沙湾B区,108400313700,3室2厅,300,南海,简装,107平米,暂无数据,未知
东南,金沙洲,有,16,万科四季花城悦山美筑,108400447771,3室2厅,240,南海,简装,104.63平米,暂无数据,未知
东南,金沙洲,有,18,时代糖果三期,108400471219,2室2厅,190,南海,精装,77平米,暂无数据,未知
西南,金沙洲,有,11,万科四季花城影湖居,108400624303,3室2厅,400,南海,精装,128.31平米,108.19㎡,未知
南,金沙洲,有,16,万科四季花城俪姗美筑,108400624684,2室2厅,160,南海,精装,70.49平米,50.57㎡,未知
东南,金沙洲,有,18,时代糖果一期,108400626306,3室2厅,250,南海,其他,91.8平米,暂无数据,未知
西北,金沙洲,无,6,万科四季花城玉兰苑,108400512502,2室2厅,168,南海,简装,79.88平米,70.31㎡,未知
东,金沙洲,有,20,星港城,108400119956,2室2厅,93,南海,毛坯,55.13平米,暂无数据,2016
西北,金沙洲,有,33,中海金沙湾A区,108400122129,2室2厅,230,南海,精装,86平米,暂无数据,未知
西北,金沙洲,有,33,中海金沙湾B区,108400145248,3室2厅,310,南海,精装,112.73平米,暂无数据,未知
东,金沙洲,有,20,星港城,108400190268,2室2厅,157,南海,精装,78.47平米,暂无数据,2016
东南,金沙洲,有,45,金名都,108200009776,2室2厅,200,南海,精装,77.14平米,暂无数据,2013
西,金沙洲,有,18,时代糖果三期,108200012599,3室2厅,210,南海,其他,90平米,暂无数据,未知
东南,金沙洲,有,16,万科四季花城悦山美筑,108200018742,3室2厅,280,南海,其他,108平米,暂无数据,2008
北,金沙洲,无,7,沙面新城,108300009348,2室2厅,123,南海,简装,75平米,暂无数据,2003
南 北,金沙洲,有,34,时代水岸,108400090205,3室2厅,215,南海,精装,93.29平米,暂无数据,2016
南,金沙洲,有,12,沙面新城,108400178503,3室2厅,220,南海,简装,112平米,暂无数据,2003
东南,金沙洲,有,8,新荔湾花园,108400045670,1室1厅,25,南海,其他,27平米,暂无数据,未知
东,金沙洲,有,31,恒大御景半岛,108200007747,4室2厅,760,南海,其他,275平米,暂无数据,2010
南,金沙洲,有,48,中海金沙里,108200013231,3室2厅,340,南海,精装,106.11平米,暂无数据,2008
西北,金沙洲,有,45,金名都,108200019139,2室2厅,195,南海,精装,80.03平米,暂无数据,2017
南,金沙洲,无,5,万科四季花城天竹轩,108200019758,3室2厅,230,南海,精装,105.53平米,暂无数据,2003
南 北,金沙洲,有,8,沙面新城,108300000408,4室2厅,220,南海,简装,159平米,暂无数据,2003
南,金沙洲,无,8,沙面新城,108300001204,2室1厅,120,南海,简装,75平米,75㎡,2016
北,金沙洲,有,12,沙面新城,108300008725,2室2厅,189,南海,简装,85.88平米,暂无数据,2003
北,金沙洲,无,7,沙面新城,108400011302,2室2厅,118,南海,简装,76平米,暂无数据,2000
南,金沙洲,无,7,沙面新城,108400028352,2室2厅,120,南海,简装,76平米,暂无数据,2003
西,金沙洲,无,7,沙面新城,108400320128,3室2厅,120,南海,简装,79.07平米,暂无数据,2003
东南,金沙洲,有,31,恒大御景半岛,108400320297,3室2厅,360,南海,精装,140平米,暂无数据,未知
东南,金沙洲,无,5,沙面新城,108400477807,3室2厅,175,南海,简装,106.8平米,暂无数据,2003
东南,金沙洲,有,33,中海金沙湾A区,108200006374,3室1厅,395,南海,其他,128平米,暂无数据,未知
东,金沙洲,有,18,时代糖果三期,108200009269,2室2厅,155,南海,简装,77.46平米,61.56㎡,2013
南,金沙洲,有,18,时代糖果三期,108200013388,2室2厅,165,南海,简装,75.81平米,暂无数据,2013
西南,金沙洲,有,34,敏捷花城里,108200061484,3室2厅,170,南海,简装,83.9平米,68.04㎡,2013
南,金沙洲,无,8,沙面新城,108300000454,2室1厅,115,南海,简装,79平米,暂无数据,2003
南,金沙洲,无,8,沙面新城,108300002766,3室2厅,183,南海,简装,122平米,暂无数据,2003
东北,金沙洲,有,18,时代糖果一期,108400026399,3室2厅,200,南海,精装,91.75平米,暂无数据,2008
南,金沙洲,无,8,沙面新城,108400053384,3室2厅,150,南海,简装,79平米,暂无数据,2003
北,金沙洲,有,27,白天鹅花园,108400086524,2室1厅,188,南海,精装,93.7平米,暂无数据,2006
东南,金沙洲,有,26,金名都,108400120207,3室2厅,260,南海,其他,91平米,暂无数据,2017
南,金沙洲,有,8,白天鹅花园,108400122004,2室2厅,115,南海,精装,80平米,暂无数据,2006
南,金沙洲,无,8,沙面新城,108400150643,3室2厅,135,南海,简装,79.07平米,暂无数据,2003
北,金沙洲,无,5,沙面新城,108400355864,4室2厅,310,南海,简装,196平米,暂无数据,2003
南 东,金沙洲,有,8,新荔湾花园,108400403182,3室2厅,130,南海,简装,93.7平米,暂无数据,2003
北,金沙洲,无,7,沙面新城,108400486237,2室1厅,120,南海,简装,79.6平米,暂无数据,2003
南,金沙洲,有,20,星港城,108400119914,2室2厅,80,南海,毛坯,55平米,暂无数据,2016
南 北,金沙洲,有,20,星港城,108400119915,1室1厅,134,南海,其他,78.6平米,暂无数据,2016
东南,金沙洲,有,20,星港城,108400120880,2室1厅,138.3,南海,其他,79平米,暂无数据,2016
东南,金沙洲,有,23,万科四季花城灏山美筑,108400217392,3室2厅,280,南海,精装,114.85平米,93.26㎡,未知
南,金沙洲,有,18,时代糖果一期,108400266967,3室2厅,200,南海,精装,91.8平米,暂无数据,未知
南,金沙洲,有,33,中海金沙湾B区,108400360843,4室2厅,453,南海,精装,151平米,124.72㎡,2010
西南,金沙洲,有,33,中海金沙湾B区,108400610349,3室2厅,265,南海,简装,98.83平米,暂无数据,未知
西北,金沙洲,有,33,中海金沙湾B区,108200006422,2室1厅,250,南海,其他,86平米,暂无数据,2010
东,金沙洲,有,31,恒大御景半岛,108200007748,3室2厅,305,南海,精装,97平米,暂无数据,2008
东南,金沙洲,有,26,金名都,108200010744,2室1厅,220,南海,其他,80平米,暂无数据,2014
南,金沙洲,有,18,时代糖果三期,108200015557,3室2厅,180,南海,精装,75.83平米,61.57㎡,2013
东北,金沙洲,有,17,时代糖果二期,108200016442,3室2厅,195,南海,其他,87.31平米,68.22㎡,2012
西北,金沙洲,有,32,金名都,108200020902,3室2厅,270,南海,其他,91平米,暂无数据,2017
东南,金沙洲,有,33,恒大御景湾,108200060844,2室2厅,280,南海,其他,92平米,暂无数据,未知
东南,金沙洲,有,8,新荔湾花园,108300000002,3室2厅,130,南海,简装,90平米,暂无数据,1998
南,金沙洲,有,8,沙面新城,108300000216,4室2厅,251.3,南海,简装,159平米,暂无数据,2003
南,金沙洲,有,8,白天鹅花园,108300011677,1室1厅,71,南海,其他,48.87平米,暂无数据,2006
北,金沙洲,有,27,白天鹅花园,108300011977,2室2厅,200,南海,精装,94平米,暂无数据,2006
南,金沙洲,无,7,沙面新城,108300012328,3室2厅,208,南海,精装,121.5平米,110㎡,2003
南,金沙洲,有,8,白天鹅花园,108300020063,2室1厅,138,南海,简装,78平米,暂无数据,2006
东,金沙洲,有,32,金名都,108400045151,2室1厅,210,南海,其他,80平米,暂无数据,2017
北,金沙洲,有,14,时代糖果一期,108400050710,1室1厅,108,南海,精装,56.99平米,44.24㎡,未知
北,金沙洲,有,14,沙面新城,108400063560,4室2厅,315.4,南海,简装,166平米,暂无数据,2003
东,金沙洲,有,14,时代糖果一期,108400071124,2室1厅,105,南海,简装,57平米,暂无数据,2008
北,金沙洲,无,7,沙面新城,108400089468,2室2厅,140,南海,精装,79平米,暂无数据,2003
东南,金沙洲,有,33,时代水岸,108400100179,3室1厅,250,南海,精装,94.38平米,暂无数据,2019
东南,金沙洲,无,8,新荔湾花园,108400101557,2室1厅,90,南海,简装,70.9平米,暂无数据,未知
东北,金沙洲,有,45,金名都,108400117282,3室1厅,270,南海,精装,91平米,暂无数据,2017
西南,金沙洲,有,33,中海金沙湾B区,108400119583,3室2厅,380,南海,精装,129.48平米,暂无数据,2010
南,金沙洲,有,18,时代糖果三期,108400119731,2室2厅,160,南海,精装,77平米,暂无数据,未知
北,金沙洲,有,15,时代糖果一期,108400120145,2室2厅,155,南海,精装,79.96平米,暂无数据,2008
南,金沙洲,有,18,时代糖果三期,108400120171,3室2厅,240,南海,其他,117平米,暂无数据,2011
东北,金沙洲,有,18,时代糖果三期,108400120232,3室2厅,240,南海,其他,117平米,暂无数据,未知
南,金沙洲,有,12,万科四季花城伴山美筑,108400120331,3室2厅,235,南海,精装,108平米,暂无数据,2012
西南,金沙洲,有,9,万科四季花城蔷薇苑,108400120363,3室2厅,248,南海,精装,110.33平米,暂无数据,2008
西北,金沙洲,无,6,万科四季花城百合苑,108400120394,2室2厅,170,南海,简装,75.6平米,67.57㎡,未知
东北,金沙洲,无,6,万科四季花城百合苑,108400120518,2室2厅,180,南海,简装,76.4平米,暂无数据,2005
南,金沙洲,有,3,万科四季花城文竹轩,108400121264,3室2厅,358,南海,精装,119平米,暂无数据,2002
南,金沙洲,有,16,万科四季花城俪姗美筑,108400121271,2室2厅,140,南海,精装,69平米,暂无数据,未知
西北,金沙洲,有,6,万科四季花城米兰苑,108400121400,3室2厅,200,南海,精装,92.7平米,暂无数据,2004
西北,金沙洲,无,6,万科四季花城玉兰苑,108400121425,2室2厅,185,南海,精装,77.19平米,暂无数据,2003
南 北,金沙洲,有,33,中海金沙湾C区,108400121470,3室2厅,470,南海,精装,158平米,暂无数据,2013
东南,金沙洲,有,33,中海金沙湾C区,108400121684,3室2厅,550,南海,简装,153.65平米,暂无数据,未知
北,金沙洲,有,33,中海金沙湾A区,108400121756,3室2厅,335,南海,精装,132.67平米,暂无数据,未知
西南,金沙洲,有,33,中海金沙湾A区,108400122128,3室2厅,410,南海,其他,128平米,暂无数据,未知
西北,金沙洲,有,33,中海金沙湾B区,108400130404,2室2厅,205,南海,精装,85.87平米,暂无数据,未知
东北,金沙洲,有,33,中海金沙湾B区,108400143987,3室2厅,280,南海,其他,105平米,暂无数据,2009
南,金沙洲,有,33,中海金沙湾A区,108400145290,3室2厅,290,南海,精装,113.96平米,暂无数据,未知
南,金沙洲,有,27,白天鹅花园,108400149137,3室2厅,308,南海,精装,147平米,暂无数据,2006
南,金沙洲,有,6,万科四季花城碧榕苑,108400149595,2室2厅,180,南海,精装,77.98平米,暂无数据,未知
西南,金沙洲,有,33,中海金沙湾A区,108400153335,3室1厅,300,南海,精装,100.06平米,83.88㎡,未知
西北,金沙洲,有,45,金名都,108400155263,3室2厅,336,南海,其他,120平米,暂无数据,2017
西南,金沙洲,有,48,中海金沙里,108400155360,3室2厅,250,南海,其他,89平米,暂无数据,未知
西,金沙洲,无,8,新荔湾花园,108400175576,3室2厅,116.5,南海,简装,106平米,暂无数据,未知
南,金沙洲,有,32,恒大御景湾,108400193407,2室1厅,250,南海,其他,90平米,暂无数据,未知
西北,金沙洲,无,6,万科四季花城荷花苑,108400202590,2室2厅,160,南海,精装,77.11平米,暂无数据,2004
西南,金沙洲,有,18,时代糖果二期,108400202792,3室2厅,220,南海,精装,87平米,暂无数据,未知
南,金沙洲,有,33,中海金沙湾A区,108400208555,3室2厅,440,南海,精装,147.42平米,暂无数据,未知
西南,金沙洲,有,32,金名都,108400224010,3室2厅,235,南海,精装,91.23平米,暂无数据,2017
南 北,金沙洲,有,11,万科四季花城影湖居,108400224986,3室2厅,330,南海,精装,144.75平米,暂无数据,未知
西南,金沙洲,无,7,沙面新城,108400251883,3室2厅,180,南海,精装,121平米,暂无数据,2003
东南,金沙洲,无,6,万科四季花城玉兰苑,108400266729,3室2厅,250,南海,精装,108平米,暂无数据,2002
西北,金沙洲,有,48,中海金沙里,108400274286,3室2厅,230,南海,精装,89平米,暂无数据,未知
南,金沙洲,有,8,新荔湾花园,108400279642,2室1厅,105,南海,精装,76平米,暂无数据,未知
南,金沙洲,有,33,中海金沙湾A区,108400289828,3室2厅,340,南海,其他,123平米,暂无数据,未知
南,金沙洲,无,8,新荔湾花园,108400292073,2室1厅,95,南海,简装,63平米,暂无数据,未知
东南,金沙洲,无,6,万科四季花城丹桂苑,108400295163,4室2厅,350,南海,精装,109.44平米,暂无数据,2002
南,金沙洲,有,31,沙面新城,108400301186,3室1厅,332,南海,毛坯,158平米,暂无数据,2003
西南,金沙洲,有,33,中海金沙湾B区,108400303408,3室2厅,365,南海,精装,131平米,107.36㎡,2000
东南,金沙洲,有,20,星港城,108400321077,2室1厅,90,南海,简装,56.43平米,暂无数据,2016
南,金沙洲,有,33,金名都,108400345753,5室2厅,530,南海,毛坯,187平米,暂无数据,2013
北,金沙洲,有,11,金名都,108400352747,2室2厅,195,南海,精装,74平米,暂无数据,2013
西南,金沙洲,有,33,中海金沙湾C区,108400358446,3室2厅,500,南海,精装,152平米,暂无数据,未知
南 北,金沙洲,有,33,中海金沙湾B区,108400372309,3室2厅,330,南海,精装,123平米,暂无数据,未知
东南,金沙洲,有,34,敏捷花城里,108400409108,3室2厅,230,南海,精装,104平米,暂无数据,未知
南,金沙洲,有,26,金名都,108400431431,2室2厅,225,南海,精装,80平米,暂无数据,2015
西南,金沙洲,有,45,金名都,108400479491,3室2厅,225,南海,其他,86.3平米,暂无数据,2015
东南,金沙洲,有,9,万科四季花城提香公寓,108400480318,1室1厅,120,南海,其他,49.92平米,38.58㎡,未知
西,金沙洲,有,21,沙面新城,108400486282,4室2厅,350,南海,精装,166平米,暂无数据,2003
南,金沙洲,有,33,中海金沙湾A区,108400119851,3室2厅,380,南海,其他,117.24平米,99.11㎡,2008
东南,金沙洲,有,33,中海金沙湾A区,108400462104,3室2厅,300,南海,简装,125.33平米,106.02㎡,未知
东,金沙洲,有,20,星港城,108400119953,2室2厅,93,南海,毛坯,55.13平米,暂无数据,2016
北,金沙洲,无,1,万科四季花城商铺,108400418482,1室1厅,100,南海,简装,42.91平米,40㎡,未知
东北,金沙洲,有,33,中海金沙湾B区,108200006446,2室2厅,230,南海,精装,83平米,暂无数据,2013
南,金沙洲,无,7,沙面新城,108300009347,2室2厅,130,南海,简装,79平米,暂无数据,2003
西南,金沙洲,有,33,中海金沙湾B区,108400577261,3室2厅,270,南海,其他,104平米,84.48㎡,未知
东南,金沙洲,有,18,时代糖果一期,108400589194,3室2厅,230,南海,精装,92平米,90㎡,未知
东南,金沙洲,有,11,万科四季花城影湖居,108400597216,3室2厅,390,南海,精装,121.96平米,102.83㎡,未知
南,金沙洲,有,33,中海金沙湾B区,108200006428,3室2厅,300,南海,其他,99.54平米,暂无数据,2012
南,金沙洲,无,8,新荔湾花园,108300002256,2室1厅,88,南海,简装,68.8平米,暂无数据,未知
东,金沙洲,有,8,沙面新城,108300009876,2室2厅,120,南海,简装,79平米,暂无数据,2003
西南,金沙洲,有,34,敏捷花城里,108400011618,2室1厅,175,南海,精装,83.85平米,68.02㎡,未知
北,金沙洲,有,8,白天鹅花园,108400016712,1室1厅,60,南海,简装,48.62平米,暂无数据,2006
东南,金沙洲,有,17,时代糖果二期,108400496837,4室2厅,232,南海,精装,88平米,暂无数据,未知
东南,金沙洲,有,33,中海金沙湾C区,108200005878,4室2厅,620,南海,其他,198平米,暂无数据,2012
西南,金沙洲,有,17,时代糖果二期,108200011311,3室1厅,190,南海,其他,87平米,暂无数据,2010
西北,金沙洲,有,8,白天鹅花园,108400067119,1室1厅,65,南海,其他,45平米,暂无数据,2006
东,金沙洲,有,20,星港城,108400121916,1室1厅,82,南海,其他,55平米,暂无数据,2016
南,金沙洲,有,34,时代水岸,108400189500,3室2厅,256,南海,精装,92.95平米,75.29㎡,2016
南,金沙洲,有,34,时代水岸,108400189501,3室2厅,256,南海,精装,92.95平米,75.29㎡,2016
西,金沙洲,有,20,星港城,108400193611,2室1厅,95,南海,其他,56平米,暂无数据,2016
东北,金沙洲,有,16,万科四季花城俪姗美筑,108400354272,2室2厅,130,南海,精装,69平米,49.5㎡,未知
东南,金沙洲,有,8,新荔湾花园,108400446104,2室1厅,89,南海,简装,71.9平米,暂无数据,1998
东南,金沙洲,有,8,沙面新城,108400086312,2室1厅,110,南海,简装,79.07平米,暂无数据,2003
西北,金沙洲,有,33,中海金沙湾B区,108400418872,2室2厅,196,南海,精装,86平米,70.36㎡,2010
东南,金沙洲,有,33,中海金沙湾C区,108400635609,5室2厅,620,南海,精装,210平米,176.4㎡,2009
西北,金沙洲,无,1,万科四季花城商铺,108400489309,1室0厅,150,南海,精装,42平米,暂无数据,2012
西北,金沙洲,有,33,中海金沙湾B区,108400122514,3室1厅,285,南海,简装,103.68平米,暂无数据,未知
东北,金沙洲,有,33,中海金沙湾A区,108400371952,2室2厅,240,南海,精装,85平米,暂无数据,未知
西南,金沙洲,有,33,中海金沙湾C区,108400397608,3室2厅,400,南海,精装,151.16平米,暂无数据,未知
东南,金沙洲,有,18,万科四季花城云山美筑,108400566440,3室2厅,260,南海,精装,120.26平米,98.33㎡,2005
南,金沙洲,有,8,新荔湾花园,108300001246,3室2厅,150,南海,简装,116.66平米,97.5㎡,1998
东 东南,金沙洲,有,31,恒大御景半岛,108400354114,3室2厅,330,南海,精装,125.04平米,100.71㎡,未知
东,金沙洲,有,31,恒大御景半岛,108400529755,3室2厅,410,南海,精装,177平米,暂无数据,未知
南,金沙洲,有,20,星港城,108400119958,2室2厅,93,南海,精装,55.13平米,暂无数据,2016
西,金沙洲,有,20,星港城,108400129064,1室1厅,80,南海,精装,55.61平米,暂无数据,2016
西南,金沙洲,有,33,中海金沙湾B区,108200002342,4室2厅,555,南海,简装,188平米,暂无数据,2010
北,金沙洲,无,9,沙面新城,108400084574,3室2厅,170,南海,简装,106平米,暂无数据,2003
南,金沙洲,有,21,万科四季花城灏山美筑,108400224067,3室2厅,240,南海,简装,115.9平米,暂无数据,未知
东北,金沙洲,有,18,时代糖果三期,108400206520,3室2厅,180,南海,其他,89平米,71.74㎡,未知
南,金沙洲,有,18,时代糖果三期,108400290925,4室1厅,200,南海,精装,90.15平米,71.74㎡,2013
东,金沙洲,有,31,恒大御景半岛,108400397743,4室2厅,550,南海,精装,202.98平米,161.27㎡,未知
东北,金沙洲,有,17,时代糖果二期,108400507553,3室2厅,165,南海,简装,77平米,61.57㎡,未知
西,金沙洲,无,1,万科四季花城商铺,108400120481,1室0厅,100,南海,简装,50平米,暂无数据,2002
南,金沙洲,有,32,沙面新城,108300009862,3室2厅,350,南海,毛坯,173平米,暂无数据,2003
东,金沙洲,有,18,时代糖果一期,108400071125,3室1厅,163,南海,其他,79.15平米,63.9㎡,未知
东南 东北,金沙洲,有,33,恒大御景湾,108400116719,2室1厅,260,南海,精装,92平米,暂无数据,未知
东北,金沙洲,有,18,时代糖果三期,108400120107,3室2厅,235,南海,精装,114.72平米,93.23㎡,2013
北,金沙洲,有,18,时代糖果三期,108400120138,3室2厅,265,南海,精装,114.72平米,93.23㎡,2009
西,金沙洲,有,16,万科四季花城伴山美筑,108400120318,3室2厅,250,南海,精装,111.35平米,90㎡,2008
南,金沙洲,有,12,万科四季花城伴山美筑,108400120377,3室2厅,200,南海,简装,106平米,90㎡,未知
西北,金沙洲,有,9,万科四季花城提香公寓,108400120395,1室1厅,105,南海,精装,49.92平米,38.58㎡,2010
南,金沙洲,无,5,万科四季花城牡丹苑,108400120922,3室2厅,260,南海,精装,109.16平米,97.48㎡,2005
东南,金沙洲,有,18,万科四季花城云山美筑,108400121417,3室2厅,280,南海,精装,110平米,90.48㎡,2002
东,金沙洲,有,34,敏捷花城里,108400145035,2室2厅,135,南海,精装,72.7平米,58.98㎡,未知
东北,金沙洲,有,33,中海金沙湾A区,108400145343,2室2厅,220,南海,简装,82.42平米,69.72㎡,未知
北,金沙洲,有,33,中海金沙湾A区,108400148155,3室2厅,350,南海,精装,132.67平米,暂无数据,未知
南 北,金沙洲,有,18,时代糖果一期,108400150172,3室2厅,249,南海,其他,128.67平米,暂无数据,2008
东南,金沙洲,有,16,万科四季花城俪姗美筑,108400154173,2室2厅,160,南海,精装,71.34平米,51.18㎡,未知
东南 东北,金沙洲,有,16,万科四季花城俪姗美筑,108400157961,2室2厅,150,南海,简装,69平米,58㎡,未知
东南,金沙洲,有,23,万科四季花城俪姗美筑,108400163474,2室2厅,145,南海,精装,67.86平米,53.67㎡,2008
南 北,金沙洲,有,23,万科四季花城俪姗美筑,108400225708,2室1厅,163,南海,简装,72平米,56.3㎡,2008
西南,金沙洲,有,33,中海金沙湾A区,108400245686,3室2厅,299.6,南海,精装,106.98平米,86.66㎡,未知
东南,金沙洲,无,6,嘉莉诗花园,108400264652,3室2厅,167,南海,其他,124.15平米,暂无数据,未知
东,金沙洲,有,31,恒大御景半岛,108400284772,3室2厅,460,南海,精装,178平米,暂无数据,未知
东南 北,金沙洲,无,5,万科四季花城天竹轩,108400313810,3室2厅,185,南海,简装,97平米,89㎡,未知
南,金沙洲,有,33,中海金沙湾B区,108400319713,4室2厅,480,南海,精装,187平米,160.59㎡,未知
东南,金沙洲,无,6,万科四季花城米兰苑,108400320322,2室2厅,170,南海,精装,74.45平米,63.65㎡,2003
东南,金沙洲,有,48,中海金沙里,108400352366,3室2厅,260,南海,精装,89.72平米,71.84㎡,未知
南 北,金沙洲,有,33,中海金沙湾B区,108400377364,3室2厅,370,南海,精装,122平米,暂无数据,2000
东南,金沙洲,有,31,恒大御景半岛,108400384557,3室2厅,238,南海,精装,96.39平米,77.66㎡,未知
南,金沙洲,无,5,沙面新城,108400388570,4室2厅,260,南海,精装,106.81平米,暂无数据,2003
东南,金沙洲,有,48,中海金沙里,108400415611,4室2厅,360,南海,精装,130.57平米,105.77㎡,未知
东北,金沙洲,有,33,中海金沙湾B区,108400420722,2室2厅,300,南海,精装,88平米,72.61㎡,2005
西南,金沙洲,有,33,中海金沙湾B区,108400434707,3室1厅,265,南海,精装,104.16平米,84.26㎡,未知
东北,金沙洲,有,6,万科四季花城海棠苑,108400437173,3室2厅,230,南海,精装,89.67平米,76.85㎡,未知
西南,金沙洲,有,45,金名都,108400477697,4室2厅,430,南海,精装,172.06平米,123.73㎡,2010
东南,金沙洲,有,16,万科四季花城俪姗美筑,108400483637,2室1厅,130,南海,简装,71.34平米,51.18㎡,未知
东南,金沙洲,无,6,万科四季花城茉莉苑,108400490382,3室2厅,230,南海,精装,88.51平米,78.34㎡,未知
南 北,金沙洲,有,33,中海金沙湾A区,108400501691,3室2厅,400,南海,精装,122.89平米,暂无数据,未知
东南,金沙洲,无,6,万科四季花城牡丹苑,108400503973,3室2厅,238,南海,精装,108平米,97㎡,未知
西南,金沙洲,有,33,中海金沙湾A区,108400504603,3室2厅,310,南海,其他,122.95平米,104.49㎡,未知
东南,金沙洲,有,31,恒大御景半岛,108400505721,3室2厅,270,南海,精装,96.39平米,77.66㎡,未知
东北,金沙洲,有,33,中海金沙湾A区,108400508690,2室2厅,200,南海,其他,86平米,69㎡,未知
北,金沙洲,有,18,时代糖果三期,108400533221,3室2厅,170,南海,精装,77平米,61.57㎡,未知
西南,金沙洲,无,11,万科四季花城影湖居,108400533837,4室2厅,590,南海,精装,242.27平米,204.28㎡,未知
东南,金沙洲,有,5,万科四季花城玫瑰苑,108400544214,3室2厅,265,南海,精装,108平米,96㎡,未知
东南,金沙洲,无,6,万科四季花城丹枫苑,108400553687,3室1厅,205,南海,其他,91平米,暂无数据,未知
东北,金沙洲,有,17,万科四季花城尚山美筑,108400554469,3室2厅,235,南海,精装,97平米,暂无数据,2007
西北,金沙洲,无,5,万科四季花城天竹轩,108400555391,3室2厅,430,南海,简装,138平米,126㎡,未知
东南 西南 北,金沙洲,有,6,万科四季花城米兰苑,108400566076,2室2厅,175,南海,精装,79.13平米,69.5㎡,2008
东南,金沙洲,有,31,恒大御景半岛,108400570935,4室2厅,620,南海,精装,208.46平米,173.46㎡,未知
东南,金沙洲,无,3,万科四季花城雅竹轩,108400572576,3室2厅,450,南海,简装,133平米,114.25㎡,2002
东南,金沙洲,有,26,金名都,108400617098,3室2厅,268,南海,精装,93.39平米,暂无数据,2017
东,金沙洲,无,9,沙面新城,108200061346,3室2厅,248,南海,简装,95平米,暂无数据,2003
东南,金沙洲,无,8,沙面新城,108400283642,4室2厅,260,南海,精装,159平米,暂无数据,2003
南,金沙洲,有,33,中海金沙湾A区,108200006339,3室2厅,320,南海,精装,117.24平米,暂无数据,2008
南,金沙洲,有,33,中海金沙湾C区,108200006391,5室2厅,635,南海,精装,198平米,暂无数据,2011
西南,金沙洲,有,33,中海金沙湾A区,108200006472,3室2厅,295,南海,其他,101.91平米,暂无数据,2006
南,金沙洲,有,9,沙面新城,108300002252,2室1厅,130,南海,简装,80平米,80㎡,2003
东北,金沙洲,有,33,中海金沙湾B区,108400117229,4室2厅,415,南海,精装,148.7平米,暂无数据,2011
西南,金沙洲,有,33,中海金沙湾B区,108400120623,3室2厅,360,南海,精装,131平米,暂无数据,2009
西北,金沙洲,有,33,中海金沙湾B区,108400136449,2室2厅,220,南海,其他,85.63平米,暂无数据,2005
东南,金沙洲,有,33,中海金沙湾C区,108400150531,3室2厅,480,南海,精装,154.34平米,131.24㎡,未知
南 北,金沙洲,有,33,中海金沙湾B区,108400158747,3室2厅,330,南海,精装,125.19平米,101.99㎡,2010
西南,金沙洲,有,33,中海金沙湾A区,108400165800,3室2厅,255,南海,精装,98平米,76㎡,未知
北,金沙洲,有,30,时代水岸,108400185333,3室2厅,220,南海,精装,83.85平米,暂无数据,2016
西,金沙洲,有,20,星港城,108400193614,2室1厅,95,南海,精装,56平米,暂无数据,2016
北,金沙洲,有,32,时代水岸,108400216397,3室2厅,220,南海,精装,82平米,暂无数据,2016
西,金沙洲,有,12,沙面新城,108400299027,2室1厅,168,南海,简装,85平米,暂无数据,2003
南 北,金沙洲,有,11,金名都,108400454290,2室1厅,200,南海,精装,80平米,暂无数据,2013
西,金沙洲,有,26,金名都,108400492539,3室2厅,245,南海,精装,88平米,暂无数据,2017
南,金沙洲,有,27,白天鹅花园,108400512302,4室2厅,387,南海,简装,176平米,暂无数据,2006
西北,金沙洲,有,33,中海金沙湾A区,108400524259,0室0厅,195,南海,精装,84平米,75㎡,未知
南,金沙洲,有,14,沙面新城,108400534444,3室2厅,188,南海,简装,112平米,暂无数据,2003
西南,金沙洲,有,33,中海金沙湾B区,108400567997,4室2厅,420,南海,精装,152平米,暂无数据,未知
西南,金沙洲,有,15,时代糖果一期,108200010325,3室2厅,200,南海,精装,95平米,暂无数据,2008
西南,金沙洲,有,32,金名都,108400473237,3室2厅,240,南海,精装,88平米,67.67㎡,2017
南 北,金沙洲,有,33,中海金沙湾A区,108200006312,3室2厅,310,南海,精装,120.47平米,暂无数据,2007
西南,金沙洲,有,33,中海金沙湾A区,108200006375,3室2厅,260,南海,其他,103平米,暂无数据,未知
西北,金沙洲,有,33,中海金沙湾B区,108200006381,2室2厅,260,南海,精装,86平米,暂无数据,2010
东南,金沙洲,有,31,恒大御景半岛,108200007769,3室2厅,520,南海,其他,180平米,140.26㎡,2019
东南,金沙洲,有,31,恒大御景半岛,108200007775,4室2厅,570,南海,其他,202平米,162.01㎡,1998
东,金沙洲,有,45,金名都,108200009982,2室1厅,200,南海,其他,79.5平米,暂无数据,2015
东北,金沙洲,有,18,时代糖果三期,108200016811,2室2厅,180,南海,其他,77平米,暂无数据,2013
南,金沙洲,有,9,白天鹅花园,108300001406,3室2厅,143,南海,其他,95.43平米,73.04㎡,2006
北,金沙洲,有,8,白天鹅花园,108300001526,1室1厅,68,南海,简装,50平米,暂无数据,2006
南,金沙洲,有,8,沙面新城,108300002310,2室1厅,110,南海,简装,76平米,暂无数据,2003
北,金沙洲,有,45,金名都,108300008205,2室2厅,208,南海,其他,80.03平米,暂无数据,2017
东,金沙洲,有,8,白天鹅花园,108300009516,1室1厅,62,南海,其他,49平米,43㎡,2006
西北,金沙洲,无,8,新荔湾花园,108300009642,2室2厅,100,南海,简装,69.35平米,暂无数据,未知
西北,金沙洲,有,14,沙面新城,108300010223,4室2厅,320,南海,其他,166平米,暂无数据,2003
北,金沙洲,有,8,新荔湾花园,108300010394,1室0厅,35,南海,简装,25平米,暂无数据,未知
东,金沙洲,有,31,恒大御景半岛,108400045492,4室2厅,500,南海,简装,200平米,暂无数据,2010
东南,金沙洲,无,6,万科四季花城荷花苑,108400047124,4室2厅,250,南海,其他,78.71平米,69.1㎡,2002
北,金沙洲,有,30,时代水岸,108400065681,3室2厅,226.8,南海,精装,84平米,暂无数据,2016
东北,金沙洲,有,17,时代糖果二期,108400119698,2室2厅,165,南海,其他,77平米,暂无数据,未知
东北,金沙洲,有,18,时代糖果三期,108400120068,2室2厅,160,南海,其他,77平米,暂无数据,未知
西南,金沙洲,有,19,时代糖果一期,108400120215,3室2厅,230,南海,其他,122平米,暂无数据,2013
北,金沙洲,有,18,时代糖果三期,108400120220,2室2厅,157,南海,精装,74.91平米,暂无数据,2013
东北,金沙洲,有,14,时代糖果一期,108400120226,3室1厅,182,南海,精装,92平米,暂无数据,2008
南,金沙洲,有,18,时代糖果三期,108400120289,2室2厅,160,南海,其他,77平米,暂无数据,未知
东北,金沙洲,有,6,万科四季花城茉莉苑,108400120510,3室2厅,210,南海,精装,89.87平米,暂无数据,2008
西北,金沙洲,有,33,中海金沙湾B区,108400120522,2室2厅,228,南海,简装,86平米,暂无数据,2010
西南,金沙洲,有,6,万科四季花城米兰苑,108400121429,2室2厅,170,南海,精装,80.37平米,暂无数据,2000
南,金沙洲,有,33,中海金沙湾C区,108400121708,4室2厅,560,南海,其他,186.43平米,暂无数据,未知
东北,金沙洲,有,33,中海金沙湾A区,108400122304,2室2厅,210,南海,精装,85平米,暂无数据,未知
东南,金沙洲,有,33,中海金沙湾A区,108400122400,4室2厅,400,南海,其他,145.46平米,暂无数据,2005
东,金沙洲,有,8,新荔湾花园,108400124997,2室1厅,100,南海,其他,67平米,暂无数据,1998
东南,金沙洲,有,33,中海金沙湾C区,108400140708,4室2厅,600,南海,精装,187平米,暂无数据,未知
东北,金沙洲,有,34,时代水岸,108400150199,3室2厅,220,南海,其他,83平米,暂无数据,2016
南,金沙洲,有,18,时代糖果三期,108400167224,2室1厅,163,南海,简装,77.4平米,暂无数据,未知
东北,金沙洲,有,6,万科四季花城茉莉苑,108400174396,3室2厅,165,南海,精装,90平米,暂无数据,2002
南,金沙洲,有,34,时代水岸,108400189480,3室2厅,256,南海,精装,92.95平米,72.59㎡,2016
南,金沙洲,有,34,时代水岸,108400189499,3室2厅,256,南海,精装,92.95平米,75.29㎡,2016
西南,金沙洲,有,18,时代糖果二期,108400192098,1室2厅,105,南海,精装,57平米,暂无数据,未知
西北,金沙洲,无,5,万科四季花城天竹轩,108400246296,4室3厅,340,南海,精装,125.32平米,114.34㎡,2002
南,金沙洲,有,8,白天鹅花园,108400280860,2室2厅,168,南海,简装,85平米,暂无数据,2006
东南,金沙洲,有,31,恒大御景半岛,108400349329,3室2厅,280,南海,精装,97平米,暂无数据,未知
东南,金沙洲,有,31,恒大御景半岛,108400380736,3室1厅,360,南海,精装,144平米,暂无数据,未知
东,金沙洲,有,8,白天鹅花园,108400409239,2室2厅,120,南海,简装,85平米,暂无数据,2006
西南,金沙洲,有,8,新荔湾花园,108400433792,2室1厅,108,南海,简装,70平米,暂无数据,1998
东 西,金沙洲,有,9,白天鹅花园,108400435939,3室2厅,205,南海,简装,128平米,暂无数据,2006
西南,金沙洲,有,5,万科四季花城海棠苑,108400438797,4室2厅,420,南海,精装,136平米,暂无数据,2003
西北,金沙洲,有,9,白天鹅花园,108400450891,2室2厅,115,南海,精装,68.5平米,暂无数据,2006
东北,金沙洲,有,31,敏捷花城里,108400459574,3室2厅,200,南海,毛坯,107平米,暂无数据,未知
西南,金沙洲,有,17,万科四季花城尚山美筑,108400462174,4室2厅,350,南海,其他,124.03平米,暂无数据,2007
东,金沙洲,有,34,恒大御景湾,108400471789,2室2厅,220,南海,精装,92.77平米,暂无数据,未知
东南,金沙洲,有,23,万科四季花城俪姗美筑,108400473394,2室2厅,140,南海,简装,64平米,51㎡,2008
东 北,金沙洲,有,14,时代糖果一期,108400489076,1室1厅,125,南海,简装,57.5平米,暂无数据,未知
西北,金沙洲,有,32,时代水岸,108400489757,3室2厅,213,南海,精装,82平米,暂无数据,2016
西南,金沙洲,有,48,中海金沙里,108400490424,3室2厅,235,南海,精装,88平米,暂无数据,未知
东,金沙洲,无,3,万科四季花城富竹轩,108400498953,3室2厅,360,南海,精装,118.72平米,109.19㎡,2002
西北,金沙洲,无,4,万科四季花城翠竹轩,108400501970,3室2厅,650,南海,其他,160平米,140㎡,未知
西南,金沙洲,有,9,万科四季花城提香公寓,108400503802,1室1厅,100,南海,精装,37.42平米,28.92㎡,未知
东 东南,金沙洲,有,18,万科四季花城云山美筑,108400504721,3室2厅,230,南海,其他,101.73平米,83.17㎡,未知
东北,金沙洲,有,14,时代糖果一期,108400526818,2室2厅,98,南海,精装,56.99平米,44.24㎡,未知
南,金沙洲,有,33,时代水岸,108400529638,3室2厅,222,南海,简装,95平米,77.76㎡,2019
东,金沙洲,有,31,恒大御景半岛,108400534878,4室2厅,460,南海,其他,160.63平米,136.65㎡,未知
东北,金沙洲,有,48,中海金沙里,108400537877,4室2厅,390,南海,精装,132平米,暂无数据,未知
南 北,金沙洲,有,14,时代糖果一期,108400555442,1室1厅,130,南海,精装,57平米,暂无数据,未知
南,金沙洲,有,30,时代水岸,108400569618,3室2厅,235,南海,简装,98.06平米,77.45㎡,2016
东南,金沙洲,有,34,时代水岸,108400571084,4室1厅,283,南海,简装,113.11平米,暂无数据,2016
西北,金沙洲,有,34,时代水岸,108400603583,3室2厅,191,南海,精装,82平米,66.23㎡,2016
西南,金沙洲,有,33,中海金沙湾B区,108400639448,3室2厅,335,南海,其他,129.4平米,暂无数据,2010
西南,金沙洲,有,14,沙面新城,108400644269,7室2厅,338,南海,简装,162平米,暂无数据,2003
东北,金沙洲,有,23,万科四季花城俪姗美筑,108400646202,2室1厅,150,南海,精装,71.23平米,56.34㎡,2008
西北,金沙洲,有,33,中海金沙湾B区,108400654877,2室2厅,210,南海,精装,85平米,70.26㎡,2005
东南,金沙洲,有,23,万科四季花城俪姗美筑,108400656271,2室2厅,140,南海,其他,64.7平米,暂无数据,2008
东南 西北,金沙洲,有,23,万科四季花城俪姗美筑,108400657020,2室2厅,140,南海,精装,65.17平米,暂无数据,2008
东北,金沙洲,有,14,时代糖果一期,108400661523,2室1厅,98,南海,其他,56.99平米,44.24㎡,未知
东北,金沙洲,有,48,中海金沙里,108400663981,3室2厅,290,南海,精装,107平米,107㎡,未知
南,金沙洲,有,31,恒大御景半岛,108200007732,3室2厅,520,南海,其他,186平米,暂无数据,2009
南,金沙洲,有,33,恒大御景湾,108200011555,2室2厅,270,南海,其他,92.71平米,暂无数据,2008
南,金沙洲,有,33,中海金沙湾A区,108200006363,3室2厅,332,南海,其他,117.7平米,暂无数据,未知
